InstitutionId,InstitutionName,col_cat,Value,Period
25054,INVESTEC BANK LTD,A_operational,25018265.0,2008-01-01
25054,INVESTEC BANK LTD,B_notice_short,34190774.0,2008-01-01
25054,INVESTEC BANK LTD,C_savings,3644414.0,2008-01-01
25054,INVESTEC BANK LTD,D_term_wholesale,46293749.0,2008-01-01
333107,CAPITEC BANK,A_operational,11405.0,2008-01-01
333107,CAPITEC BANK,B_notice_short,154970.0,2008-01-01
333107,CAPITEC BANK,C_savings,792174.0,2008-01-01
333107,CAPITEC BANK,D_term_wholesale,533372.0,2008-01-01
34118,ABSA BANK LTD,A_operational,160965437.0,2008-01-01
34118,ABSA BANK LTD,B_notice_short,58512346.0,2008-01-01
34118,ABSA BANK LTD,C_savings,37107306.0,2008-01-01
34118,ABSA BANK LTD,D_term_wholesale,173556732.0,2008-01-01
416053,FIRSTRAND BANK LIMITED,A_operational,203586729.33,2008-01-01
416053,FIRSTRAND BANK LIMITED,B_notice_short,54329914.48,2008-01-01
416053,FIRSTRAND BANK LIMITED,C_savings,1728164.86,2008-01-01
416053,FIRSTRAND BANK LIMITED,D_term_wholesale,109145507.5,2008-01-01
416061,THE STANDARD BANK OF S A LTD,A_operational,186259643.0,2008-01-01
416061,THE STANDARD BANK OF S A LTD,B_notice_short,43665564.0,2008-01-01
416061,THE STANDARD BANK OF S A LTD,C_savings,32253554.0,2008-01-01
416061,THE STANDARD BANK OF S A LTD,D_term_wholesale,148557231.0,2008-01-01
416088,NEDBANK LTD,A_operational,161828806.0,2008-01-01
416088,NEDBANK LTD,B_notice_short,51937525.0,2008-01-01
416088,NEDBANK LTD,C_savings,8127110.0,2008-01-01
416088,NEDBANK LTD,D_term_wholesale,112956194.0,2008-01-01
TOTAL,*TOTAL*,A_operational,796124454.0699999,2008-01-01
TOTAL,*TOTAL*,B_notice_short,260586934.66,2008-01-01
TOTAL,*TOTAL*,C_savings,86125911.86,2008-01-01
TOTAL,*TOTAL*,D_term_wholesale,657757249.4,2008-01-01
25054,INVESTEC BANK LTD,A_operational,24983120.0,2008-02-01
25054,INVESTEC BANK LTD,B_notice_short,29761437.0,2008-02-01
25054,INVESTEC BANK LTD,C_savings,4548967.0,2008-02-01
25054,INVESTEC BANK LTD,D_term_wholesale,52828345.0,2008-02-01
333107,CAPITEC BANK,A_operational,62533.0,2008-02-01
333107,CAPITEC BANK,B_notice_short,46206.0,2008-02-01
333107,CAPITEC BANK,C_savings,842191.0,2008-02-01
333107,CAPITEC BANK,D_term_wholesale,585363.0,2008-02-01
34118,ABSA BANK LTD,A_operational,152280834.0,2008-02-01
34118,ABSA BANK LTD,B_notice_short,68267471.0,2008-02-01
34118,ABSA BANK LTD,C_savings,39035060.0,2008-02-01
34118,ABSA BANK LTD,D_term_wholesale,175868027.0,2008-02-01
416053,FIRSTRAND BANK LIMITED,A_operational,195485658.07000002,2008-02-01
416053,FIRSTRAND BANK LIMITED,B_notice_short,48418621.19,2008-02-01
416053,FIRSTRAND BANK LIMITED,C_savings,1730288.7800000003,2008-02-01
416053,FIRSTRAND BANK LIMITED,D_term_wholesale,124185330.07000001,2008-02-01
416061,THE STANDARD BANK OF S A LTD,A_operational,190195054.0,2008-02-01
416061,THE STANDARD BANK OF S A LTD,B_notice_short,31161898.0,2008-02-01
416061,THE STANDARD BANK OF S A LTD,C_savings,32473288.0,2008-02-01
416061,THE STANDARD BANK OF S A LTD,D_term_wholesale,156576503.0,2008-02-01
416088,NEDBANK LTD,A_operational,149601293.0,2008-02-01
416088,NEDBANK LTD,B_notice_short,53670532.0,2008-02-01
416088,NEDBANK LTD,C_savings,8233420.0,2008-02-01
416088,NEDBANK LTD,D_term_wholesale,128333269.0,2008-02-01
TOTAL,*TOTAL*,A_operational,769361598.1,2008-02-01
TOTAL,*TOTAL*,B_notice_short,249260152.87,2008-02-01
TOTAL,*TOTAL*,C_savings,89398092.78,2008-02-01
TOTAL,*TOTAL*,D_term_wholesale,711332579.15,2008-02-01
25054,INVESTEC BANK LTD,A_operational,31512602.0,2008-03-01
25054,INVESTEC BANK LTD,B_notice_short,29737147.0,2008-03-01
25054,INVESTEC BANK LTD,C_savings,2787462.0,2008-03-01
25054,INVESTEC BANK LTD,D_term_wholesale,49146139.0,2008-03-01
333107,CAPITEC BANK,A_operational,39730.0,2008-03-01
333107,CAPITEC BANK,B_notice_short,29467.0,2008-03-01
333107,CAPITEC BANK,C_savings,817201.0,2008-03-01
333107,CAPITEC BANK,D_term_wholesale,629350.0,2008-03-01
34118,ABSA BANK LTD,A_operational,160107263.0,2008-03-01
34118,ABSA BANK LTD,B_notice_short,63661709.0,2008-03-01
34118,ABSA BANK LTD,C_savings,40039949.0,2008-03-01
34118,ABSA BANK LTD,D_term_wholesale,175675841.0,2008-03-01
416053,FIRSTRAND BANK LIMITED,A_operational,208385409.33,2008-03-01
416053,FIRSTRAND BANK LIMITED,B_notice_short,41534390.29,2008-03-01
416053,FIRSTRAND BANK LIMITED,C_savings,1732201.07,2008-03-01
416053,FIRSTRAND BANK LIMITED,D_term_wholesale,124948751.12,2008-03-01
416061,THE STANDARD BANK OF S A LTD,A_operational,158568424.0,2008-03-01
416061,THE STANDARD BANK OF S A LTD,B_notice_short,81995651.0,2008-03-01
416061,THE STANDARD BANK OF S A LTD,C_savings,32508017.0,2008-03-01
416061,THE STANDARD BANK OF S A LTD,D_term_wholesale,160238606.0,2008-03-01
416088,NEDBANK LTD,A_operational,165413580.0,2008-03-01
416088,NEDBANK LTD,B_notice_short,60748700.0,2008-03-01
416088,NEDBANK LTD,C_savings,8251923.0,2008-03-01
416088,NEDBANK LTD,D_term_wholesale,119576472.0,2008-03-01
TOTAL,*TOTAL*,A_operational,778187141.26,2008-03-01
TOTAL,*TOTAL*,B_notice_short,299706933.56,2008-03-01
TOTAL,*TOTAL*,C_savings,88674452.07,2008-03-01
TOTAL,*TOTAL*,D_term_wholesale,703343231.55,2008-03-01
25054,INVESTEC BANK LTD,A_operational,31137749.0,2008-04-01
25054,INVESTEC BANK LTD,B_notice_short,27822967.0,2008-04-01
25054,INVESTEC BANK LTD,C_savings,2860336.0,2008-04-01
25054,INVESTEC BANK LTD,D_term_wholesale,56006906.0,2008-04-01
333107,CAPITEC BANK,A_operational,17793.0,2008-04-01
333107,CAPITEC BANK,B_notice_short,178548.0,2008-04-01
333107,CAPITEC BANK,C_savings,920342.0,2008-04-01
333107,CAPITEC BANK,D_term_wholesale,469745.0,2008-04-01
34118,ABSA BANK LTD,A_operational,149139335.0,2008-04-01
34118,ABSA BANK LTD,B_notice_short,60873996.0,2008-04-01
34118,ABSA BANK LTD,C_savings,42324858.0,2008-04-01
34118,ABSA BANK LTD,D_term_wholesale,190939896.0,2008-04-01
416053,FIRSTRAND BANK LIMITED,A_operational,198096945.67000002,2008-04-01
416053,FIRSTRAND BANK LIMITED,B_notice_short,48698927.66,2008-04-01
416053,FIRSTRAND BANK LIMITED,C_savings,1737974.89,2008-04-01
416053,FIRSTRAND BANK LIMITED,D_term_wholesale,125687627.92,2008-04-01
416061,THE STANDARD BANK OF S A LTD,A_operational,122890502.0,2008-04-01
416061,THE STANDARD BANK OF S A LTD,B_notice_short,114111888.0,2008-04-01
416061,THE STANDARD BANK OF S A LTD,C_savings,33302879.0,2008-04-01
416061,THE STANDARD BANK OF S A LTD,D_term_wholesale,160598322.0,2008-04-01
416088,NEDBANK LTD,A_operational,158082278.0,2008-04-01
416088,NEDBANK LTD,B_notice_short,65596023.0,2008-04-01
416088,NEDBANK LTD,C_savings,8277256.0,2008-04-01
416088,NEDBANK LTD,D_term_wholesale,135410991.0,2008-04-01
TOTAL,*TOTAL*,A_operational,706306386.86,2008-04-01
TOTAL,*TOTAL*,B_notice_short,350540175.39,2008-04-01
TOTAL,*TOTAL*,C_savings,92001810.89,2008-04-01
TOTAL,*TOTAL*,D_term_wholesale,739430736.02,2008-04-01
25054,INVESTEC BANK LTD,A_operational,30635831.0,2008-05-01
25054,INVESTEC BANK LTD,B_notice_short,32845959.0,2008-05-01
25054,INVESTEC BANK LTD,C_savings,2814358.0,2008-05-01
25054,INVESTEC BANK LTD,D_term_wholesale,52391440.0,2008-05-01
333107,CAPITEC BANK,A_operational,43959.0,2008-05-01
333107,CAPITEC BANK,B_notice_short,11173.0,2008-05-01
333107,CAPITEC BANK,C_savings,952019.0,2008-05-01
333107,CAPITEC BANK,D_term_wholesale,960547.0,2008-05-01
34118,ABSA BANK LTD,A_operational,138999760.0,2008-05-01
34118,ABSA BANK LTD,B_notice_short,89301635.0,2008-05-01
34118,ABSA BANK LTD,C_savings,44515729.0,2008-05-01
34118,ABSA BANK LTD,D_term_wholesale,174189049.0,2008-05-01
416053,FIRSTRAND BANK LIMITED,A_operational,195324725.0,2008-05-01
416053,FIRSTRAND BANK LIMITED,B_notice_short,49270707.11,2008-05-01
416053,FIRSTRAND BANK LIMITED,C_savings,1764208.35,2008-05-01
416053,FIRSTRAND BANK LIMITED,D_term_wholesale,125677280.37,2008-05-01
416061,THE STANDARD BANK OF S A LTD,A_operational,149050937.0,2008-05-01
416061,THE STANDARD BANK OF S A LTD,B_notice_short,89431229.0,2008-05-01
416061,THE STANDARD BANK OF S A LTD,C_savings,33357402.0,2008-05-01
416061,THE STANDARD BANK OF S A LTD,D_term_wholesale,162522167.0,2008-05-01
416088,NEDBANK LTD,A_operational,162697756.0,2008-05-01
416088,NEDBANK LTD,B_notice_short,77227430.0,2008-05-01
416088,NEDBANK LTD,C_savings,8274247.0,2008-05-01
416088,NEDBANK LTD,D_term_wholesale,122129682.0,2008-05-01
TOTAL,*TOTAL*,A_operational,724151046.71,2008-05-01
TOTAL,*TOTAL*,B_notice_short,376622638.59,2008-05-01
TOTAL,*TOTAL*,C_savings,94307514.35,2008-05-01
TOTAL,*TOTAL*,D_term_wholesale,709855451.4,2008-05-01
25054,INVESTEC BANK LTD,A_operational,29611341.0,2008-06-01
25054,INVESTEC BANK LTD,B_notice_short,31738173.0,2008-06-01
25054,INVESTEC BANK LTD,C_savings,3518774.0,2008-06-01
25054,INVESTEC BANK LTD,D_term_wholesale,57536814.0,2008-06-01
333107,CAPITEC BANK,A_operational,50090.0,2008-06-01
333107,CAPITEC BANK,B_notice_short,41534.0,2008-06-01
333107,CAPITEC BANK,C_savings,968661.0,2008-06-01
333107,CAPITEC BANK,D_term_wholesale,1083954.0,2008-06-01
34118,ABSA BANK LTD,A_operational,154230666.0,2008-06-01
34118,ABSA BANK LTD,B_notice_short,66058750.0,2008-06-01
34118,ABSA BANK LTD,C_savings,46286187.0,2008-06-01
34118,ABSA BANK LTD,D_term_wholesale,192802617.0,2008-06-01
416053,FIRSTRAND BANK LIMITED,A_operational,211080867.78,2008-06-01
416053,FIRSTRAND BANK LIMITED,B_notice_short,37152769.74,2008-06-01
416053,FIRSTRAND BANK LIMITED,C_savings,1772123.29,2008-06-01
416053,FIRSTRAND BANK LIMITED,D_term_wholesale,133592407.13000001,2008-06-01
416061,THE STANDARD BANK OF S A LTD,A_operational,151794100.0,2008-06-01
416061,THE STANDARD BANK OF S A LTD,B_notice_short,97783249.0,2008-06-01
416061,THE STANDARD BANK OF S A LTD,C_savings,33571769.0,2008-06-01
416061,THE STANDARD BANK OF S A LTD,D_term_wholesale,161055187.0,2008-06-01
416088,NEDBANK LTD,A_operational,171604441.0,2008-06-01
416088,NEDBANK LTD,B_notice_short,61943493.0,2008-06-01
416088,NEDBANK LTD,C_savings,8327436.0,2008-06-01
416088,NEDBANK LTD,D_term_wholesale,127442095.0,2008-06-01
TOTAL,*TOTAL*,A_operational,782835119.19,2008-06-01
TOTAL,*TOTAL*,B_notice_short,321225131.96,2008-06-01
TOTAL,*TOTAL*,C_savings,97204587.28999999,2008-06-01
TOTAL,*TOTAL*,D_term_wholesale,747802477.68,2008-06-01
25054,INVESTEC BANK LTD,A_operational,28820301.0,2008-07-01
25054,INVESTEC BANK LTD,B_notice_short,36869384.0,2008-07-01
25054,INVESTEC BANK LTD,C_savings,3448148.0,2008-07-01
25054,INVESTEC BANK LTD,D_term_wholesale,59036860.0,2008-07-01
333107,CAPITEC BANK,A_operational,29298.0,2008-07-01
333107,CAPITEC BANK,B_notice_short,171898.0,2008-07-01
333107,CAPITEC BANK,C_savings,1058048.0,2008-07-01
333107,CAPITEC BANK,D_term_wholesale,949604.0,2008-07-01
34118,ABSA BANK LTD,A_operational,153382628.0,2008-07-01
34118,ABSA BANK LTD,B_notice_short,71707402.0,2008-07-01
34118,ABSA BANK LTD,C_savings,48455419.0,2008-07-01
34118,ABSA BANK LTD,D_term_wholesale,195344088.0,2008-07-01
416053,FIRSTRAND BANK LIMITED,A_operational,195750138.54,2008-07-01
416053,FIRSTRAND BANK LIMITED,B_notice_short,37337157.15,2008-07-01
416053,FIRSTRAND BANK LIMITED,C_savings,1794100.57,2008-07-01
416053,FIRSTRAND BANK LIMITED,D_term_wholesale,138225263.66,2008-07-01
416061,THE STANDARD BANK OF S A LTD,A_operational,141971899.0,2008-07-01
416061,THE STANDARD BANK OF S A LTD,B_notice_short,98890432.0,2008-07-01
416061,THE STANDARD BANK OF S A LTD,C_savings,34300223.0,2008-07-01
416061,THE STANDARD BANK OF S A LTD,D_term_wholesale,172129687.0,2008-07-01
416088,NEDBANK LTD,A_operational,155655532.0,2008-07-01
416088,NEDBANK LTD,B_notice_short,66026373.0,2008-07-01
416088,NEDBANK LTD,C_savings,8315613.0,2008-07-01
416088,NEDBANK LTD,D_term_wholesale,142412767.0,2008-07-01
TOTAL,*TOTAL*,A_operational,734612633.76,2008-07-01
TOTAL,*TOTAL*,B_notice_short,340659417.85,2008-07-01
TOTAL,*TOTAL*,C_savings,100148465.57000001,2008-07-01
TOTAL,*TOTAL*,D_term_wholesale,779299183.96,2008-07-01
25054,INVESTEC BANK LTD,A_operational,31955319.0,2008-08-01
25054,INVESTEC BANK LTD,B_notice_short,28083017.0,2008-08-01
25054,INVESTEC BANK LTD,C_savings,3492409.0,2008-08-01
25054,INVESTEC BANK LTD,D_term_wholesale,65165839.0,2008-08-01
333107,CAPITEC BANK,A_operational,79989.0,2008-08-01
333107,CAPITEC BANK,B_notice_short,32665.0,2008-08-01
333107,CAPITEC BANK,C_savings,1070699.0,2008-08-01
333107,CAPITEC BANK,D_term_wholesale,1214677.0,2008-08-01
34118,ABSA BANK LTD,A_operational,152730908.0,2008-08-01
34118,ABSA BANK LTD,B_notice_short,63489504.0,2008-08-01
34118,ABSA BANK LTD,C_savings,49271429.0,2008-08-01
34118,ABSA BANK LTD,D_term_wholesale,192756738.0,2008-08-01
416053,FIRSTRAND BANK LIMITED,A_operational,197572362.60999998,2008-08-01
416053,FIRSTRAND BANK LIMITED,B_notice_short,38479293.57,2008-08-01
416053,FIRSTRAND BANK LIMITED,C_savings,1813380.73,2008-08-01
416053,FIRSTRAND BANK LIMITED,D_term_wholesale,137510343.28,2008-08-01
416061,THE STANDARD BANK OF S A LTD,A_operational,143291851.0,2008-08-01
416061,THE STANDARD BANK OF S A LTD,B_notice_short,99348725.0,2008-08-01
416061,THE STANDARD BANK OF S A LTD,C_savings,34330579.0,2008-08-01
416061,THE STANDARD BANK OF S A LTD,D_term_wholesale,177372334.0,2008-08-01
416088,NEDBANK LTD,A_operational,165598712.0,2008-08-01
416088,NEDBANK LTD,B_notice_short,56828958.0,2008-08-01
416088,NEDBANK LTD,C_savings,8340730.0,2008-08-01
416088,NEDBANK LTD,D_term_wholesale,147105232.0,2008-08-01
TOTAL,*TOTAL*,A_operational,746441921.89,2008-08-01
TOTAL,*TOTAL*,B_notice_short,309796194.82,2008-08-01
TOTAL,*TOTAL*,C_savings,101183461.73,2008-08-01
TOTAL,*TOTAL*,D_term_wholesale,801217246.21,2008-08-01
25054,INVESTEC BANK LTD,A_operational,29296912.0,2008-09-01
25054,INVESTEC BANK LTD,B_notice_short,32035243.0,2008-09-01
25054,INVESTEC BANK LTD,C_savings,3354064.0,2008-09-01
25054,INVESTEC BANK LTD,D_term_wholesale,59353194.0,2008-09-01
333107,CAPITEC BANK,A_operational,29980.0,2008-09-01
333107,CAPITEC BANK,B_notice_short,34419.0,2008-09-01
333107,CAPITEC BANK,C_savings,1133888.0,2008-09-01
333107,CAPITEC BANK,D_term_wholesale,1218656.0,2008-09-01
34118,ABSA BANK LTD,A_operational,170270569.0,2008-09-01
34118,ABSA BANK LTD,B_notice_short,52181022.0,2008-09-01
34118,ABSA BANK LTD,C_savings,50890167.0,2008-09-01
34118,ABSA BANK LTD,D_term_wholesale,198872002.0,2008-09-01
416053,FIRSTRAND BANK LIMITED,A_operational,196546580.06,2008-09-01
416053,FIRSTRAND BANK LIMITED,B_notice_short,35852036.49,2008-09-01
416053,FIRSTRAND BANK LIMITED,C_savings,1829122.67,2008-09-01
416053,FIRSTRAND BANK LIMITED,D_term_wholesale,140817528.27,2008-09-01
416061,THE STANDARD BANK OF S A LTD,A_operational,154811001.0,2008-09-01
416061,THE STANDARD BANK OF S A LTD,B_notice_short,100868654.0,2008-09-01
416061,THE STANDARD BANK OF S A LTD,C_savings,34445713.0,2008-09-01
416061,THE STANDARD BANK OF S A LTD,D_term_wholesale,181637536.0,2008-09-01
416088,NEDBANK LTD,A_operational,166728108.0,2008-09-01
416088,NEDBANK LTD,B_notice_short,66885312.0,2008-09-01
416088,NEDBANK LTD,C_savings,8098581.0,2008-09-01
416088,NEDBANK LTD,D_term_wholesale,144720813.0,2008-09-01
TOTAL,*TOTAL*,A_operational,774459572.98,2008-09-01
TOTAL,*TOTAL*,B_notice_short,312380051.61,2008-09-01
TOTAL,*TOTAL*,C_savings,102703736.67000002,2008-09-01
TOTAL,*TOTAL*,D_term_wholesale,805059238.75,2008-09-01
25054,INVESTEC BANK LTD,A_operational,31414420.0,2008-10-01
25054,INVESTEC BANK LTD,B_notice_short,31739180.0,2008-10-01
25054,INVESTEC BANK LTD,C_savings,2897485.0,2008-10-01
25054,INVESTEC BANK LTD,D_term_wholesale,54589753.0,2008-10-01
333107,CAPITEC BANK,A_operational,51425.0,2008-10-01
333107,CAPITEC BANK,B_notice_short,200355.0,2008-10-01
333107,CAPITEC BANK,C_savings,1242017.0,2008-10-01
333107,CAPITEC BANK,D_term_wholesale,1200853.0,2008-10-01
34118,ABSA BANK LTD,A_operational,178822363.0,2008-10-01
34118,ABSA BANK LTD,B_notice_short,56819953.0,2008-10-01
34118,ABSA BANK LTD,C_savings,53793424.0,2008-10-01
34118,ABSA BANK LTD,D_term_wholesale,199972573.0,2008-10-01
416053,FIRSTRAND BANK LIMITED,A_operational,195427882.72,2008-10-01
416053,FIRSTRAND BANK LIMITED,B_notice_short,36386432.59,2008-10-01
416053,FIRSTRAND BANK LIMITED,C_savings,1851203.98,2008-10-01
416053,FIRSTRAND BANK LIMITED,D_term_wholesale,144329583.10999998,2008-10-01
416061,THE STANDARD BANK OF S A LTD,A_operational,150495229.0,2008-10-01
416061,THE STANDARD BANK OF S A LTD,B_notice_short,102014132.0,2008-10-01
416061,THE STANDARD BANK OF S A LTD,C_savings,35785666.0,2008-10-01
416061,THE STANDARD BANK OF S A LTD,D_term_wholesale,188051972.0,2008-10-01
416088,NEDBANK LTD,A_operational,168449639.0,2008-10-01
416088,NEDBANK LTD,B_notice_short,58404132.0,2008-10-01
416088,NEDBANK LTD,C_savings,8456782.0,2008-10-01
416088,NEDBANK LTD,D_term_wholesale,155764750.0,2008-10-01
TOTAL,*TOTAL*,A_operational,773229877.42,2008-10-01
TOTAL,*TOTAL*,B_notice_short,318777090.61,2008-10-01
TOTAL,*TOTAL*,C_savings,107211598.97999999,2008-10-01
TOTAL,*TOTAL*,D_term_wholesale,814997145.78,2008-10-01
25054,INVESTEC BANK LTD,A_operational,31845696.0,2008-11-01
25054,INVESTEC BANK LTD,B_notice_short,25863859.0,2008-11-01
25054,INVESTEC BANK LTD,C_savings,2835587.0,2008-11-01
25054,INVESTEC BANK LTD,D_term_wholesale,58780734.0,2008-11-01
333107,CAPITEC BANK,A_operational,57697.0,2008-11-01
333107,CAPITEC BANK,B_notice_short,95289.0,2008-11-01
333107,CAPITEC BANK,C_savings,1253383.0,2008-11-01
333107,CAPITEC BANK,D_term_wholesale,1421564.0,2008-11-01
34118,ABSA BANK LTD,A_operational,177607557.0,2008-11-01
34118,ABSA BANK LTD,B_notice_short,51533797.0,2008-11-01
34118,ABSA BANK LTD,C_savings,55619226.0,2008-11-01
34118,ABSA BANK LTD,D_term_wholesale,215739637.0,2008-11-01
416053,FIRSTRAND BANK LIMITED,A_operational,193516967.48,2008-11-01
416053,FIRSTRAND BANK LIMITED,B_notice_short,29715354.61,2008-11-01
416053,FIRSTRAND BANK LIMITED,C_savings,1872420.48,2008-11-01
416053,FIRSTRAND BANK LIMITED,D_term_wholesale,156514942.11,2008-11-01
416061,THE STANDARD BANK OF S A LTD,A_operational,145670986.0,2008-11-01
416061,THE STANDARD BANK OF S A LTD,B_notice_short,91824673.0,2008-11-01
416061,THE STANDARD BANK OF S A LTD,C_savings,36896870.0,2008-11-01
416061,THE STANDARD BANK OF S A LTD,D_term_wholesale,212264078.0,2008-11-01
416088,NEDBANK LTD,A_operational,163121768.0,2008-11-01
416088,NEDBANK LTD,B_notice_short,52345617.0,2008-11-01
416088,NEDBANK LTD,C_savings,8599115.0,2008-11-01
416088,NEDBANK LTD,D_term_wholesale,171408391.0,2008-11-01
TOTAL,*TOTAL*,A_operational,762835399.1,2008-11-01
TOTAL,*TOTAL*,B_notice_short,278795290.24,2008-11-01
TOTAL,*TOTAL*,C_savings,110192824.47999999,2008-11-01
TOTAL,*TOTAL*,D_term_wholesale,890926160.2,2008-11-01
25054,INVESTEC BANK LTD,A_operational,32034301.0,2008-12-01
25054,INVESTEC BANK LTD,B_notice_short,35759755.0,2008-12-01
25054,INVESTEC BANK LTD,C_savings,2960897.0,2008-12-01
25054,INVESTEC BANK LTD,D_term_wholesale,50144512.0,2008-12-01
333107,CAPITEC BANK,A_operational,23869.0,2008-12-01
333107,CAPITEC BANK,B_notice_short,118801.0,2008-12-01
333107,CAPITEC BANK,C_savings,1209658.0,2008-12-01
333107,CAPITEC BANK,D_term_wholesale,1489145.0,2008-12-01
34118,ABSA BANK LTD,A_operational,163752575.0,2008-12-01
34118,ABSA BANK LTD,B_notice_short,65575949.0,2008-12-01
34118,ABSA BANK LTD,C_savings,56603225.0,2008-12-01
34118,ABSA BANK LTD,D_term_wholesale,208566048.0,2008-12-01
416053,FIRSTRAND BANK LIMITED,A_operational,201502416.25,2008-12-01
416053,FIRSTRAND BANK LIMITED,B_notice_short,41457759.089999996,2008-12-01
416053,FIRSTRAND BANK LIMITED,C_savings,1856576.71,2008-12-01
416053,FIRSTRAND BANK LIMITED,D_term_wholesale,143588956.88,2008-12-01
416061,THE STANDARD BANK OF S A LTD,A_operational,152757636.0,2008-12-01
416061,THE STANDARD BANK OF S A LTD,B_notice_short,107913506.0,2008-12-01
416061,THE STANDARD BANK OF S A LTD,C_savings,37045647.0,2008-12-01
416061,THE STANDARD BANK OF S A LTD,D_term_wholesale,193008479.0,2008-12-01
416088,NEDBANK LTD,A_operational,166840357.0,2008-12-01
416088,NEDBANK LTD,B_notice_short,71299011.0,2008-12-01
416088,NEDBANK LTD,C_savings,8336750.0,2008-12-01
416088,NEDBANK LTD,D_term_wholesale,147481093.0,2008-12-01
TOTAL,*TOTAL*,A_operational,763761066.1800001,2008-12-01
TOTAL,*TOTAL*,B_notice_short,342911701.52,2008-12-01
TOTAL,*TOTAL*,C_savings,110945119.71,2008-12-01
TOTAL,*TOTAL*,D_term_wholesale,820045962.81,2008-12-01
25054,INVESTEC BANK LTD,A_operational,32250811.0,2009-01-01
25054,INVESTEC BANK LTD,B_notice_short,31423710.0,2009-01-01
25054,INVESTEC BANK LTD,C_savings,2869104.0,2009-01-01
25054,INVESTEC BANK LTD,D_term_wholesale,57133478.0,2009-01-01
333107,CAPITEC BANK,A_operational,50921.0,2009-01-01
333107,CAPITEC BANK,B_notice_short,305693.0,2009-01-01
333107,CAPITEC BANK,C_savings,1182327.0,2009-01-01
333107,CAPITEC BANK,D_term_wholesale,1413614.0,2009-01-01
34118,ABSA BANK LTD,A_operational,166628443.0,2009-01-01
34118,ABSA BANK LTD,B_notice_short,54947988.0,2009-01-01
34118,ABSA BANK LTD,C_savings,56777167.0,2009-01-01
34118,ABSA BANK LTD,D_term_wholesale,226596577.0,2009-01-01
416053,FIRSTRAND BANK LIMITED,A_operational,186132194.22,2009-01-01
416053,FIRSTRAND BANK LIMITED,B_notice_short,36607955.949999996,2009-01-01
416053,FIRSTRAND BANK LIMITED,C_savings,1805319.3699999999,2009-01-01
416053,FIRSTRAND BANK LIMITED,D_term_wholesale,153547569.39,2009-01-01
416061,THE STANDARD BANK OF S A LTD,A_operational,144526781.0,2009-01-01
416061,THE STANDARD BANK OF S A LTD,B_notice_short,101674371.0,2009-01-01
416061,THE STANDARD BANK OF S A LTD,C_savings,36340316.0,2009-01-01
416061,THE STANDARD BANK OF S A LTD,D_term_wholesale,198276276.0,2009-01-01
416088,NEDBANK LTD,A_operational,161564907.0,2009-01-01
416088,NEDBANK LTD,B_notice_short,72784813.0,2009-01-01
416088,NEDBANK LTD,C_savings,8119183.0,2009-01-01
416088,NEDBANK LTD,D_term_wholesale,158148261.0,2009-01-01
TOTAL,*TOTAL*,A_operational,735855932.32,2009-01-01
TOTAL,*TOTAL*,B_notice_short,331174918.05,2009-01-01
TOTAL,*TOTAL*,C_savings,109982625.36999999,2009-01-01
TOTAL,*TOTAL*,D_term_wholesale,869417820.96,2009-01-01
25054,INVESTEC BANK LTD,A_operational,32557496.0,2009-02-01
25054,INVESTEC BANK LTD,B_notice_short,27014602.0,2009-02-01
25054,INVESTEC BANK LTD,C_savings,2792488.0,2009-02-01
25054,INVESTEC BANK LTD,D_term_wholesale,61594571.0,2009-02-01
333107,CAPITEC BANK,A_operational,92291.0,2009-02-01
333107,CAPITEC BANK,B_notice_short,67039.0,2009-02-01
333107,CAPITEC BANK,C_savings,1306367.0,2009-02-01
333107,CAPITEC BANK,D_term_wholesale,1716944.0,2009-02-01
34118,ABSA BANK LTD,A_operational,155402588.0,2009-02-01
34118,ABSA BANK LTD,B_notice_short,62616277.0,2009-02-01
34118,ABSA BANK LTD,C_savings,57960716.0,2009-02-01
34118,ABSA BANK LTD,D_term_wholesale,230863120.0,2009-02-01
416053,FIRSTRAND BANK LIMITED,A_operational,182309590.0,2009-02-01
416053,FIRSTRAND BANK LIMITED,B_notice_short,36844212.57,2009-02-01
416053,FIRSTRAND BANK LIMITED,C_savings,1829094.79,2009-02-01
416053,FIRSTRAND BANK LIMITED,D_term_wholesale,156738213.55,2009-02-01
416061,THE STANDARD BANK OF S A LTD,A_operational,141469125.0,2009-02-01
416061,THE STANDARD BANK OF S A LTD,B_notice_short,100254164.0,2009-02-01
416061,THE STANDARD BANK OF S A LTD,C_savings,36486440.0,2009-02-01
416061,THE STANDARD BANK OF S A LTD,D_term_wholesale,197394279.0,2009-02-01
416088,NEDBANK LTD,A_operational,157126430.0,2009-02-01
416088,NEDBANK LTD,B_notice_short,64407015.0,2009-02-01
416088,NEDBANK LTD,C_savings,8203384.0,2009-02-01
416088,NEDBANK LTD,D_term_wholesale,167603117.0,2009-02-01
TOTAL,*TOTAL*,A_operational,711025537.91,2009-02-01
TOTAL,*TOTAL*,B_notice_short,323748417.06,2009-02-01
TOTAL,*TOTAL*,C_savings,111494540.78999999,2009-02-01
TOTAL,*TOTAL*,D_term_wholesale,893400707.23,2009-02-01
25054,INVESTEC BANK LTD,A_operational,33256503.0,2009-03-01
25054,INVESTEC BANK LTD,B_notice_short,38221367.0,2009-03-01
25054,INVESTEC BANK LTD,C_savings,2746495.0,2009-03-01
25054,INVESTEC BANK LTD,D_term_wholesale,49835791.0,2009-03-01
333107,CAPITEC BANK,A_operational,80982.0,2009-03-01
333107,CAPITEC BANK,B_notice_short,62641.0,2009-03-01
333107,CAPITEC BANK,C_savings,1324904.0,2009-03-01
333107,CAPITEC BANK,D_term_wholesale,1808954.0,2009-03-01
34118,ABSA BANK LTD,A_operational,161469763.0,2009-03-01
34118,ABSA BANK LTD,B_notice_short,64366913.0,2009-03-01
34118,ABSA BANK LTD,C_savings,58663338.0,2009-03-01
34118,ABSA BANK LTD,D_term_wholesale,218691512.0,2009-03-01
416053,FIRSTRAND BANK LIMITED,A_operational,189799463.67,2009-03-01
416053,FIRSTRAND BANK LIMITED,B_notice_short,34743480.84,2009-03-01
416053,FIRSTRAND BANK LIMITED,C_savings,1854992.6300000001,2009-03-01
416053,FIRSTRAND BANK LIMITED,D_term_wholesale,153133357.88,2009-03-01
416061,THE STANDARD BANK OF S A LTD,A_operational,153612285.0,2009-03-01
416061,THE STANDARD BANK OF S A LTD,B_notice_short,105907521.0,2009-03-01
416061,THE STANDARD BANK OF S A LTD,C_savings,36913154.0,2009-03-01
416061,THE STANDARD BANK OF S A LTD,D_term_wholesale,197203905.0,2009-03-01
416088,NEDBANK LTD,A_operational,160659451.0,2009-03-01
416088,NEDBANK LTD,B_notice_short,78319702.0,2009-03-01
416088,NEDBANK LTD,C_savings,8182643.0,2009-03-01
416088,NEDBANK LTD,D_term_wholesale,155115849.0,2009-03-01
TOTAL,*TOTAL*,A_operational,755299273.14,2009-03-01
TOTAL,*TOTAL*,B_notice_short,351166478.18,2009-03-01
TOTAL,*TOTAL*,C_savings,112721139.63,2009-03-01
TOTAL,*TOTAL*,D_term_wholesale,855225024.3,2009-03-01
25054,INVESTEC BANK LTD,A_operational,35382994.0,2009-04-01
25054,INVESTEC BANK LTD,B_notice_short,27853623.0,2009-04-01
25054,INVESTEC BANK LTD,C_savings,2630368.0,2009-04-01
25054,INVESTEC BANK LTD,D_term_wholesale,58324205.0,2009-04-01
333107,CAPITEC BANK,A_operational,56900.0,2009-04-01
333107,CAPITEC BANK,B_notice_short,153953.0,2009-04-01
333107,CAPITEC BANK,C_savings,1419164.0,2009-04-01
333107,CAPITEC BANK,D_term_wholesale,1860864.0,2009-04-01
34118,ABSA BANK LTD,A_operational,158567907.0,2009-04-01
34118,ABSA BANK LTD,B_notice_short,64068578.0,2009-04-01
34118,ABSA BANK LTD,C_savings,59446896.0,2009-04-01
34118,ABSA BANK LTD,D_term_wholesale,218234569.0,2009-04-01
416053,FIRSTRAND BANK LIMITED,A_operational,188083176.42,2009-04-01
416053,FIRSTRAND BANK LIMITED,B_notice_short,43945931.63,2009-04-01
416053,FIRSTRAND BANK LIMITED,C_savings,1857059.93,2009-04-01
416053,FIRSTRAND BANK LIMITED,D_term_wholesale,147380383.8,2009-04-01
416061,THE STANDARD BANK OF S A LTD,A_operational,153459163.0,2009-04-01
416061,THE STANDARD BANK OF S A LTD,B_notice_short,108425346.0,2009-04-01
416061,THE STANDARD BANK OF S A LTD,C_savings,37270908.0,2009-04-01
416061,THE STANDARD BANK OF S A LTD,D_term_wholesale,202274388.0,2009-04-01
416088,NEDBANK LTD,A_operational,156655677.0,2009-04-01
416088,NEDBANK LTD,B_notice_short,79292026.0,2009-04-01
416088,NEDBANK LTD,C_savings,8220339.0,2009-04-01
416088,NEDBANK LTD,D_term_wholesale,152685918.0,2009-04-01
TOTAL,*TOTAL*,A_operational,741622503.53,2009-04-01
TOTAL,*TOTAL*,B_notice_short,346293787.73999995,2009-04-01
TOTAL,*TOTAL*,C_savings,113949282.92999999,2009-04-01
TOTAL,*TOTAL*,D_term_wholesale,860507743.9399999,2009-04-01
25054,INVESTEC BANK LTD,A_operational,38776567.0,2009-05-01
25054,INVESTEC BANK LTD,B_notice_short,30226698.0,2009-05-01
25054,INVESTEC BANK LTD,C_savings,2365869.0,2009-05-01
25054,INVESTEC BANK LTD,D_term_wholesale,57572536.0,2009-05-01
333107,CAPITEC BANK,A_operational,146978.0,2009-05-01
333107,CAPITEC BANK,B_notice_short,1713.0,2009-05-01
333107,CAPITEC BANK,C_savings,1438397.0,2009-05-01
333107,CAPITEC BANK,D_term_wholesale,2352644.0,2009-05-01
34118,ABSA BANK LTD,A_operational,157326344.0,2009-05-01
34118,ABSA BANK LTD,B_notice_short,65586405.0,2009-05-01
34118,ABSA BANK LTD,C_savings,59982435.0,2009-05-01
34118,ABSA BANK LTD,D_term_wholesale,210790551.0,2009-05-01
416053,FIRSTRAND BANK LIMITED,A_operational,185984182.88,2009-05-01
416053,FIRSTRAND BANK LIMITED,B_notice_short,42252034.34,2009-05-01
416053,FIRSTRAND BANK LIMITED,C_savings,1883583.8499999999,2009-05-01
416053,FIRSTRAND BANK LIMITED,D_term_wholesale,147402938.89,2009-05-01
416061,THE STANDARD BANK OF S A LTD,A_operational,150613059.0,2009-05-01
416061,THE STANDARD BANK OF S A LTD,B_notice_short,114474311.0,2009-05-01
416061,THE STANDARD BANK OF S A LTD,C_savings,37402734.0,2009-05-01
416061,THE STANDARD BANK OF S A LTD,D_term_wholesale,201557973.0,2009-05-01
416088,NEDBANK LTD,A_operational,163306590.0,2009-05-01
416088,NEDBANK LTD,B_notice_short,80241863.0,2009-05-01
416088,NEDBANK LTD,C_savings,8222786.0,2009-05-01
416088,NEDBANK LTD,D_term_wholesale,146477688.0,2009-05-01
TOTAL,*TOTAL*,A_operational,754185452.65,2009-05-01
TOTAL,*TOTAL*,B_notice_short,361575246.04,2009-05-01
TOTAL,*TOTAL*,C_savings,114542729.85,2009-05-01
TOTAL,*TOTAL*,D_term_wholesale,840877656.89,2009-05-01
25054,INVESTEC BANK LTD,A_operational,38524959.0,2009-06-01
25054,INVESTEC BANK LTD,B_notice_short,33445855.0,2009-06-01
25054,INVESTEC BANK LTD,C_savings,2576632.0,2009-06-01
25054,INVESTEC BANK LTD,D_term_wholesale,54034136.0,2009-06-01
333107,CAPITEC BANK,A_operational,75057.0,2009-06-01
333107,CAPITEC BANK,B_notice_short,1996.0,2009-06-01
333107,CAPITEC BANK,C_savings,1567885.0,2009-06-01
333107,CAPITEC BANK,D_term_wholesale,2468020.0,2009-06-01
34118,ABSA BANK LTD,A_operational,164265551.0,2009-06-01
34118,ABSA BANK LTD,B_notice_short,50189866.0,2009-06-01
34118,ABSA BANK LTD,C_savings,60645841.0,2009-06-01
34118,ABSA BANK LTD,D_term_wholesale,221705623.0,2009-06-01
416053,FIRSTRAND BANK LIMITED,A_operational,190358561.89,2009-06-01
416053,FIRSTRAND BANK LIMITED,B_notice_short,36325652.95,2009-06-01
416053,FIRSTRAND BANK LIMITED,C_savings,1913873.93,2009-06-01
416053,FIRSTRAND BANK LIMITED,D_term_wholesale,149292497.54,2009-06-01
416061,THE STANDARD BANK OF S A LTD,A_operational,160069929.0,2009-06-01
416061,THE STANDARD BANK OF S A LTD,B_notice_short,103373816.0,2009-06-01
416061,THE STANDARD BANK OF S A LTD,C_savings,37199433.0,2009-06-01
416061,THE STANDARD BANK OF S A LTD,D_term_wholesale,200379106.0,2009-06-01
416088,NEDBANK LTD,A_operational,163317605.0,2009-06-01
416088,NEDBANK LTD,B_notice_short,78561778.0,2009-06-01
416088,NEDBANK LTD,C_savings,8250055.0,2009-06-01
416088,NEDBANK LTD,D_term_wholesale,147944958.0,2009-06-01
TOTAL,*TOTAL*,A_operational,775798965.54,2009-06-01
TOTAL,*TOTAL*,B_notice_short,321380387.5,2009-06-01
TOTAL,*TOTAL*,C_savings,115477868.92999999,2009-06-01
TOTAL,*TOTAL*,D_term_wholesale,854656394.31,2009-06-01
25054,INVESTEC BANK LTD,A_operational,34053313.0,2009-07-01
25054,INVESTEC BANK LTD,B_notice_short,31393846.0,2009-07-01
25054,INVESTEC BANK LTD,C_savings,2978523.0,2009-07-01
25054,INVESTEC BANK LTD,D_term_wholesale,63761954.0,2009-07-01
333107,CAPITEC BANK,A_operational,95590.0,2009-07-01
333107,CAPITEC BANK,B_notice_short,308581.0,2009-07-01
333107,CAPITEC BANK,C_savings,1655357.0,2009-07-01
333107,CAPITEC BANK,D_term_wholesale,2239343.0,2009-07-01
34118,ABSA BANK LTD,A_operational,164575788.0,2009-07-01
34118,ABSA BANK LTD,B_notice_short,51654169.0,2009-07-01
34118,ABSA BANK LTD,C_savings,61079716.0,2009-07-01
34118,ABSA BANK LTD,D_term_wholesale,219920570.0,2009-07-01
416053,FIRSTRAND BANK LIMITED,A_operational,187218375.78,2009-07-01
416053,FIRSTRAND BANK LIMITED,B_notice_short,36292688.92,2009-07-01
416053,FIRSTRAND BANK LIMITED,C_savings,1927206.94,2009-07-01
416053,FIRSTRAND BANK LIMITED,D_term_wholesale,158625736.62,2009-07-01
416061,THE STANDARD BANK OF S A LTD,A_operational,150885631.0,2009-07-01
416061,THE STANDARD BANK OF S A LTD,B_notice_short,102809422.0,2009-07-01
416061,THE STANDARD BANK OF S A LTD,C_savings,37808498.0,2009-07-01
416061,THE STANDARD BANK OF S A LTD,D_term_wholesale,207568298.0,2009-07-01
416088,NEDBANK LTD,A_operational,167930860.0,2009-07-01
416088,NEDBANK LTD,B_notice_short,68798775.0,2009-07-01
416088,NEDBANK LTD,C_savings,8255922.0,2009-07-01
416088,NEDBANK LTD,D_term_wholesale,150449766.0,2009-07-01
TOTAL,*TOTAL*,A_operational,758000187.36,2009-07-01
TOTAL,*TOTAL*,B_notice_short,314031796.37,2009-07-01
TOTAL,*TOTAL*,C_savings,116984125.94,2009-07-01
TOTAL,*TOTAL*,D_term_wholesale,881559120.76,2009-07-01
25054,INVESTEC BANK LTD,A_operational,36707880.0,2009-08-01
25054,INVESTEC BANK LTD,B_notice_short,30185642.0,2009-08-01
25054,INVESTEC BANK LTD,C_savings,2949528.0,2009-08-01
25054,INVESTEC BANK LTD,D_term_wholesale,66086128.0,2009-08-01
333107,CAPITEC BANK,A_operational,127235.0,2009-08-01
333107,CAPITEC BANK,B_notice_short,32514.0,2009-08-01
333107,CAPITEC BANK,C_savings,1656567.0,2009-08-01
333107,CAPITEC BANK,D_term_wholesale,2588602.0,2009-08-01
34118,ABSA BANK LTD,A_operational,170186425.0,2009-08-01
34118,ABSA BANK LTD,B_notice_short,52987389.0,2009-08-01
34118,ABSA BANK LTD,C_savings,61040126.0,2009-08-01
34118,ABSA BANK LTD,D_term_wholesale,213945496.0,2009-08-01
416053,FIRSTRAND BANK LIMITED,A_operational,182164073.13,2009-08-01
416053,FIRSTRAND BANK LIMITED,B_notice_short,31267850.22,2009-08-01
416053,FIRSTRAND BANK LIMITED,C_savings,1933931.7500000002,2009-08-01
416053,FIRSTRAND BANK LIMITED,D_term_wholesale,161405670.77,2009-08-01
416061,THE STANDARD BANK OF S A LTD,A_operational,151979573.0,2009-08-01
416061,THE STANDARD BANK OF S A LTD,B_notice_short,105031206.0,2009-08-01
416061,THE STANDARD BANK OF S A LTD,C_savings,37285574.0,2009-08-01
416061,THE STANDARD BANK OF S A LTD,D_term_wholesale,201396574.0,2009-08-01
416088,NEDBANK LTD,A_operational,169993018.0,2009-08-01
416088,NEDBANK LTD,B_notice_short,59931363.0,2009-08-01
416088,NEDBANK LTD,C_savings,8227762.0,2009-08-01
416088,NEDBANK LTD,D_term_wholesale,158050852.0,2009-08-01
TOTAL,*TOTAL*,A_operational,769292484.74,2009-08-01
TOTAL,*TOTAL*,B_notice_short,306802744.0,2009-08-01
TOTAL,*TOTAL*,C_savings,116229406.75,2009-08-01
TOTAL,*TOTAL*,D_term_wholesale,876198492.1800001,2009-08-01
25054,INVESTEC BANK LTD,A_operational,31798583.0,2009-09-01
25054,INVESTEC BANK LTD,B_notice_short,32594560.0,2009-09-01
25054,INVESTEC BANK LTD,C_savings,2242312.0,2009-09-01
25054,INVESTEC BANK LTD,D_term_wholesale,68816014.0,2009-09-01
333107,CAPITEC BANK,A_operational,97993.0,2009-09-01
333107,CAPITEC BANK,B_notice_short,67217.0,2009-09-01
333107,CAPITEC BANK,C_savings,1780735.0,2009-09-01
333107,CAPITEC BANK,D_term_wholesale,2675216.0,2009-09-01
34118,ABSA BANK LTD,A_operational,166236571.0,2009-09-01
34118,ABSA BANK LTD,B_notice_short,42335382.0,2009-09-01
34118,ABSA BANK LTD,C_savings,61212505.0,2009-09-01
34118,ABSA BANK LTD,D_term_wholesale,224905048.0,2009-09-01
416053,FIRSTRAND BANK LIMITED,A_operational,180025600.91,2009-09-01
416053,FIRSTRAND BANK LIMITED,B_notice_short,36269650.67,2009-09-01
416053,FIRSTRAND BANK LIMITED,C_savings,1949884.37,2009-09-01
416053,FIRSTRAND BANK LIMITED,D_term_wholesale,158654298.82,2009-09-01
416061,THE STANDARD BANK OF S A LTD,A_operational,155749310.0,2009-09-01
416061,THE STANDARD BANK OF S A LTD,B_notice_short,100938498.0,2009-09-01
416061,THE STANDARD BANK OF S A LTD,C_savings,37209501.0,2009-09-01
416061,THE STANDARD BANK OF S A LTD,D_term_wholesale,201410109.0,2009-09-01
416088,NEDBANK LTD,A_operational,165206034.0,2009-09-01
416088,NEDBANK LTD,B_notice_short,69737775.0,2009-09-01
416088,NEDBANK LTD,C_savings,8292060.0,2009-09-01
416088,NEDBANK LTD,D_term_wholesale,159033450.0,2009-09-01
TOTAL,*TOTAL*,A_operational,760168741.87,2009-09-01
TOTAL,*TOTAL*,B_notice_short,300103427.88,2009-09-01
TOTAL,*TOTAL*,C_savings,116176744.37,2009-09-01
TOTAL,*TOTAL*,D_term_wholesale,892182042.86,2009-09-01
25054,INVESTEC BANK LTD,A_operational,34089791.0,2009-10-01
25054,INVESTEC BANK LTD,B_notice_short,25508614.0,2009-10-01
25054,INVESTEC BANK LTD,C_savings,2394768.0,2009-10-01
25054,INVESTEC BANK LTD,D_term_wholesale,76757139.0,2009-10-01
333107,CAPITEC BANK,A_operational,236725.0,2009-10-01
333107,CAPITEC BANK,B_notice_short,181985.0,2009-10-01
333107,CAPITEC BANK,C_savings,1960267.0,2009-10-01
333107,CAPITEC BANK,D_term_wholesale,2648175.0,2009-10-01
34118,ABSA BANK LTD,A_operational,165398041.0,2009-10-01
34118,ABSA BANK LTD,B_notice_short,43900559.0,2009-10-01
34118,ABSA BANK LTD,C_savings,61623371.0,2009-10-01
34118,ABSA BANK LTD,D_term_wholesale,219542266.0,2009-10-01
416053,FIRSTRAND BANK LIMITED,A_operational,179050485.69,2009-10-01
416053,FIRSTRAND BANK LIMITED,B_notice_short,38871377.769999996,2009-10-01
416053,FIRSTRAND BANK LIMITED,C_savings,1723353.9,2009-10-01
416053,FIRSTRAND BANK LIMITED,D_term_wholesale,155495827.2,2009-10-01
416061,THE STANDARD BANK OF S A LTD,A_operational,151869247.0,2009-10-01
416061,THE STANDARD BANK OF S A LTD,B_notice_short,105404488.0,2009-10-01
416061,THE STANDARD BANK OF S A LTD,C_savings,37523720.0,2009-10-01
416061,THE STANDARD BANK OF S A LTD,D_term_wholesale,195353365.0,2009-10-01
416088,NEDBANK LTD,A_operational,160452052.0,2009-10-01
416088,NEDBANK LTD,B_notice_short,70427540.0,2009-10-01
416088,NEDBANK LTD,C_savings,8349483.0,2009-10-01
416088,NEDBANK LTD,D_term_wholesale,165079583.0,2009-10-01
TOTAL,*TOTAL*,A_operational,754991355.97,2009-10-01
TOTAL,*TOTAL*,B_notice_short,302170644.21,2009-10-01
TOTAL,*TOTAL*,C_savings,116782387.9,2009-10-01
TOTAL,*TOTAL*,D_term_wholesale,894391416.27,2009-10-01
25054,INVESTEC BANK LTD,A_operational,38795198.0,2009-11-01
25054,INVESTEC BANK LTD,B_notice_short,21203168.0,2009-11-01
25054,INVESTEC BANK LTD,C_savings,2484525.0,2009-11-01
25054,INVESTEC BANK LTD,D_term_wholesale,78268204.0,2009-11-01
333107,CAPITEC BANK,A_operational,185200.0,2009-11-01
333107,CAPITEC BANK,B_notice_short,120335.0,2009-11-01
333107,CAPITEC BANK,C_savings,2254518.0,2009-11-01
333107,CAPITEC BANK,D_term_wholesale,3674403.0,2009-11-01
34118,ABSA BANK LTD,A_operational,165645416.0,2009-11-01
34118,ABSA BANK LTD,B_notice_short,35661522.0,2009-11-01
34118,ABSA BANK LTD,C_savings,62527367.0,2009-11-01
34118,ABSA BANK LTD,D_term_wholesale,230521276.0,2009-11-01
416053,FIRSTRAND BANK LIMITED,A_operational,181153035.73000002,2009-11-01
416053,FIRSTRAND BANK LIMITED,B_notice_short,17796564.77,2009-11-01
416053,FIRSTRAND BANK LIMITED,C_savings,1752133.2000000002,2009-11-01
416053,FIRSTRAND BANK LIMITED,D_term_wholesale,173491221.81,2009-11-01
416061,THE STANDARD BANK OF S A LTD,A_operational,153407470.0,2009-11-01
416061,THE STANDARD BANK OF S A LTD,B_notice_short,84333634.0,2009-11-01
416061,THE STANDARD BANK OF S A LTD,C_savings,38033368.0,2009-11-01
416061,THE STANDARD BANK OF S A LTD,D_term_wholesale,211410781.0,2009-11-01
416088,NEDBANK LTD,A_operational,170905994.0,2009-11-01
416088,NEDBANK LTD,B_notice_short,48494995.0,2009-11-01
416088,NEDBANK LTD,C_savings,8526130.0,2009-11-01
416088,NEDBANK LTD,D_term_wholesale,180121412.0,2009-11-01
TOTAL,*TOTAL*,A_operational,772617295.62,2009-11-01
TOTAL,*TOTAL*,B_notice_short,226858671.62,2009-11-01
TOTAL,*TOTAL*,C_savings,118738689.2,2009-11-01
TOTAL,*TOTAL*,D_term_wholesale,957257071.96,2009-11-01
25054,INVESTEC BANK LTD,A_operational,37049279.0,2009-12-01
25054,INVESTEC BANK LTD,B_notice_short,32583851.0,2009-12-01
25054,INVESTEC BANK LTD,C_savings,2540572.0,2009-12-01
25054,INVESTEC BANK LTD,D_term_wholesale,67661017.0,2009-12-01
333107,CAPITEC BANK,A_operational,106778.0,2009-12-01
333107,CAPITEC BANK,B_notice_short,178876.0,2009-12-01
333107,CAPITEC BANK,C_savings,2221542.0,2009-12-01
333107,CAPITEC BANK,D_term_wholesale,3653171.0,2009-12-01
34118,ABSA BANK LTD,A_operational,158632179.0,2009-12-01
34118,ABSA BANK LTD,B_notice_short,32779228.0,2009-12-01
34118,ABSA BANK LTD,C_savings,62281499.0,2009-12-01
34118,ABSA BANK LTD,D_term_wholesale,225375061.0,2009-12-01
416053,FIRSTRAND BANK LIMITED,A_operational,182002466.33,2009-12-01
416053,FIRSTRAND BANK LIMITED,B_notice_short,34967157.45,2009-12-01
416053,FIRSTRAND BANK LIMITED,C_savings,1733212.21,2009-12-01
416053,FIRSTRAND BANK LIMITED,D_term_wholesale,159535341.98,2009-12-01
416061,THE STANDARD BANK OF S A LTD,A_operational,159614221.0,2009-12-01
416061,THE STANDARD BANK OF S A LTD,B_notice_short,91142223.0,2009-12-01
416061,THE STANDARD BANK OF S A LTD,C_savings,38402764.0,2009-12-01
416061,THE STANDARD BANK OF S A LTD,D_term_wholesale,203495049.0,2009-12-01
416088,NEDBANK LTD,A_operational,192184683.0,2009-12-01
416088,NEDBANK LTD,B_notice_short,45265864.0,2009-12-01
416088,NEDBANK LTD,C_savings,8289679.0,2009-12-01
416088,NEDBANK LTD,D_term_wholesale,167030858.0,2009-12-01
TOTAL,*TOTAL*,A_operational,789826902.67,2009-12-01
TOTAL,*TOTAL*,B_notice_short,255605794.42000002,2009-12-01
TOTAL,*TOTAL*,C_savings,118568743.21,2009-12-01
TOTAL,*TOTAL*,D_term_wholesale,910046688.97,2009-12-01
25054,INVESTEC BANK LTD,A_operational,41027015.0,2010-01-01
25054,INVESTEC BANK LTD,B_notice_short,31288829.0,2010-01-01
25054,INVESTEC BANK LTD,C_savings,2852398.0,2010-01-01
25054,INVESTEC BANK LTD,D_term_wholesale,66589872.0,2010-01-01
333107,CAPITEC BANK,A_operational,214358.0,2010-01-01
333107,CAPITEC BANK,B_notice_short,132891.0,2010-01-01
333107,CAPITEC BANK,C_savings,2178956.0,2010-01-01
333107,CAPITEC BANK,D_term_wholesale,3855505.0,2010-01-01
34118,ABSA BANK LTD,A_operational,159252131.0,2010-01-01
34118,ABSA BANK LTD,B_notice_short,47380393.0,2010-01-01
34118,ABSA BANK LTD,C_savings,61159835.0,2010-01-01
34118,ABSA BANK LTD,D_term_wholesale,213264461.0,2010-01-01
416053,FIRSTRAND BANK LIMITED,A_operational,180947056.42,2010-01-01
416053,FIRSTRAND BANK LIMITED,B_notice_short,38187938.9,2010-01-01
416053,FIRSTRAND BANK LIMITED,C_savings,1698037.23,2010-01-01
416053,FIRSTRAND BANK LIMITED,D_term_wholesale,152508988.16,2010-01-01
416061,THE STANDARD BANK OF S A LTD,A_operational,153140027.0,2010-01-01
416061,THE STANDARD BANK OF S A LTD,B_notice_short,95763741.0,2010-01-01
416061,THE STANDARD BANK OF S A LTD,C_savings,37256943.0,2010-01-01
416061,THE STANDARD BANK OF S A LTD,D_term_wholesale,201091171.0,2010-01-01
416088,NEDBANK LTD,A_operational,205406972.0,2010-01-01
416088,NEDBANK LTD,B_notice_short,43560990.0,2010-01-01
416088,NEDBANK LTD,C_savings,8150738.0,2010-01-01
416088,NEDBANK LTD,D_term_wholesale,154779892.0,2010-01-01
TOTAL,*TOTAL*,A_operational,798160226.0799999,2010-01-01
TOTAL,*TOTAL*,B_notice_short,276817426.5,2010-01-01
TOTAL,*TOTAL*,C_savings,116399219.23,2010-01-01
TOTAL,*TOTAL*,D_term_wholesale,875711262.5600001,2010-01-01
25054,INVESTEC BANK LTD,A_operational,38387342.0,2010-02-01
25054,INVESTEC BANK LTD,B_notice_short,27242398.0,2010-02-01
25054,INVESTEC BANK LTD,C_savings,2671424.0,2010-02-01
25054,INVESTEC BANK LTD,D_term_wholesale,69353649.0,2010-02-01
333107,CAPITEC BANK,A_operational,298377.0,2010-02-01
333107,CAPITEC BANK,B_notice_short,247578.0,2010-02-01
333107,CAPITEC BANK,C_savings,2350319.0,2010-02-01
333107,CAPITEC BANK,D_term_wholesale,3735886.0,2010-02-01
34118,ABSA BANK LTD,A_operational,167731630.0,2010-02-01
34118,ABSA BANK LTD,B_notice_short,44066177.0,2010-02-01
34118,ABSA BANK LTD,C_savings,61383690.0,2010-02-01
34118,ABSA BANK LTD,D_term_wholesale,217924664.0,2010-02-01
416053,FIRSTRAND BANK LIMITED,A_operational,190580708.48,2010-02-01
416053,FIRSTRAND BANK LIMITED,B_notice_short,33622985.16,2010-02-01
416053,FIRSTRAND BANK LIMITED,C_savings,1709691.96,2010-02-01
416053,FIRSTRAND BANK LIMITED,D_term_wholesale,156610585.68,2010-02-01
416061,THE STANDARD BANK OF S A LTD,A_operational,154662863.0,2010-02-01
416061,THE STANDARD BANK OF S A LTD,B_notice_short,97423891.0,2010-02-01
416061,THE STANDARD BANK OF S A LTD,C_savings,36863447.0,2010-02-01
416061,THE STANDARD BANK OF S A LTD,D_term_wholesale,201540718.0,2010-02-01
416088,NEDBANK LTD,A_operational,203415038.0,2010-02-01
416088,NEDBANK LTD,B_notice_short,39972699.0,2010-02-01
416088,NEDBANK LTD,C_savings,8220228.0,2010-02-01
416088,NEDBANK LTD,D_term_wholesale,168532393.0,2010-02-01
TOTAL,*TOTAL*,A_operational,815019200.26,2010-02-01
TOTAL,*TOTAL*,B_notice_short,267562548.74,2010-02-01
TOTAL,*TOTAL*,C_savings,116343168.96000001,2010-02-01
TOTAL,*TOTAL*,D_term_wholesale,900000642.1,2010-02-01
25054,INVESTEC BANK LTD,A_operational,39251038.0,2010-03-01
25054,INVESTEC BANK LTD,B_notice_short,30758766.0,2010-03-01
25054,INVESTEC BANK LTD,C_savings,2742487.0,2010-03-01
25054,INVESTEC BANK LTD,D_term_wholesale,69090345.0,2010-03-01
333107,CAPITEC BANK,A_operational,89942.0,2010-03-01
333107,CAPITEC BANK,B_notice_short,169677.0,2010-03-01
333107,CAPITEC BANK,C_savings,2464768.0,2010-03-01
333107,CAPITEC BANK,D_term_wholesale,3844070.0,2010-03-01
34118,ABSA BANK LTD,A_operational,169323403.0,2010-03-01
34118,ABSA BANK LTD,B_notice_short,42537269.0,2010-03-01
34118,ABSA BANK LTD,C_savings,59875503.0,2010-03-01
34118,ABSA BANK LTD,D_term_wholesale,216442003.0,2010-03-01
416053,FIRSTRAND BANK LIMITED,A_operational,187984371.25,2010-03-01
416053,FIRSTRAND BANK LIMITED,B_notice_short,31966851.47,2010-03-01
416053,FIRSTRAND BANK LIMITED,C_savings,1729733.85,2010-03-01
416053,FIRSTRAND BANK LIMITED,D_term_wholesale,165712391.4,2010-03-01
416061,THE STANDARD BANK OF S A LTD,A_operational,166020025.0,2010-03-01
416061,THE STANDARD BANK OF S A LTD,B_notice_short,90032310.0,2010-03-01
416061,THE STANDARD BANK OF S A LTD,C_savings,36628489.0,2010-03-01
416061,THE STANDARD BANK OF S A LTD,D_term_wholesale,199718195.0,2010-03-01
416088,NEDBANK LTD,A_operational,197492597.0,2010-03-01
416088,NEDBANK LTD,B_notice_short,42573733.0,2010-03-01
416088,NEDBANK LTD,C_savings,8163490.0,2010-03-01
416088,NEDBANK LTD,D_term_wholesale,165761359.0,2010-03-01
TOTAL,*TOTAL*,A_operational,822323772.25,2010-03-01
TOTAL,*TOTAL*,B_notice_short,266939458.42,2010-03-01
TOTAL,*TOTAL*,C_savings,114816908.85,2010-03-01
TOTAL,*TOTAL*,D_term_wholesale,904764704.36,2010-03-01
25054,INVESTEC BANK LTD,A_operational,40361239.0,2010-04-01
25054,INVESTEC BANK LTD,B_notice_short,22863748.0,2010-04-01
25054,INVESTEC BANK LTD,C_savings,2872266.0,2010-04-01
25054,INVESTEC BANK LTD,D_term_wholesale,75992729.0,2010-04-01
333107,CAPITEC BANK,A_operational,179142.0,2010-04-01
333107,CAPITEC BANK,B_notice_short,233609.0,2010-04-01
333107,CAPITEC BANK,C_savings,2588890.0,2010-04-01
333107,CAPITEC BANK,D_term_wholesale,3859019.0,2010-04-01
34118,ABSA BANK LTD,A_operational,167530558.0,2010-04-01
34118,ABSA BANK LTD,B_notice_short,43928208.0,2010-04-01
34118,ABSA BANK LTD,C_savings,62166070.0,2010-04-01
34118,ABSA BANK LTD,D_term_wholesale,210864215.0,2010-04-01
416053,FIRSTRAND BANK LIMITED,A_operational,191380959.52,2010-04-01
416053,FIRSTRAND BANK LIMITED,B_notice_short,33168682.7,2010-04-01
416053,FIRSTRAND BANK LIMITED,C_savings,1763812.2899999998,2010-04-01
416053,FIRSTRAND BANK LIMITED,D_term_wholesale,169801762.26,2010-04-01
416061,THE STANDARD BANK OF S A LTD,A_operational,160398783.0,2010-04-01
416061,THE STANDARD BANK OF S A LTD,B_notice_short,85340593.0,2010-04-01
416061,THE STANDARD BANK OF S A LTD,C_savings,36912172.0,2010-04-01
416061,THE STANDARD BANK OF S A LTD,D_term_wholesale,205334086.0,2010-04-01
416088,NEDBANK LTD,A_operational,197079659.0,2010-04-01
416088,NEDBANK LTD,B_notice_short,42483211.0,2010-04-01
416088,NEDBANK LTD,C_savings,8228002.0,2010-04-01
416088,NEDBANK LTD,D_term_wholesale,171705434.0,2010-04-01
TOTAL,*TOTAL*,A_operational,813941275.15,2010-04-01
TOTAL,*TOTAL*,B_notice_short,262623939.75,2010-04-01
TOTAL,*TOTAL*,C_savings,117812031.28999999,2010-04-01
TOTAL,*TOTAL*,D_term_wholesale,925147488.87,2010-04-01
25054,INVESTEC BANK LTD,A_operational,40725852.0,2010-05-01
25054,INVESTEC BANK LTD,B_notice_short,28890083.0,2010-05-01
25054,INVESTEC BANK LTD,C_savings,3143818.0,2010-05-01
25054,INVESTEC BANK LTD,D_term_wholesale,72492177.0,2010-05-01
333107,CAPITEC BANK,A_operational,185637.0,2010-05-01
333107,CAPITEC BANK,B_notice_short,139849.0,2010-05-01
333107,CAPITEC BANK,C_savings,2690224.0,2010-05-01
333107,CAPITEC BANK,D_term_wholesale,3995920.0,2010-05-01
34118,ABSA BANK LTD,A_operational,164694131.0,2010-05-01
34118,ABSA BANK LTD,B_notice_short,46932687.0,2010-05-01
34118,ABSA BANK LTD,C_savings,62125931.0,2010-05-01
34118,ABSA BANK LTD,D_term_wholesale,207477845.0,2010-05-01
416053,FIRSTRAND BANK LIMITED,A_operational,192915522.91,2010-05-01
416053,FIRSTRAND BANK LIMITED,B_notice_short,33355092.64,2010-05-01
416053,FIRSTRAND BANK LIMITED,C_savings,1782916.5999999999,2010-05-01
416053,FIRSTRAND BANK LIMITED,D_term_wholesale,165443202.81,2010-05-01
416061,THE STANDARD BANK OF S A LTD,A_operational,161577413.0,2010-05-01
416061,THE STANDARD BANK OF S A LTD,B_notice_short,102304242.0,2010-05-01
416061,THE STANDARD BANK OF S A LTD,C_savings,36854974.0,2010-05-01
416061,THE STANDARD BANK OF S A LTD,D_term_wholesale,198521429.0,2010-05-01
416088,NEDBANK LTD,A_operational,205178829.0,2010-05-01
416088,NEDBANK LTD,B_notice_short,43523623.0,2010-05-01
416088,NEDBANK LTD,C_savings,8183061.0,2010-05-01
416088,NEDBANK LTD,D_term_wholesale,163695851.0,2010-05-01
TOTAL,*TOTAL*,A_operational,833318547.2,2010-05-01
TOTAL,*TOTAL*,B_notice_short,288870358.6,2010-05-01
TOTAL,*TOTAL*,C_savings,118063965.60000001,2010-05-01
TOTAL,*TOTAL*,D_term_wholesale,894914590.87,2010-05-01
25054,INVESTEC BANK LTD,A_operational,41733657.0,2010-06-01
25054,INVESTEC BANK LTD,B_notice_short,27437484.0,2010-06-01
25054,INVESTEC BANK LTD,C_savings,3285386.0,2010-06-01
25054,INVESTEC BANK LTD,D_term_wholesale,73651991.0,2010-06-01
333107,CAPITEC BANK,A_operational,191900.0,2010-06-01
333107,CAPITEC BANK,B_notice_short,151771.0,2010-06-01
333107,CAPITEC BANK,C_savings,2913512.0,2010-06-01
333107,CAPITEC BANK,D_term_wholesale,4121215.0,2010-06-01
34118,ABSA BANK LTD,A_operational,168572819.0,2010-06-01
34118,ABSA BANK LTD,B_notice_short,42282008.0,2010-06-01
34118,ABSA BANK LTD,C_savings,62895297.0,2010-06-01
34118,ABSA BANK LTD,D_term_wholesale,212804473.0,2010-06-01
416053,FIRSTRAND BANK LIMITED,A_operational,195004822.32,2010-06-01
416053,FIRSTRAND BANK LIMITED,B_notice_short,33703059.52,2010-06-01
416053,FIRSTRAND BANK LIMITED,C_savings,1810838.25,2010-06-01
416053,FIRSTRAND BANK LIMITED,D_term_wholesale,165948195.04,2010-06-01
416061,THE STANDARD BANK OF S A LTD,A_operational,168714587.0,2010-06-01
416061,THE STANDARD BANK OF S A LTD,B_notice_short,97727281.0,2010-06-01
416061,THE STANDARD BANK OF S A LTD,C_savings,37207682.0,2010-06-01
416061,THE STANDARD BANK OF S A LTD,D_term_wholesale,199713385.0,2010-06-01
416088,NEDBANK LTD,A_operational,208528143.0,2010-06-01
416088,NEDBANK LTD,B_notice_short,38035560.0,2010-06-01
416088,NEDBANK LTD,C_savings,8222168.0,2010-06-01
416088,NEDBANK LTD,D_term_wholesale,169925361.0,2010-06-01
TOTAL,*TOTAL*,A_operational,850075636.41,2010-06-01
TOTAL,*TOTAL*,B_notice_short,266110417.94,2010-06-01
TOTAL,*TOTAL*,C_savings,119702992.25,2010-06-01
TOTAL,*TOTAL*,D_term_wholesale,915029702.93,2010-06-01
25054,INVESTEC BANK LTD,A_operational,38593180.0,2010-07-01
25054,INVESTEC BANK LTD,B_notice_short,28151845.0,2010-07-01
25054,INVESTEC BANK LTD,C_savings,3097672.0,2010-07-01
25054,INVESTEC BANK LTD,D_term_wholesale,79273387.0,2010-07-01
333107,CAPITEC BANK,A_operational,195005.0,2010-07-01
333107,CAPITEC BANK,B_notice_short,142700.0,2010-07-01
333107,CAPITEC BANK,C_savings,2965533.0,2010-07-01
333107,CAPITEC BANK,D_term_wholesale,4303132.0,2010-07-01
34118,ABSA BANK LTD,A_operational,162001234.0,2010-07-01
34118,ABSA BANK LTD,B_notice_short,38240592.0,2010-07-01
34118,ABSA BANK LTD,C_savings,63378133.0,2010-07-01
34118,ABSA BANK LTD,D_term_wholesale,226408632.0,2010-07-01
416053,FIRSTRAND BANK LIMITED,A_operational,196245888.512,2010-07-01
416053,FIRSTRAND BANK LIMITED,B_notice_short,36899528.83,2010-07-01
416053,FIRSTRAND BANK LIMITED,C_savings,1847352.2012999998,2010-07-01
416053,FIRSTRAND BANK LIMITED,D_term_wholesale,160143519.976,2010-07-01
416061,THE STANDARD BANK OF S A LTD,A_operational,165148676.0,2010-07-01
416061,THE STANDARD BANK OF S A LTD,B_notice_short,98050257.0,2010-07-01
416061,THE STANDARD BANK OF S A LTD,C_savings,37671233.0,2010-07-01
416061,THE STANDARD BANK OF S A LTD,D_term_wholesale,207169863.0,2010-07-01
416088,NEDBANK LTD,A_operational,206945162.0,2010-07-01
416088,NEDBANK LTD,B_notice_short,42379935.0,2010-07-01
416088,NEDBANK LTD,C_savings,8274110.0,2010-07-01
416088,NEDBANK LTD,D_term_wholesale,179357418.0,2010-07-01
TOTAL,*TOTAL*,A_operational,834847601.912,2010-07-01
TOTAL,*TOTAL*,B_notice_short,276563775.17,2010-07-01
TOTAL,*TOTAL*,C_savings,120728029.2013,2010-07-01
TOTAL,*TOTAL*,D_term_wholesale,944720941.146,2010-07-01
25054,INVESTEC BANK LTD,A_operational,37690979.0,2010-08-01
25054,INVESTEC BANK LTD,B_notice_short,28951587.0,2010-08-01
25054,INVESTEC BANK LTD,C_savings,3005929.0,2010-08-01
25054,INVESTEC BANK LTD,D_term_wholesale,83718743.0,2010-08-01
333107,CAPITEC BANK,A_operational,154221.0,2010-08-01
333107,CAPITEC BANK,B_notice_short,135739.0,2010-08-01
333107,CAPITEC BANK,C_savings,3039244.0,2010-08-01
333107,CAPITEC BANK,D_term_wholesale,4411074.0,2010-08-01
34118,ABSA BANK LTD,A_operational,173388820.0,2010-08-01
34118,ABSA BANK LTD,B_notice_short,39495867.0,2010-08-01
34118,ABSA BANK LTD,C_savings,63551052.0,2010-08-01
34118,ABSA BANK LTD,D_term_wholesale,227954401.0,2010-08-01
416053,FIRSTRAND BANK LIMITED,A_operational,196800529.55810001,2010-08-01
416053,FIRSTRAND BANK LIMITED,B_notice_short,31067929.4454,2010-08-01
416053,FIRSTRAND BANK LIMITED,C_savings,1878398.7741000003,2010-08-01
416053,FIRSTRAND BANK LIMITED,D_term_wholesale,165905514.1575,2010-08-01
416061,THE STANDARD BANK OF S A LTD,A_operational,162360830.0,2010-08-01
416061,THE STANDARD BANK OF S A LTD,B_notice_short,101600895.0,2010-08-01
416061,THE STANDARD BANK OF S A LTD,C_savings,37438030.0,2010-08-01
416061,THE STANDARD BANK OF S A LTD,D_term_wholesale,210054643.0,2010-08-01
416088,NEDBANK LTD,A_operational,202696153.0,2010-08-01
416088,NEDBANK LTD,B_notice_short,41088668.0,2010-08-01
416088,NEDBANK LTD,C_savings,8267288.0,2010-08-01
416088,NEDBANK LTD,D_term_wholesale,184080877.0,2010-08-01
TOTAL,*TOTAL*,A_operational,837130808.9381,2010-08-01
TOTAL,*TOTAL*,B_notice_short,275841410.7054,2010-08-01
TOTAL,*TOTAL*,C_savings,120607297.7741,2010-08-01
TOTAL,*TOTAL*,D_term_wholesale,963704850.9675,2010-08-01
25054,INVESTEC BANK LTD,A_operational,42606530.0,2010-09-01
25054,INVESTEC BANK LTD,B_notice_short,26455371.0,2010-09-01
25054,INVESTEC BANK LTD,C_savings,2883409.0,2010-09-01
25054,INVESTEC BANK LTD,D_term_wholesale,79799771.0,2010-09-01
333107,CAPITEC BANK,A_operational,66433.0,2010-09-01
333107,CAPITEC BANK,B_notice_short,122660.0,2010-09-01
333107,CAPITEC BANK,C_savings,3259358.0,2010-09-01
333107,CAPITEC BANK,D_term_wholesale,4760688.0,2010-09-01
34118,ABSA BANK LTD,A_operational,172084493.0,2010-09-01
34118,ABSA BANK LTD,B_notice_short,33884426.0,2010-09-01
34118,ABSA BANK LTD,C_savings,64173412.0,2010-09-01
34118,ABSA BANK LTD,D_term_wholesale,228949543.0,2010-09-01
416053,FIRSTRAND BANK LIMITED,A_operational,198473326.8793,2010-09-01
416053,FIRSTRAND BANK LIMITED,B_notice_short,27682303.6173,2010-09-01
416053,FIRSTRAND BANK LIMITED,C_savings,1901479.1456,2010-09-01
416053,FIRSTRAND BANK LIMITED,D_term_wholesale,172533557.0722,2010-09-01
416061,THE STANDARD BANK OF S A LTD,A_operational,164033537.0,2010-09-01
416061,THE STANDARD BANK OF S A LTD,B_notice_short,90430374.0,2010-09-01
416061,THE STANDARD BANK OF S A LTD,C_savings,37772937.0,2010-09-01
416061,THE STANDARD BANK OF S A LTD,D_term_wholesale,213668596.0,2010-09-01
416088,NEDBANK LTD,A_operational,209433314.0,2010-09-01
416088,NEDBANK LTD,B_notice_short,38680336.0,2010-09-01
416088,NEDBANK LTD,C_savings,8347263.0,2010-09-01
416088,NEDBANK LTD,D_term_wholesale,184673796.0,2010-09-01
TOTAL,*TOTAL*,A_operational,851020936.0493,2010-09-01
TOTAL,*TOTAL*,B_notice_short,241387766.16730002,2010-09-01
TOTAL,*TOTAL*,C_savings,121811364.14559999,2010-09-01
TOTAL,*TOTAL*,D_term_wholesale,980507605.8922,2010-09-01
25054,INVESTEC BANK LTD,A_operational,42571536.0,2010-10-01
25054,INVESTEC BANK LTD,B_notice_short,22778211.0,2010-10-01
25054,INVESTEC BANK LTD,C_savings,3036656.0,2010-10-01
25054,INVESTEC BANK LTD,D_term_wholesale,81988510.0,2010-10-01
333107,CAPITEC BANK,A_operational,312205.0,2010-10-01
333107,CAPITEC BANK,B_notice_short,290348.0,2010-10-01
333107,CAPITEC BANK,C_savings,3322303.0,2010-10-01
333107,CAPITEC BANK,D_term_wholesale,4812180.0,2010-10-01
34118,ABSA BANK LTD,A_operational,171436868.0,2010-10-01
34118,ABSA BANK LTD,B_notice_short,43000010.0,2010-10-01
34118,ABSA BANK LTD,C_savings,64014037.0,2010-10-01
34118,ABSA BANK LTD,D_term_wholesale,222074173.0,2010-10-01
416053,FIRSTRAND BANK LIMITED,A_operational,194067135.2411,2010-10-01
416053,FIRSTRAND BANK LIMITED,B_notice_short,32200294.2776,2010-10-01
416053,FIRSTRAND BANK LIMITED,C_savings,1944790.0875,2010-10-01
416053,FIRSTRAND BANK LIMITED,D_term_wholesale,177852106.3999,2010-10-01
416061,THE STANDARD BANK OF S A LTD,A_operational,169581953.0,2010-10-01
416061,THE STANDARD BANK OF S A LTD,B_notice_short,94069950.0,2010-10-01
416061,THE STANDARD BANK OF S A LTD,C_savings,37957119.0,2010-10-01
416061,THE STANDARD BANK OF S A LTD,D_term_wholesale,217476936.0,2010-10-01
416088,NEDBANK LTD,A_operational,212354474.0,2010-10-01
416088,NEDBANK LTD,B_notice_short,37923176.0,2010-10-01
416088,NEDBANK LTD,C_savings,8389171.0,2010-10-01
416088,NEDBANK LTD,D_term_wholesale,190243483.0,2010-10-01
TOTAL,*TOTAL*,A_operational,849300487.7011,2010-10-01
TOTAL,*TOTAL*,B_notice_short,255199465.7676,2010-10-01
TOTAL,*TOTAL*,C_savings,122260125.0875,2010-10-01
TOTAL,*TOTAL*,D_term_wholesale,939432425.8599,2010-10-01
25054,INVESTEC BANK LTD,A_operational,44828301.0,2010-11-01
25054,INVESTEC BANK LTD,B_notice_short,20522253.0,2010-11-01
25054,INVESTEC BANK LTD,C_savings,3207424.0,2010-11-01
25054,INVESTEC BANK LTD,D_term_wholesale,86648210.0,2010-11-01
333107,CAPITEC BANK,A_operational,122581.0,2010-11-01
333107,CAPITEC BANK,B_notice_short,328363.0,2010-11-01
333107,CAPITEC BANK,C_savings,3790574.0,2010-11-01
333107,CAPITEC BANK,D_term_wholesale,4837842.0,2010-11-01
34118,ABSA BANK LTD,A_operational,178583653.0,2010-11-01
34118,ABSA BANK LTD,B_notice_short,29921755.0,2010-11-01
34118,ABSA BANK LTD,C_savings,65332534.0,2010-11-01
34118,ABSA BANK LTD,D_term_wholesale,231981864.0,2010-11-01
416053,FIRSTRAND BANK LIMITED,A_operational,206277669.3866,2010-11-01
416053,FIRSTRAND BANK LIMITED,B_notice_short,24961070.6528,2010-11-01
416053,FIRSTRAND BANK LIMITED,C_savings,1999357.0788,2010-11-01
416053,FIRSTRAND BANK LIMITED,D_term_wholesale,182336271.6097,2010-11-01
416061,THE STANDARD BANK OF S A LTD,A_operational,179013537.0,2010-11-01
416061,THE STANDARD BANK OF S A LTD,B_notice_short,87939776.0,2010-11-01
416061,THE STANDARD BANK OF S A LTD,C_savings,38682344.0,2010-11-01
416061,THE STANDARD BANK OF S A LTD,D_term_wholesale,216339812.0,2010-11-01
416088,NEDBANK LTD,A_operational,212989805.0,2010-11-01
416088,NEDBANK LTD,B_notice_short,25452960.0,2010-11-01
416088,NEDBANK LTD,C_savings,8556386.0,2010-11-01
416088,NEDBANK LTD,D_term_wholesale,198535862.0,2010-11-01
TOTAL,*TOTAL*,A_operational,887839103.6366,2010-11-01
TOTAL,*TOTAL*,B_notice_short,217166091.0928,2010-11-01
TOTAL,*TOTAL*,C_savings,125274241.0788,2010-11-01
TOTAL,*TOTAL*,D_term_wholesale,966759952.3597,2010-11-01
25054,INVESTEC BANK LTD,A_operational,42698272.0,2010-12-01
25054,INVESTEC BANK LTD,B_notice_short,29676259.0,2010-12-01
25054,INVESTEC BANK LTD,C_savings,3095107.0,2010-12-01
25054,INVESTEC BANK LTD,D_term_wholesale,77132860.0,2010-12-01
333107,CAPITEC BANK,A_operational,154257.0,2010-12-01
333107,CAPITEC BANK,B_notice_short,262010.0,2010-12-01
333107,CAPITEC BANK,C_savings,3803254.0,2010-12-01
333107,CAPITEC BANK,D_term_wholesale,4939445.0,2010-12-01
34118,ABSA BANK LTD,A_operational,170816283.0,2010-12-01
34118,ABSA BANK LTD,B_notice_short,46820426.0,2010-12-01
34118,ABSA BANK LTD,C_savings,65632898.0,2010-12-01
34118,ABSA BANK LTD,D_term_wholesale,220590334.0,2010-12-01
416053,FIRSTRAND BANK LIMITED,A_operational,208107111.5303,2010-12-01
416053,FIRSTRAND BANK LIMITED,B_notice_short,37167100.05,2010-12-01
416053,FIRSTRAND BANK LIMITED,C_savings,1989212.8296,2010-12-01
416053,FIRSTRAND BANK LIMITED,D_term_wholesale,171474468.0828,2010-12-01
416061,THE STANDARD BANK OF S A LTD,A_operational,181184991.0,2010-12-01
416061,THE STANDARD BANK OF S A LTD,B_notice_short,94029687.0,2010-12-01
416061,THE STANDARD BANK OF S A LTD,C_savings,38896235.0,2010-12-01
416061,THE STANDARD BANK OF S A LTD,D_term_wholesale,206779645.0,2010-12-01
416088,NEDBANK LTD,A_operational,198439717.0,2010-12-01
416088,NEDBANK LTD,B_notice_short,50035066.0,2010-12-01
416088,NEDBANK LTD,C_savings,8346338.0,2010-12-01
416088,NEDBANK LTD,D_term_wholesale,179315062.0,2010-12-01
TOTAL,*TOTAL*,A_operational,864349820.6203,2010-12-01
TOTAL,*TOTAL*,B_notice_short,282983904.88,2010-12-01
TOTAL,*TOTAL*,C_savings,125250585.82959999,2010-12-01
TOTAL,*TOTAL*,D_term_wholesale,908685632.2328,2010-12-01
25054,INVESTEC BANK LTD,A_operational,43520753.0,2011-01-01
25054,INVESTEC BANK LTD,B_notice_short,27305247.0,2011-01-01
25054,INVESTEC BANK LTD,C_savings,3183284.0,2011-01-01
25054,INVESTEC BANK LTD,D_term_wholesale,81240122.0,2011-01-01
333107,CAPITEC BANK,A_operational,202658.0,2011-01-01
333107,CAPITEC BANK,B_notice_short,285505.0,2011-01-01
333107,CAPITEC BANK,C_savings,3759326.0,2011-01-01
333107,CAPITEC BANK,D_term_wholesale,4979777.0,2011-01-01
34118,ABSA BANK LTD,A_operational,174813891.0,2011-01-01
34118,ABSA BANK LTD,B_notice_short,46121737.0,2011-01-01
34118,ABSA BANK LTD,C_savings,64427390.0,2011-01-01
34118,ABSA BANK LTD,D_term_wholesale,217647460.0,2011-01-01
416053,FIRSTRAND BANK LIMITED,A_operational,206723068.9721,2011-01-01
416053,FIRSTRAND BANK LIMITED,B_notice_short,32318721.4476,2011-01-01
416053,FIRSTRAND BANK LIMITED,C_savings,1957023.0679000001,2011-01-01
416053,FIRSTRAND BANK LIMITED,D_term_wholesale,171078227.459,2011-01-01
416061,THE STANDARD BANK OF S A LTD,A_operational,169128956.0,2011-01-01
416061,THE STANDARD BANK OF S A LTD,B_notice_short,95023433.0,2011-01-01
416061,THE STANDARD BANK OF S A LTD,C_savings,37952520.0,2011-01-01
416061,THE STANDARD BANK OF S A LTD,D_term_wholesale,200618059.0,2011-01-01
416088,NEDBANK LTD,A_operational,203398191.0,2011-01-01
416088,NEDBANK LTD,B_notice_short,44232322.0,2011-01-01
416088,NEDBANK LTD,C_savings,8150436.0,2011-01-01
416088,NEDBANK LTD,D_term_wholesale,177463738.0,2011-01-01
TOTAL,*TOTAL*,A_operational,864870947.8421,2011-01-01
TOTAL,*TOTAL*,B_notice_short,271625148.6476,2011-01-01
TOTAL,*TOTAL*,C_savings,122608787.0679,2011-01-01
TOTAL,*TOTAL*,D_term_wholesale,899260168.739,2011-01-01
25054,INVESTEC BANK LTD,A_operational,42992329.0,2011-02-01
25054,INVESTEC BANK LTD,B_notice_short,25559813.0,2011-02-01
25054,INVESTEC BANK LTD,C_savings,3076736.0,2011-02-01
25054,INVESTEC BANK LTD,D_term_wholesale,84673745.0,2011-02-01
333107,CAPITEC BANK,A_operational,252502.0,2011-02-01
333107,CAPITEC BANK,B_notice_short,223797.0,2011-02-01
333107,CAPITEC BANK,C_savings,3933097.0,2011-02-01
333107,CAPITEC BANK,D_term_wholesale,5087975.0,2011-02-01
34118,ABSA BANK LTD,A_operational,174457124.0,2011-02-01
34118,ABSA BANK LTD,B_notice_short,48755843.0,2011-02-01
34118,ABSA BANK LTD,C_savings,64698267.0,2011-02-01
34118,ABSA BANK LTD,D_term_wholesale,213993540.0,2011-02-01
416053,FIRSTRAND BANK LIMITED,A_operational,209963463.5787,2011-02-01
416053,FIRSTRAND BANK LIMITED,B_notice_short,38850286.9327,2011-02-01
416053,FIRSTRAND BANK LIMITED,C_savings,2017325.1852000002,2011-02-01
416053,FIRSTRAND BANK LIMITED,D_term_wholesale,169979034.358,2011-02-01
416061,THE STANDARD BANK OF S A LTD,A_operational,165314191.0,2011-02-01
416061,THE STANDARD BANK OF S A LTD,B_notice_short,97805157.0,2011-02-01
416061,THE STANDARD BANK OF S A LTD,C_savings,37691405.0,2011-02-01
416061,THE STANDARD BANK OF S A LTD,D_term_wholesale,206856646.0,2011-02-01
416088,NEDBANK LTD,A_operational,212553774.0,2011-02-01
416088,NEDBANK LTD,B_notice_short,35556592.0,2011-02-01
416088,NEDBANK LTD,C_savings,8254288.0,2011-02-01
416088,NEDBANK LTD,D_term_wholesale,184366980.0,2011-02-01
TOTAL,*TOTAL*,A_operational,872116798.7787,2011-02-01
TOTAL,*TOTAL*,B_notice_short,276080747.5027,2011-02-01
TOTAL,*TOTAL*,C_savings,122765232.1852,2011-02-01
TOTAL,*TOTAL*,D_term_wholesale,910213087.888,2011-02-01
25054,INVESTEC BANK LTD,A_operational,42587175.0,2011-03-01
25054,INVESTEC BANK LTD,B_notice_short,26180822.0,2011-03-01
25054,INVESTEC BANK LTD,C_savings,2928190.0,2011-03-01
25054,INVESTEC BANK LTD,D_term_wholesale,83391187.0,2011-03-01
333107,CAPITEC BANK,A_operational,133766.0,2011-03-01
333107,CAPITEC BANK,B_notice_short,194741.0,2011-03-01
333107,CAPITEC BANK,C_savings,4123635.0,2011-03-01
333107,CAPITEC BANK,D_term_wholesale,5286446.0,2011-03-01
34118,ABSA BANK LTD,A_operational,185615659.0,2011-03-01
34118,ABSA BANK LTD,B_notice_short,37384162.0,2011-03-01
34118,ABSA BANK LTD,C_savings,65303236.0,2011-03-01
34118,ABSA BANK LTD,D_term_wholesale,211682919.0,2011-03-01
416053,FIRSTRAND BANK LIMITED,A_operational,215097175.8442,2011-03-01
416053,FIRSTRAND BANK LIMITED,B_notice_short,34176315.2517,2011-03-01
416053,FIRSTRAND BANK LIMITED,C_savings,2061296.8577999999,2011-03-01
416053,FIRSTRAND BANK LIMITED,D_term_wholesale,167775401.1649,2011-03-01
416061,THE STANDARD BANK OF S A LTD,A_operational,177400826.0,2011-03-01
416061,THE STANDARD BANK OF S A LTD,B_notice_short,105944101.0,2011-03-01
416061,THE STANDARD BANK OF S A LTD,C_savings,38189321.0,2011-03-01
416061,THE STANDARD BANK OF S A LTD,D_term_wholesale,207318329.0,2011-03-01
416088,NEDBANK LTD,A_operational,210719335.0,2011-03-01
416088,NEDBANK LTD,B_notice_short,36436323.0,2011-03-01
416088,NEDBANK LTD,C_savings,8281858.0,2011-03-01
416088,NEDBANK LTD,D_term_wholesale,183240149.0,2011-03-01
TOTAL,*TOTAL*,A_operational,900116544.7942,2011-03-01
TOTAL,*TOTAL*,B_notice_short,261838548.4517,2011-03-01
TOTAL,*TOTAL*,C_savings,123993456.85779999,2011-03-01
TOTAL,*TOTAL*,D_term_wholesale,904526737.0949,2011-03-01
25054,INVESTEC BANK LTD,A_operational,47689004.0,2011-04-01
25054,INVESTEC BANK LTD,B_notice_short,26030519.0,2011-04-01
25054,INVESTEC BANK LTD,C_savings,3056674.0,2011-04-01
25054,INVESTEC BANK LTD,D_term_wholesale,79724398.0,2011-04-01
333107,CAPITEC BANK,A_operational,245647.0,2011-04-01
333107,CAPITEC BANK,B_notice_short,715157.0,2011-04-01
333107,CAPITEC BANK,C_savings,4127157.0,2011-04-01
333107,CAPITEC BANK,D_term_wholesale,5019222.0,2011-04-01
34118,ABSA BANK LTD,A_operational,184133541.0,2011-04-01
34118,ABSA BANK LTD,B_notice_short,39577234.0,2011-04-01
34118,ABSA BANK LTD,C_savings,65377844.0,2011-04-01
34118,ABSA BANK LTD,D_term_wholesale,206735209.0,2011-04-01
416053,FIRSTRAND BANK LIMITED,A_operational,213917552.7553,2011-04-01
416053,FIRSTRAND BANK LIMITED,B_notice_short,31403550.1077,2011-04-01
416053,FIRSTRAND BANK LIMITED,C_savings,2115236.4483000003,2011-04-01
416053,FIRSTRAND BANK LIMITED,D_term_wholesale,167445743.2281,2011-04-01
416061,THE STANDARD BANK OF S A LTD,A_operational,163834089.0,2011-04-01
416061,THE STANDARD BANK OF S A LTD,B_notice_short,113309578.0,2011-04-01
416061,THE STANDARD BANK OF S A LTD,C_savings,38059558.0,2011-04-01
416061,THE STANDARD BANK OF S A LTD,D_term_wholesale,208695647.0,2011-04-01
416088,NEDBANK LTD,A_operational,199775197.0,2011-04-01
416088,NEDBANK LTD,B_notice_short,40448854.0,2011-04-01
416088,NEDBANK LTD,C_savings,8363555.0,2011-04-01
416088,NEDBANK LTD,D_term_wholesale,180390609.0,2011-04-01
TOTAL,*TOTAL*,A_operational,874747969.3053,2011-04-01
TOTAL,*TOTAL*,B_notice_short,272517983.5977,2011-04-01
TOTAL,*TOTAL*,C_savings,124224627.4483,2011-04-01
TOTAL,*TOTAL*,D_term_wholesale,894797638.0981,2011-04-01
25054,INVESTEC BANK LTD,A_operational,50801041.0,2011-05-01
25054,INVESTEC BANK LTD,B_notice_short,17701548.0,2011-05-01
25054,INVESTEC BANK LTD,C_savings,3164811.0,2011-05-01
25054,INVESTEC BANK LTD,D_term_wholesale,87085521.0,2011-05-01
333107,CAPITEC BANK,A_operational,311865.0,2011-05-01
333107,CAPITEC BANK,B_notice_short,201779.0,2011-05-01
333107,CAPITEC BANK,C_savings,4309929.0,2011-05-01
333107,CAPITEC BANK,D_term_wholesale,6427210.0,2011-05-01
34118,ABSA BANK LTD,A_operational,167330224.0,2011-05-01
34118,ABSA BANK LTD,B_notice_short,46491163.0,2011-05-01
34118,ABSA BANK LTD,C_savings,65712284.0,2011-05-01
34118,ABSA BANK LTD,D_term_wholesale,208012377.0,2011-05-01
416053,FIRSTRAND BANK LIMITED,A_operational,214370861.81780002,2011-05-01
416053,FIRSTRAND BANK LIMITED,B_notice_short,38581409.561900005,2011-05-01
416053,FIRSTRAND BANK LIMITED,C_savings,2185273.4132,2011-05-01
416053,FIRSTRAND BANK LIMITED,D_term_wholesale,162253736.5663,2011-05-01
416061,THE STANDARD BANK OF S A LTD,A_operational,166476676.0,2011-05-01
416061,THE STANDARD BANK OF S A LTD,B_notice_short,110091757.0,2011-05-01
416061,THE STANDARD BANK OF S A LTD,C_savings,38178993.0,2011-05-01
416061,THE STANDARD BANK OF S A LTD,D_term_wholesale,214831221.0,2011-05-01
416088,NEDBANK LTD,A_operational,198536698.0,2011-05-01
416088,NEDBANK LTD,B_notice_short,41839588.0,2011-05-01
416088,NEDBANK LTD,C_savings,8310739.0,2011-05-01
416088,NEDBANK LTD,D_term_wholesale,181673113.0,2011-05-01
TOTAL,*TOTAL*,A_operational,865858366.3578,2011-05-01
TOTAL,*TOTAL*,B_notice_short,284991992.4519,2011-05-01
TOTAL,*TOTAL*,C_savings,125034638.4132,2011-05-01
TOTAL,*TOTAL*,D_term_wholesale,907575263.5663,2011-05-01
25054,INVESTEC BANK LTD,A_operational,43943219.0,2011-06-01
25054,INVESTEC BANK LTD,B_notice_short,23543431.0,2011-06-01
25054,INVESTEC BANK LTD,C_savings,3394047.0,2011-06-01
25054,INVESTEC BANK LTD,D_term_wholesale,86803757.0,2011-06-01
333107,CAPITEC BANK,A_operational,298969.0,2011-06-01
333107,CAPITEC BANK,B_notice_short,238188.0,2011-06-01
333107,CAPITEC BANK,C_savings,4748473.0,2011-06-01
333107,CAPITEC BANK,D_term_wholesale,6596645.0,2011-06-01
34118,ABSA BANK LTD,A_operational,175757924.0,2011-06-01
34118,ABSA BANK LTD,B_notice_short,37392366.0,2011-06-01
34118,ABSA BANK LTD,C_savings,66769472.0,2011-06-01
34118,ABSA BANK LTD,D_term_wholesale,215185509.0,2011-06-01
416053,FIRSTRAND BANK LIMITED,A_operational,224107715.8898,2011-06-01
416053,FIRSTRAND BANK LIMITED,B_notice_short,30355567.8692,2011-06-01
416053,FIRSTRAND BANK LIMITED,C_savings,2267683.4214000003,2011-06-01
416053,FIRSTRAND BANK LIMITED,D_term_wholesale,165987161.6325,2011-06-01
416061,THE STANDARD BANK OF S A LTD,A_operational,174554801.0,2011-06-01
416061,THE STANDARD BANK OF S A LTD,B_notice_short,108170300.0,2011-06-01
416061,THE STANDARD BANK OF S A LTD,C_savings,38776902.0,2011-06-01
416061,THE STANDARD BANK OF S A LTD,D_term_wholesale,219654146.0,2011-06-01
416088,NEDBANK LTD,A_operational,206527848.0,2011-06-01
416088,NEDBANK LTD,B_notice_short,41903719.0,2011-06-01
416088,NEDBANK LTD,C_savings,8393825.0,2011-06-01
416088,NEDBANK LTD,D_term_wholesale,183906020.0,2011-06-01
TOTAL,*TOTAL*,A_operational,900692816.6498,2011-06-01
TOTAL,*TOTAL*,B_notice_short,260765901.1492,2011-06-01
TOTAL,*TOTAL*,C_savings,127548062.42140001,2011-06-01
TOTAL,*TOTAL*,D_term_wholesale,925976147.8025,2011-06-01
25054,INVESTEC BANK LTD,A_operational,44872089.0,2011-07-01
25054,INVESTEC BANK LTD,B_notice_short,22082889.0,2011-07-01
25054,INVESTEC BANK LTD,C_savings,3680748.0,2011-07-01
25054,INVESTEC BANK LTD,D_term_wholesale,91751506.0,2011-07-01
333107,CAPITEC BANK,A_operational,397699.0,2011-07-01
333107,CAPITEC BANK,B_notice_short,246228.0,2011-07-01
333107,CAPITEC BANK,C_savings,4734154.0,2011-07-01
333107,CAPITEC BANK,D_term_wholesale,6741422.0,2011-07-01
34118,ABSA BANK LTD,A_operational,187497764.0,2011-07-01
34118,ABSA BANK LTD,B_notice_short,37350088.0,2011-07-01
34118,ABSA BANK LTD,C_savings,67192203.0,2011-07-01
34118,ABSA BANK LTD,D_term_wholesale,215335094.0,2011-07-01
416053,FIRSTRAND BANK LIMITED,A_operational,222665403.5496,2011-07-01
416053,FIRSTRAND BANK LIMITED,B_notice_short,34321148.8167,2011-07-01
416053,FIRSTRAND BANK LIMITED,C_savings,2363474.17,2011-07-01
416053,FIRSTRAND BANK LIMITED,D_term_wholesale,167254079.5708,2011-07-01
416061,THE STANDARD BANK OF S A LTD,A_operational,171329299.0,2011-07-01
416061,THE STANDARD BANK OF S A LTD,B_notice_short,107398940.0,2011-07-01
416061,THE STANDARD BANK OF S A LTD,C_savings,39213013.0,2011-07-01
416061,THE STANDARD BANK OF S A LTD,D_term_wholesale,230777628.0,2011-07-01
416088,NEDBANK LTD,A_operational,202364198.0,2011-07-01
416088,NEDBANK LTD,B_notice_short,35098449.0,2011-07-01
416088,NEDBANK LTD,C_savings,8452028.0,2011-07-01
416088,NEDBANK LTD,D_term_wholesale,194330945.0,2011-07-01
TOTAL,*TOTAL*,A_operational,900888008.6096,2011-07-01
TOTAL,*TOTAL*,B_notice_short,253536404.2567,2011-07-01
TOTAL,*TOTAL*,C_savings,129151674.17,2011-07-01
TOTAL,*TOTAL*,D_term_wholesale,955363084.3908,2011-07-01
25054,INVESTEC BANK LTD,A_operational,45817245.0,2011-08-01
25054,INVESTEC BANK LTD,B_notice_short,24152224.0,2011-08-01
25054,INVESTEC BANK LTD,C_savings,3629458.0,2011-08-01
25054,INVESTEC BANK LTD,D_term_wholesale,96375128.0,2011-08-01
333107,CAPITEC BANK,A_operational,136220.0,2011-08-01
333107,CAPITEC BANK,B_notice_short,364363.0,2011-08-01
333107,CAPITEC BANK,C_savings,4963223.0,2011-08-01
333107,CAPITEC BANK,D_term_wholesale,7230779.0,2011-08-01
34118,ABSA BANK LTD,A_operational,190138236.0,2011-08-01
34118,ABSA BANK LTD,B_notice_short,38084113.0,2011-08-01
34118,ABSA BANK LTD,C_savings,67855528.0,2011-08-01
34118,ABSA BANK LTD,D_term_wholesale,215812879.0,2011-08-01
416053,FIRSTRAND BANK LIMITED,A_operational,224279457.4522,2011-08-01
416053,FIRSTRAND BANK LIMITED,B_notice_short,35392888.9817,2011-08-01
416053,FIRSTRAND BANK LIMITED,C_savings,2439834.4516000003,2011-08-01
416053,FIRSTRAND BANK LIMITED,D_term_wholesale,172576897.9075,2011-08-01
416061,THE STANDARD BANK OF S A LTD,A_operational,169652148.0,2011-08-01
416061,THE STANDARD BANK OF S A LTD,B_notice_short,118444686.0,2011-08-01
416061,THE STANDARD BANK OF S A LTD,C_savings,38919873.0,2011-08-01
416061,THE STANDARD BANK OF S A LTD,D_term_wholesale,231310293.0,2011-08-01
416088,NEDBANK LTD,A_operational,206858807.0,2011-08-01
416088,NEDBANK LTD,B_notice_short,40699124.0,2011-08-01
416088,NEDBANK LTD,C_savings,8499883.0,2011-08-01
416088,NEDBANK LTD,D_term_wholesale,192204095.0,2011-08-01
TOTAL,*TOTAL*,A_operational,903723536.6422,2011-08-01
TOTAL,*TOTAL*,B_notice_short,278636674.1517,2011-08-01
TOTAL,*TOTAL*,C_savings,129832174.4516,2011-08-01
TOTAL,*TOTAL*,D_term_wholesale,963705362.0275,2011-08-01
25054,INVESTEC BANK LTD,A_operational,51116802.0,2011-09-01
25054,INVESTEC BANK LTD,B_notice_short,25220261.0,2011-09-01
25054,INVESTEC BANK LTD,C_savings,3795673.0,2011-09-01
25054,INVESTEC BANK LTD,D_term_wholesale,96195902.0,2011-09-01
333107,CAPITEC BANK,A_operational,387563.0,2011-09-01
333107,CAPITEC BANK,B_notice_short,278488.0,2011-09-01
333107,CAPITEC BANK,C_savings,5477463.0,2011-09-01
333107,CAPITEC BANK,D_term_wholesale,7635356.0,2011-09-01
34118,ABSA BANK LTD,A_operational,171206245.0,2011-09-01
34118,ABSA BANK LTD,B_notice_short,38671787.0,2011-09-01
34118,ABSA BANK LTD,C_savings,69772924.0,2011-09-01
34118,ABSA BANK LTD,D_term_wholesale,218176146.0,2011-09-01
416053,FIRSTRAND BANK LIMITED,A_operational,227652297.5659,2011-09-01
416053,FIRSTRAND BANK LIMITED,B_notice_short,29794873.8823,2011-09-01
416053,FIRSTRAND BANK LIMITED,C_savings,2552286.7483,2011-09-01
416053,FIRSTRAND BANK LIMITED,D_term_wholesale,175748677.0998,2011-09-01
416061,THE STANDARD BANK OF S A LTD,A_operational,174388477.0,2011-09-01
416061,THE STANDARD BANK OF S A LTD,B_notice_short,117828068.0,2011-09-01
416061,THE STANDARD BANK OF S A LTD,C_savings,39703543.0,2011-09-01
416061,THE STANDARD BANK OF S A LTD,D_term_wholesale,228902839.0,2011-09-01
416088,NEDBANK LTD,A_operational,206112054.0,2011-09-01
416088,NEDBANK LTD,B_notice_short,50454699.0,2011-09-01
416088,NEDBANK LTD,C_savings,8685745.0,2011-09-01
416088,NEDBANK LTD,D_term_wholesale,179460852.0,2011-09-01
TOTAL,*TOTAL*,A_operational,887063193.7258999,2011-09-01
TOTAL,*TOTAL*,B_notice_short,285581929.0323,2011-09-01
TOTAL,*TOTAL*,C_savings,133697007.7483,2011-09-01
TOTAL,*TOTAL*,D_term_wholesale,963683430.1298,2011-09-01
25054,INVESTEC BANK LTD,A_operational,50722383.0,2011-10-01
25054,INVESTEC BANK LTD,B_notice_short,30325934.0,2011-10-01
25054,INVESTEC BANK LTD,C_savings,4064077.0,2011-10-01
25054,INVESTEC BANK LTD,D_term_wholesale,94389276.0,2011-10-01
333107,CAPITEC BANK,A_operational,441638.0,2011-10-01
333107,CAPITEC BANK,B_notice_short,498131.0,2011-10-01
333107,CAPITEC BANK,C_savings,5524895.0,2011-10-01
333107,CAPITEC BANK,D_term_wholesale,7746603.0,2011-10-01
34118,ABSA BANK LTD,A_operational,178967392.0,2011-10-01
34118,ABSA BANK LTD,B_notice_short,42177438.0,2011-10-01
34118,ABSA BANK LTD,C_savings,69206450.0,2011-10-01
34118,ABSA BANK LTD,D_term_wholesale,218376884.0,2011-10-01
416053,FIRSTRAND BANK LIMITED,A_operational,235596694.7514,2011-10-01
416053,FIRSTRAND BANK LIMITED,B_notice_short,37268113.4614,2011-10-01
416053,FIRSTRAND BANK LIMITED,C_savings,2633954.5007,2011-10-01
416053,FIRSTRAND BANK LIMITED,D_term_wholesale,171904315.5176,2011-10-01
416061,THE STANDARD BANK OF S A LTD,A_operational,176433917.0,2011-10-01
416061,THE STANDARD BANK OF S A LTD,B_notice_short,115597959.0,2011-10-01
416061,THE STANDARD BANK OF S A LTD,C_savings,39466645.0,2011-10-01
416061,THE STANDARD BANK OF S A LTD,D_term_wholesale,225725754.0,2011-10-01
416088,NEDBANK LTD,A_operational,211355639.0,2011-10-01
416088,NEDBANK LTD,B_notice_short,42030404.0,2011-10-01
416088,NEDBANK LTD,C_savings,8583249.0,2011-10-01
416088,NEDBANK LTD,D_term_wholesale,182131306.0,2011-10-01
TOTAL,*TOTAL*,A_operational,915192352.1414,2011-10-01
TOTAL,*TOTAL*,B_notice_short,291298600.77140003,2011-10-01
TOTAL,*TOTAL*,C_savings,133284951.5007,2011-10-01
TOTAL,*TOTAL*,D_term_wholesale,960183261.7176,2011-10-01
25054,INVESTEC BANK LTD,A_operational,52211901.0,2011-11-01
25054,INVESTEC BANK LTD,B_notice_short,28981809.0,2011-11-01
25054,INVESTEC BANK LTD,C_savings,4273782.0,2011-11-01
25054,INVESTEC BANK LTD,D_term_wholesale,99273965.0,2011-11-01
333107,CAPITEC BANK,A_operational,326708.0,2011-11-01
333107,CAPITEC BANK,B_notice_short,470396.0,2011-11-01
333107,CAPITEC BANK,C_savings,6181923.0,2011-11-01
333107,CAPITEC BANK,D_term_wholesale,8212216.0,2011-11-01
34118,ABSA BANK LTD,A_operational,179587795.0,2011-11-01
34118,ABSA BANK LTD,B_notice_short,39982735.0,2011-11-01
34118,ABSA BANK LTD,C_savings,71151638.0,2011-11-01
34118,ABSA BANK LTD,D_term_wholesale,217361403.0,2011-11-01
416053,FIRSTRAND BANK LIMITED,A_operational,237688294.9723,2011-11-01
416053,FIRSTRAND BANK LIMITED,B_notice_short,33638086.5343,2011-11-01
416053,FIRSTRAND BANK LIMITED,C_savings,2705064.4501,2011-11-01
416053,FIRSTRAND BANK LIMITED,D_term_wholesale,181869542.8238,2011-11-01
416061,THE STANDARD BANK OF S A LTD,A_operational,185690043.0,2011-11-01
416061,THE STANDARD BANK OF S A LTD,B_notice_short,103462868.0,2011-11-01
416061,THE STANDARD BANK OF S A LTD,C_savings,40740960.0,2011-11-01
416061,THE STANDARD BANK OF S A LTD,D_term_wholesale,239519050.0,2011-11-01
416088,NEDBANK LTD,A_operational,219060531.0,2011-11-01
416088,NEDBANK LTD,B_notice_short,29852958.0,2011-11-01
416088,NEDBANK LTD,C_savings,8804775.0,2011-11-01
416088,NEDBANK LTD,D_term_wholesale,199090121.0,2011-11-01
TOTAL,*TOTAL*,A_operational,941800463.6523,2011-11-01
TOTAL,*TOTAL*,B_notice_short,253955525.5443,2011-11-01
TOTAL,*TOTAL*,C_savings,138061468.4501,2011-11-01
TOTAL,*TOTAL*,D_term_wholesale,1003117387.9838,2011-11-01
25054,INVESTEC BANK LTD,A_operational,51507701.0,2011-12-01
25054,INVESTEC BANK LTD,B_notice_short,29314140.0,2011-12-01
25054,INVESTEC BANK LTD,C_savings,4894331.0,2011-12-01
25054,INVESTEC BANK LTD,D_term_wholesale,96534400.0,2011-12-01
333107,CAPITEC BANK,A_operational,263918.0,2011-12-01
333107,CAPITEC BANK,B_notice_short,324210.0,2011-12-01
333107,CAPITEC BANK,C_savings,6092803.0,2011-12-01
333107,CAPITEC BANK,D_term_wholesale,8401623.0,2011-12-01
34118,ABSA BANK LTD,A_operational,198522752.0,2011-12-01
34118,ABSA BANK LTD,B_notice_short,44984097.0,2011-12-01
34118,ABSA BANK LTD,C_savings,71831055.0,2011-12-01
34118,ABSA BANK LTD,D_term_wholesale,209586546.0,2011-12-01
416053,FIRSTRAND BANK LIMITED,A_operational,239753368.6069,2011-12-01
416053,FIRSTRAND BANK LIMITED,B_notice_short,45797524.4024,2011-12-01
416053,FIRSTRAND BANK LIMITED,C_savings,2721719.1164,2011-12-01
416053,FIRSTRAND BANK LIMITED,D_term_wholesale,169840238.37330002,2011-12-01
416061,THE STANDARD BANK OF S A LTD,A_operational,202183702.0,2011-12-01
416061,THE STANDARD BANK OF S A LTD,B_notice_short,116014681.0,2011-12-01
416061,THE STANDARD BANK OF S A LTD,C_savings,41163429.0,2011-12-01
416061,THE STANDARD BANK OF S A LTD,D_term_wholesale,224224057.0,2011-12-01
416088,NEDBANK LTD,A_operational,216825256.0,2011-12-01
416088,NEDBANK LTD,B_notice_short,50317962.0,2011-12-01
416088,NEDBANK LTD,C_savings,8583758.0,2011-12-01
416088,NEDBANK LTD,D_term_wholesale,182312623.0,2011-12-01
TOTAL,*TOTAL*,A_operational,970120358.5269,2011-12-01
TOTAL,*TOTAL*,B_notice_short,318546871.5424,2011-12-01
TOTAL,*TOTAL*,C_savings,139200460.1164,2011-12-01
TOTAL,*TOTAL*,D_term_wholesale,944432089.5733,2011-12-01
25054,INVESTEC BANK LTD,A_operational,52868861.0,2012-01-01
25054,INVESTEC BANK LTD,B_notice_short,36310327.0,2012-01-01
25054,INVESTEC BANK LTD,C_savings,4883739.0,2012-01-01
25054,INVESTEC BANK LTD,D_term_wholesale,90991206.0,2012-01-01
333107,CAPITEC BANK,A_operational,161102.0,2012-01-01
333107,CAPITEC BANK,B_notice_short,305237.0,2012-01-01
333107,CAPITEC BANK,C_savings,5980389.0,2012-01-01
333107,CAPITEC BANK,D_term_wholesale,6062214.0,2012-01-01
34118,ABSA BANK LTD,A_operational,193692998.0,2012-01-01
34118,ABSA BANK LTD,B_notice_short,42597630.0,2012-01-01
34118,ABSA BANK LTD,C_savings,70355440.0,2012-01-01
34118,ABSA BANK LTD,D_term_wholesale,208999899.0,2012-01-01
416053,FIRSTRAND BANK LIMITED,A_operational,236987824.09,2012-01-01
416053,FIRSTRAND BANK LIMITED,B_notice_short,43420229.67,2012-01-01
416053,FIRSTRAND BANK LIMITED,C_savings,2632054.9299999997,2012-01-01
416053,FIRSTRAND BANK LIMITED,D_term_wholesale,170324374.47,2012-01-01
416061,THE STANDARD BANK OF S A LTD,A_operational,192860903.0,2012-01-01
416061,THE STANDARD BANK OF S A LTD,B_notice_short,116748337.0,2012-01-01
416061,THE STANDARD BANK OF S A LTD,C_savings,40122748.0,2012-01-01
416061,THE STANDARD BANK OF S A LTD,D_term_wholesale,221572063.0,2012-01-01
416088,NEDBANK LTD,A_operational,228213935.0,2012-01-01
416088,NEDBANK LTD,B_notice_short,46196310.0,2012-01-01
416088,NEDBANK LTD,C_savings,8339845.0,2012-01-01
416088,NEDBANK LTD,D_term_wholesale,173936893.0,2012-01-01
TOTAL,*TOTAL*,A_operational,968390153.02,2012-01-01
TOTAL,*TOTAL*,B_notice_short,309665374.96,2012-01-01
TOTAL,*TOTAL*,C_savings,136201107.93,2012-01-01
TOTAL,*TOTAL*,D_term_wholesale,912105625.14,2012-01-01
25054,INVESTEC BANK LTD,A_operational,54262692.0,2012-02-01
25054,INVESTEC BANK LTD,B_notice_short,27215793.0,2012-02-01
25054,INVESTEC BANK LTD,C_savings,4950479.0,2012-02-01
25054,INVESTEC BANK LTD,D_term_wholesale,98436065.0,2012-02-01
333107,CAPITEC BANK,A_operational,183126.0,2012-02-01
333107,CAPITEC BANK,B_notice_short,282267.0,2012-02-01
333107,CAPITEC BANK,C_savings,6348206.0,2012-02-01
333107,CAPITEC BANK,D_term_wholesale,6565320.0,2012-02-01
34118,ABSA BANK LTD,A_operational,190372343.0,2012-02-01
34118,ABSA BANK LTD,B_notice_short,36465342.0,2012-02-01
34118,ABSA BANK LTD,C_savings,70338349.0,2012-02-01
34118,ABSA BANK LTD,D_term_wholesale,213639339.0,2012-02-01
416053,FIRSTRAND BANK LIMITED,A_operational,245466887.93,2012-02-01
416053,FIRSTRAND BANK LIMITED,B_notice_short,40408347.16,2012-02-01
416053,FIRSTRAND BANK LIMITED,C_savings,2682737.64,2012-02-01
416053,FIRSTRAND BANK LIMITED,D_term_wholesale,172591262.32999998,2012-02-01
416061,THE STANDARD BANK OF S A LTD,A_operational,197729761.0,2012-02-01
416061,THE STANDARD BANK OF S A LTD,B_notice_short,121789835.0,2012-02-01
416061,THE STANDARD BANK OF S A LTD,C_savings,39718896.0,2012-02-01
416061,THE STANDARD BANK OF S A LTD,D_term_wholesale,219507955.0,2012-02-01
416088,NEDBANK LTD,A_operational,232429441.0,2012-02-01
416088,NEDBANK LTD,B_notice_short,37691176.0,2012-02-01
416088,NEDBANK LTD,C_savings,8420121.0,2012-02-01
416088,NEDBANK LTD,D_term_wholesale,180477011.0,2012-02-01
TOTAL,*TOTAL*,A_operational,983180864.65,2012-02-01
TOTAL,*TOTAL*,B_notice_short,289672405.40000004,2012-02-01
TOTAL,*TOTAL*,C_savings,136420195.64000002,2012-02-01
TOTAL,*TOTAL*,D_term_wholesale,932696006.26,2012-02-01
25054,INVESTEC BANK LTD,A_operational,50097845.0,2012-03-01
25054,INVESTEC BANK LTD,B_notice_short,28964916.0,2012-03-01
25054,INVESTEC BANK LTD,C_savings,4424638.0,2012-03-01
25054,INVESTEC BANK LTD,D_term_wholesale,101352763.0,2012-03-01
333107,CAPITEC BANK,A_operational,381444.0,2012-03-01
333107,CAPITEC BANK,B_notice_short,252008.0,2012-03-01
333107,CAPITEC BANK,C_savings,6645792.0,2012-03-01
333107,CAPITEC BANK,D_term_wholesale,6866409.0,2012-03-01
34118,ABSA BANK LTD,A_operational,194610504.0,2012-03-01
34118,ABSA BANK LTD,B_notice_short,36245429.0,2012-03-01
34118,ABSA BANK LTD,C_savings,70812750.0,2012-03-01
34118,ABSA BANK LTD,D_term_wholesale,211525232.0,2012-03-01
416053,FIRSTRAND BANK LIMITED,A_operational,238057558.95000002,2012-03-01
416053,FIRSTRAND BANK LIMITED,B_notice_short,40824397.3,2012-03-01
416053,FIRSTRAND BANK LIMITED,C_savings,2895291.16,2012-03-01
416053,FIRSTRAND BANK LIMITED,D_term_wholesale,154717426.28,2012-03-01
416061,THE STANDARD BANK OF S A LTD,A_operational,217485004.0,2012-03-01
416061,THE STANDARD BANK OF S A LTD,B_notice_short,113496987.0,2012-03-01
416061,THE STANDARD BANK OF S A LTD,C_savings,40029109.0,2012-03-01
416061,THE STANDARD BANK OF S A LTD,D_term_wholesale,221280029.0,2012-03-01
416088,NEDBANK LTD,A_operational,230437397.0,2012-03-01
416088,NEDBANK LTD,B_notice_short,37786602.0,2012-03-01
416088,NEDBANK LTD,C_savings,8453459.0,2012-03-01
416088,NEDBANK LTD,D_term_wholesale,188036500.0,2012-03-01
TOTAL,*TOTAL*,A_operational,987289058.85,2012-03-01
TOTAL,*TOTAL*,B_notice_short,286188493.29,2012-03-01
TOTAL,*TOTAL*,C_savings,137356721.16,2012-03-01
TOTAL,*TOTAL*,D_term_wholesale,930669357.71,2012-03-01
25054,INVESTEC BANK LTD,A_operational,49947875.0,2012-04-01
25054,INVESTEC BANK LTD,B_notice_short,29441027.0,2012-04-01
25054,INVESTEC BANK LTD,C_savings,4259167.0,2012-04-01
25054,INVESTEC BANK LTD,D_term_wholesale,96224161.0,2012-04-01
333107,CAPITEC BANK,A_operational,211294.0,2012-04-01
333107,CAPITEC BANK,B_notice_short,266947.0,2012-04-01
333107,CAPITEC BANK,C_savings,6738230.0,2012-04-01
333107,CAPITEC BANK,D_term_wholesale,7081605.0,2012-04-01
34118,ABSA BANK LTD,A_operational,192387899.0,2012-04-01
34118,ABSA BANK LTD,B_notice_short,35693315.0,2012-04-01
34118,ABSA BANK LTD,C_savings,71474716.0,2012-04-01
34118,ABSA BANK LTD,D_term_wholesale,219508922.0,2012-04-01
416053,FIRSTRAND BANK LIMITED,A_operational,240071951.17,2012-04-01
416053,FIRSTRAND BANK LIMITED,B_notice_short,45831071.88,2012-04-01
416053,FIRSTRAND BANK LIMITED,C_savings,2987366.2199999997,2012-04-01
416053,FIRSTRAND BANK LIMITED,D_term_wholesale,152721688.31,2012-04-01
416061,THE STANDARD BANK OF S A LTD,A_operational,190852977.0,2012-04-01
416061,THE STANDARD BANK OF S A LTD,B_notice_short,123486244.0,2012-04-01
416061,THE STANDARD BANK OF S A LTD,C_savings,40381773.0,2012-04-01
416061,THE STANDARD BANK OF S A LTD,D_term_wholesale,219688627.0,2012-04-01
416088,NEDBANK LTD,A_operational,218007716.0,2012-04-01
416088,NEDBANK LTD,B_notice_short,45299741.0,2012-04-01
416088,NEDBANK LTD,C_savings,8585346.0,2012-04-01
416088,NEDBANK LTD,D_term_wholesale,192082838.0,2012-04-01
TOTAL,*TOTAL*,A_operational,952134421.87,2012-04-01
TOTAL,*TOTAL*,B_notice_short,302971142.46999997,2012-04-01
TOTAL,*TOTAL*,C_savings,138480317.22,2012-04-01
TOTAL,*TOTAL*,D_term_wholesale,933260188.48,2012-04-01
25054,INVESTEC BANK LTD,A_operational,53246890.0,2012-05-01
25054,INVESTEC BANK LTD,B_notice_short,28764981.0,2012-05-01
25054,INVESTEC BANK LTD,C_savings,4348229.0,2012-05-01
25054,INVESTEC BANK LTD,D_term_wholesale,95962296.0,2012-05-01
333107,CAPITEC BANK,A_operational,156891.0,2012-05-01
333107,CAPITEC BANK,B_notice_short,265034.0,2012-05-01
333107,CAPITEC BANK,C_savings,7384177.0,2012-05-01
333107,CAPITEC BANK,D_term_wholesale,7339846.0,2012-05-01
34118,ABSA BANK LTD,A_operational,194970307.0,2012-05-01
34118,ABSA BANK LTD,B_notice_short,36438143.0,2012-05-01
34118,ABSA BANK LTD,C_savings,71806578.0,2012-05-01
34118,ABSA BANK LTD,D_term_wholesale,216272192.0,2012-05-01
416053,FIRSTRAND BANK LIMITED,A_operational,242810957.83,2012-05-01
416053,FIRSTRAND BANK LIMITED,B_notice_short,40107398.68,2012-05-01
416053,FIRSTRAND BANK LIMITED,C_savings,3325451.08,2012-05-01
416053,FIRSTRAND BANK LIMITED,D_term_wholesale,157904142.13,2012-05-01
416061,THE STANDARD BANK OF S A LTD,A_operational,191716869.0,2012-05-01
416061,THE STANDARD BANK OF S A LTD,B_notice_short,125118852.0,2012-05-01
416061,THE STANDARD BANK OF S A LTD,C_savings,40873006.0,2012-05-01
416061,THE STANDARD BANK OF S A LTD,D_term_wholesale,217341083.0,2012-05-01
416088,NEDBANK LTD,A_operational,228234922.0,2012-05-01
416088,NEDBANK LTD,B_notice_short,38464898.0,2012-05-01
416088,NEDBANK LTD,C_savings,8587474.0,2012-05-01
416088,NEDBANK LTD,D_term_wholesale,199351305.0,2012-05-01
TOTAL,*TOTAL*,A_operational,973417627.42,2012-05-01
TOTAL,*TOTAL*,B_notice_short,296377142.4,2012-05-01
TOTAL,*TOTAL*,C_savings,140542163.08,2012-05-01
TOTAL,*TOTAL*,D_term_wholesale,939296544.19,2012-05-01
25054,INVESTEC BANK LTD,A_operational,51659277.0,2012-06-01
25054,INVESTEC BANK LTD,B_notice_short,30705675.0,2012-06-01
25054,INVESTEC BANK LTD,C_savings,4355080.0,2012-06-01
25054,INVESTEC BANK LTD,D_term_wholesale,97432031.0,2012-06-01
333107,CAPITEC BANK,A_operational,865915.0,2012-06-01
333107,CAPITEC BANK,B_notice_short,535479.0,2012-06-01
333107,CAPITEC BANK,C_savings,7813391.0,2012-06-01
333107,CAPITEC BANK,D_term_wholesale,7423699.0,2012-06-01
34118,ABSA BANK LTD,A_operational,197268043.0,2012-06-01
34118,ABSA BANK LTD,B_notice_short,37068578.0,2012-06-01
34118,ABSA BANK LTD,C_savings,72392606.0,2012-06-01
34118,ABSA BANK LTD,D_term_wholesale,222109016.0,2012-06-01
416053,FIRSTRAND BANK LIMITED,A_operational,255600997.04,2012-06-01
416053,FIRSTRAND BANK LIMITED,B_notice_short,44592567.36,2012-06-01
416053,FIRSTRAND BANK LIMITED,C_savings,3472281.08,2012-06-01
416053,FIRSTRAND BANK LIMITED,D_term_wholesale,155154391.53,2012-06-01
416061,THE STANDARD BANK OF S A LTD,A_operational,207344831.0,2012-06-01
416061,THE STANDARD BANK OF S A LTD,B_notice_short,115013765.0,2012-06-01
416061,THE STANDARD BANK OF S A LTD,C_savings,41093592.0,2012-06-01
416061,THE STANDARD BANK OF S A LTD,D_term_wholesale,217500821.0,2012-06-01
416088,NEDBANK LTD,A_operational,225016806.0,2012-06-01
416088,NEDBANK LTD,B_notice_short,37853323.0,2012-06-01
416088,NEDBANK LTD,C_savings,8643400.0,2012-06-01
416088,NEDBANK LTD,D_term_wholesale,204019359.0,2012-06-01
TOTAL,*TOTAL*,A_operational,997696414.05,2012-06-01
TOTAL,*TOTAL*,B_notice_short,296754144.28,2012-06-01
TOTAL,*TOTAL*,C_savings,142378642.08,2012-06-01
TOTAL,*TOTAL*,D_term_wholesale,952384214.16,2012-06-01
25054,INVESTEC BANK LTD,A_operational,55497775.0,2012-07-01
25054,INVESTEC BANK LTD,B_notice_short,28833379.0,2012-07-01
25054,INVESTEC BANK LTD,C_savings,4238089.0,2012-07-01
25054,INVESTEC BANK LTD,D_term_wholesale,98342322.0,2012-07-01
333107,CAPITEC BANK,A_operational,246189.0,2012-07-01
333107,CAPITEC BANK,B_notice_short,443559.0,2012-07-01
333107,CAPITEC BANK,C_savings,8065974.0,2012-07-01
333107,CAPITEC BANK,D_term_wholesale,7843112.0,2012-07-01
34118,ABSA BANK LTD,A_operational,200891145.0,2012-07-01
34118,ABSA BANK LTD,B_notice_short,35671777.0,2012-07-01
34118,ABSA BANK LTD,C_savings,72826481.0,2012-07-01
34118,ABSA BANK LTD,D_term_wholesale,231066690.0,2012-07-01
416053,FIRSTRAND BANK LIMITED,A_operational,247456007.62,2012-07-01
416053,FIRSTRAND BANK LIMITED,B_notice_short,44707514.71,2012-07-01
416053,FIRSTRAND BANK LIMITED,C_savings,3606204.9800000004,2012-07-01
416053,FIRSTRAND BANK LIMITED,D_term_wholesale,158848967.4,2012-07-01
416061,THE STANDARD BANK OF S A LTD,A_operational,190693450.0,2012-07-01
416061,THE STANDARD BANK OF S A LTD,B_notice_short,125004197.0,2012-07-01
416061,THE STANDARD BANK OF S A LTD,C_savings,41313951.0,2012-07-01
416061,THE STANDARD BANK OF S A LTD,D_term_wholesale,225022013.0,2012-07-01
416088,NEDBANK LTD,A_operational,222364808.0,2012-07-01
416088,NEDBANK LTD,B_notice_short,42419034.0,2012-07-01
416088,NEDBANK LTD,C_savings,8598910.0,2012-07-01
416088,NEDBANK LTD,D_term_wholesale,200321009.0,2012-07-01
TOTAL,*TOTAL*,A_operational,980381409.51,2012-07-01
TOTAL,*TOTAL*,B_notice_short,309300086.15999997,2012-07-01
TOTAL,*TOTAL*,C_savings,143426685.98,2012-07-01
TOTAL,*TOTAL*,D_term_wholesale,970132698.7,2012-07-01
25054,INVESTEC BANK LTD,A_operational,54792282.0,2012-08-01
25054,INVESTEC BANK LTD,B_notice_short,27626674.0,2012-08-01
25054,INVESTEC BANK LTD,C_savings,4175730.0,2012-08-01
25054,INVESTEC BANK LTD,D_term_wholesale,96096118.0,2012-08-01
333107,CAPITEC BANK,A_operational,345164.0,2012-08-01
333107,CAPITEC BANK,B_notice_short,460066.0,2012-08-01
333107,CAPITEC BANK,C_savings,8863732.0,2012-08-01
333107,CAPITEC BANK,D_term_wholesale,8840859.0,2012-08-01
34118,ABSA BANK LTD,A_operational,197697069.0,2012-08-01
34118,ABSA BANK LTD,B_notice_short,40497449.0,2012-08-01
34118,ABSA BANK LTD,C_savings,73929885.0,2012-08-01
34118,ABSA BANK LTD,D_term_wholesale,228662755.0,2012-08-01
416053,FIRSTRAND BANK LIMITED,A_operational,246304700.53,2012-08-01
416053,FIRSTRAND BANK LIMITED,B_notice_short,47464271.81,2012-08-01
416053,FIRSTRAND BANK LIMITED,C_savings,3783883.87,2012-08-01
416053,FIRSTRAND BANK LIMITED,D_term_wholesale,167713430.91,2012-08-01
416061,THE STANDARD BANK OF S A LTD,A_operational,199342183.0,2012-08-01
416061,THE STANDARD BANK OF S A LTD,B_notice_short,130510871.0,2012-08-01
416061,THE STANDARD BANK OF S A LTD,C_savings,41600902.0,2012-08-01
416061,THE STANDARD BANK OF S A LTD,D_term_wholesale,217553117.0,2012-08-01
416088,NEDBANK LTD,A_operational,217151953.0,2012-08-01
416088,NEDBANK LTD,B_notice_short,35307202.0,2012-08-01
416088,NEDBANK LTD,C_savings,8770819.0,2012-08-01
416088,NEDBANK LTD,D_term_wholesale,212967755.0,2012-08-01
TOTAL,*TOTAL*,A_operational,973971629.87,2012-08-01
TOTAL,*TOTAL*,B_notice_short,318415592.22,2012-08-01
TOTAL,*TOTAL*,C_savings,145744647.87,2012-08-01
TOTAL,*TOTAL*,D_term_wholesale,977063406.4200001,2012-08-01
25054,INVESTEC BANK LTD,A_operational,55673947.0,2012-09-01
25054,INVESTEC BANK LTD,B_notice_short,24546725.0,2012-09-01
25054,INVESTEC BANK LTD,C_savings,4132533.0,2012-09-01
25054,INVESTEC BANK LTD,D_term_wholesale,91785540.0,2012-09-01
333107,CAPITEC BANK,A_operational,1220560.0,2012-09-01
333107,CAPITEC BANK,B_notice_short,480350.0,2012-09-01
333107,CAPITEC BANK,C_savings,9169042.0,2012-09-01
333107,CAPITEC BANK,D_term_wholesale,9132513.0,2012-09-01
34118,ABSA BANK LTD,A_operational,194359665.0,2012-09-01
34118,ABSA BANK LTD,B_notice_short,33526951.0,2012-09-01
34118,ABSA BANK LTD,C_savings,73508433.0,2012-09-01
34118,ABSA BANK LTD,D_term_wholesale,234627274.0,2012-09-01
416053,FIRSTRAND BANK LIMITED,A_operational,248152246.8965,2012-09-01
416053,FIRSTRAND BANK LIMITED,B_notice_short,52649338.6269,2012-09-01
416053,FIRSTRAND BANK LIMITED,C_savings,3908470.0591,2012-09-01
416053,FIRSTRAND BANK LIMITED,D_term_wholesale,171542735.7193,2012-09-01
416061,THE STANDARD BANK OF S A LTD,A_operational,201608950.0,2012-09-01
416061,THE STANDARD BANK OF S A LTD,B_notice_short,127429612.0,2012-09-01
416061,THE STANDARD BANK OF S A LTD,C_savings,41400953.0,2012-09-01
416061,THE STANDARD BANK OF S A LTD,D_term_wholesale,214905822.0,2012-09-01
416088,NEDBANK LTD,A_operational,233544759.0,2012-09-01
416088,NEDBANK LTD,B_notice_short,31513353.0,2012-09-01
416088,NEDBANK LTD,C_savings,8811401.0,2012-09-01
416088,NEDBANK LTD,D_term_wholesale,209623798.0,2012-09-01
TOTAL,*TOTAL*,A_operational,998298150.0465,2012-09-01
TOTAL,*TOTAL*,B_notice_short,295288299.7169,2012-09-01
TOTAL,*TOTAL*,C_savings,145517957.0591,2012-09-01
TOTAL,*TOTAL*,D_term_wholesale,986253157.8793,2012-09-01
25054,INVESTEC BANK LTD,A_operational,55920043.0,2012-10-01
25054,INVESTEC BANK LTD,B_notice_short,23704001.0,2012-10-01
25054,INVESTEC BANK LTD,C_savings,4057577.0,2012-10-01
25054,INVESTEC BANK LTD,D_term_wholesale,95103664.0,2012-10-01
333107,CAPITEC BANK,A_operational,173185.0,2012-10-01
333107,CAPITEC BANK,B_notice_short,651777.0,2012-10-01
333107,CAPITEC BANK,C_savings,9438033.0,2012-10-01
333107,CAPITEC BANK,D_term_wholesale,9272089.0,2012-10-01
34118,ABSA BANK LTD,A_operational,181047761.0,2012-10-01
34118,ABSA BANK LTD,B_notice_short,34837826.0,2012-10-01
34118,ABSA BANK LTD,C_savings,73786120.0,2012-10-01
34118,ABSA BANK LTD,D_term_wholesale,239592802.0,2012-10-01
416053,FIRSTRAND BANK LIMITED,A_operational,249761820.0228,2012-10-01
416053,FIRSTRAND BANK LIMITED,B_notice_short,52138283.6924,2012-10-01
416053,FIRSTRAND BANK LIMITED,C_savings,4012368.1863,2012-10-01
416053,FIRSTRAND BANK LIMITED,D_term_wholesale,174994658.7202,2012-10-01
416061,THE STANDARD BANK OF S A LTD,A_operational,198334151.0,2012-10-01
416061,THE STANDARD BANK OF S A LTD,B_notice_short,123612136.0,2012-10-01
416061,THE STANDARD BANK OF S A LTD,C_savings,41896381.0,2012-10-01
416061,THE STANDARD BANK OF S A LTD,D_term_wholesale,214120723.0,2012-10-01
416088,NEDBANK LTD,A_operational,233072134.0,2012-10-01
416088,NEDBANK LTD,B_notice_short,39506382.0,2012-10-01
416088,NEDBANK LTD,C_savings,8834399.0,2012-10-01
416088,NEDBANK LTD,D_term_wholesale,195753000.0,2012-10-01
TOTAL,*TOTAL*,A_operational,982541412.8128,2012-10-01
TOTAL,*TOTAL*,B_notice_short,300235982.4344,2012-10-01
TOTAL,*TOTAL*,C_savings,146838524.1863,2012-10-01
TOTAL,*TOTAL*,D_term_wholesale,976172984.3382,2012-10-01
25054,INVESTEC BANK LTD,A_operational,57211845.0,2012-11-01
25054,INVESTEC BANK LTD,B_notice_short,21670767.0,2012-11-01
25054,INVESTEC BANK LTD,C_savings,4250599.0,2012-11-01
25054,INVESTEC BANK LTD,D_term_wholesale,97011454.0,2012-11-01
333107,CAPITEC BANK,A_operational,271779.0,2012-11-01
333107,CAPITEC BANK,B_notice_short,731506.0,2012-11-01
333107,CAPITEC BANK,C_savings,10422058.0,2012-11-01
333107,CAPITEC BANK,D_term_wholesale,9370449.0,2012-11-01
34118,ABSA BANK LTD,A_operational,195540119.0,2012-11-01
34118,ABSA BANK LTD,B_notice_short,35236586.0,2012-11-01
34118,ABSA BANK LTD,C_savings,75564763.0,2012-11-01
34118,ABSA BANK LTD,D_term_wholesale,238192226.0,2012-11-01
416053,FIRSTRAND BANK LIMITED,A_operational,268554197.3853,2012-11-01
416053,FIRSTRAND BANK LIMITED,B_notice_short,40447403.2969,2012-11-01
416053,FIRSTRAND BANK LIMITED,C_savings,4157198.1262,2012-11-01
416053,FIRSTRAND BANK LIMITED,D_term_wholesale,188734150.8376,2012-11-01
416061,THE STANDARD BANK OF S A LTD,A_operational,201477957.0,2012-11-01
416061,THE STANDARD BANK OF S A LTD,B_notice_short,109598373.0,2012-11-01
416061,THE STANDARD BANK OF S A LTD,C_savings,42801573.0,2012-11-01
416061,THE STANDARD BANK OF S A LTD,D_term_wholesale,233392133.0,2012-11-01
416088,NEDBANK LTD,A_operational,220982181.0,2012-11-01
416088,NEDBANK LTD,B_notice_short,25498759.0,2012-11-01
416088,NEDBANK LTD,C_savings,9065057.0,2012-11-01
416088,NEDBANK LTD,D_term_wholesale,222197452.0,2012-11-01
TOTAL,*TOTAL*,A_operational,1008734951.1953,2012-11-01
TOTAL,*TOTAL*,B_notice_short,254347557.9709,2012-11-01
TOTAL,*TOTAL*,C_savings,151263220.1262,2012-11-01
TOTAL,*TOTAL*,D_term_wholesale,1038643201.2366,2012-11-01
25054,INVESTEC BANK LTD,A_operational,53135840.0,2012-12-01
25054,INVESTEC BANK LTD,B_notice_short,29781617.0,2012-12-01
25054,INVESTEC BANK LTD,C_savings,4630326.0,2012-12-01
25054,INVESTEC BANK LTD,D_term_wholesale,93426916.0,2012-12-01
333107,CAPITEC BANK,A_operational,276487.0,2012-12-01
333107,CAPITEC BANK,B_notice_short,757078.0,2012-12-01
333107,CAPITEC BANK,C_savings,9809272.0,2012-12-01
333107,CAPITEC BANK,D_term_wholesale,9263030.0,2012-12-01
34118,ABSA BANK LTD,A_operational,212977800.0,2012-12-01
34118,ABSA BANK LTD,B_notice_short,25975272.0,2012-12-01
34118,ABSA BANK LTD,C_savings,75085480.0,2012-12-01
34118,ABSA BANK LTD,D_term_wholesale,228245218.0,2012-12-01
416053,FIRSTRAND BANK LIMITED,A_operational,265888447.81,2012-12-01
416053,FIRSTRAND BANK LIMITED,B_notice_short,49168317.02,2012-12-01
416053,FIRSTRAND BANK LIMITED,C_savings,4181621.54,2012-12-01
416053,FIRSTRAND BANK LIMITED,D_term_wholesale,175641554.81,2012-12-01
416061,THE STANDARD BANK OF S A LTD,A_operational,216731919.0,2012-12-01
416061,THE STANDARD BANK OF S A LTD,B_notice_short,111590693.0,2012-12-01
416061,THE STANDARD BANK OF S A LTD,C_savings,42300517.0,2012-12-01
416061,THE STANDARD BANK OF S A LTD,D_term_wholesale,218395765.0,2012-12-01
416088,NEDBANK LTD,A_operational,226802850.0,2012-12-01
416088,NEDBANK LTD,B_notice_short,44449752.0,2012-12-01
416088,NEDBANK LTD,C_savings,8771539.0,2012-12-01
416088,NEDBANK LTD,D_term_wholesale,203166384.0,2012-12-01
TOTAL,*TOTAL*,A_operational,1040103980.4399999,2012-12-01
TOTAL,*TOTAL*,B_notice_short,284158787.77,2012-12-01
TOTAL,*TOTAL*,C_savings,149616522.54,2012-12-01
TOTAL,*TOTAL*,D_term_wholesale,975188090.28,2012-12-01
25054,INVESTEC BANK LTD,A_operational,55308202.0,2013-01-01
25054,INVESTEC BANK LTD,B_notice_short,24413309.0,2013-01-01
25054,INVESTEC BANK LTD,C_savings,4866675.0,2013-01-01
25054,INVESTEC BANK LTD,D_term_wholesale,94913456.0,2013-01-01
333107,CAPITEC BANK,A_operational,132661.0,2013-01-01
333107,CAPITEC BANK,B_notice_short,429794.0,2013-01-01
333107,CAPITEC BANK,C_savings,9751698.0,2013-01-01
333107,CAPITEC BANK,D_term_wholesale,9729560.0,2013-01-01
34118,ABSA BANK LTD,A_operational,196692109.0,2013-01-01
34118,ABSA BANK LTD,B_notice_short,34818615.0,2013-01-01
34118,ABSA BANK LTD,C_savings,73871448.0,2013-01-01
34118,ABSA BANK LTD,D_term_wholesale,239560562.0,2013-01-01
416053,FIRSTRAND BANK LIMITED,A_operational,253904445.98,2013-01-01
416053,FIRSTRAND BANK LIMITED,B_notice_short,49931488.980000004,2013-01-01
416053,FIRSTRAND BANK LIMITED,C_savings,3999283.6700000004,2013-01-01
416053,FIRSTRAND BANK LIMITED,D_term_wholesale,183293147.85,2013-01-01
416061,THE STANDARD BANK OF S A LTD,A_operational,199615880.0,2013-01-01
416061,THE STANDARD BANK OF S A LTD,B_notice_short,121087439.0,2013-01-01
416061,THE STANDARD BANK OF S A LTD,C_savings,41711875.0,2013-01-01
416061,THE STANDARD BANK OF S A LTD,D_term_wholesale,213604562.0,2013-01-01
416088,NEDBANK LTD,A_operational,231637018.0,2013-01-01
416088,NEDBANK LTD,B_notice_short,36029091.0,2013-01-01
416088,NEDBANK LTD,C_savings,8579550.0,2013-01-01
416088,NEDBANK LTD,D_term_wholesale,201313793.0,2013-01-01
TOTAL,*TOTAL*,A_operational,1011267836.55,2013-01-01
TOTAL,*TOTAL*,B_notice_short,285042141.19,2013-01-01
TOTAL,*TOTAL*,C_savings,148483434.67000002,2013-01-01
TOTAL,*TOTAL*,D_term_wholesale,994858232.18,2013-01-01
25054,INVESTEC BANK LTD,A_operational,55927031.33,2013-02-01
25054,INVESTEC BANK LTD,B_notice_short,29649135.0,2013-02-01
25054,INVESTEC BANK LTD,C_savings,4068881.0,2013-02-01
25054,INVESTEC BANK LTD,D_term_wholesale,89462856.0,2013-02-01
333107,CAPITEC BANK,A_operational,144341.0,2013-02-01
333107,CAPITEC BANK,B_notice_short,363689.0,2013-02-01
333107,CAPITEC BANK,C_savings,10335170.0,2013-02-01
333107,CAPITEC BANK,D_term_wholesale,10075738.0,2013-02-01
34118,ABSA BANK LTD,A_operational,193843968.0,2013-02-01
34118,ABSA BANK LTD,B_notice_short,35719904.0,2013-02-01
34118,ABSA BANK LTD,C_savings,73425511.0,2013-02-01
34118,ABSA BANK LTD,D_term_wholesale,241000032.0,2013-02-01
416053,FIRSTRAND BANK LIMITED,A_operational,262377597.59,2013-02-01
416053,FIRSTRAND BANK LIMITED,B_notice_short,46393904.74,2013-02-01
416053,FIRSTRAND BANK LIMITED,C_savings,4044082.1599999997,2013-02-01
416053,FIRSTRAND BANK LIMITED,D_term_wholesale,185548363.27,2013-02-01
416061,THE STANDARD BANK OF S A LTD,A_operational,214868944.0,2013-02-01
416061,THE STANDARD BANK OF S A LTD,B_notice_short,125401206.0,2013-02-01
416061,THE STANDARD BANK OF S A LTD,C_savings,40704844.0,2013-02-01
416061,THE STANDARD BANK OF S A LTD,D_term_wholesale,211175418.0,2013-02-01
416088,NEDBANK LTD,A_operational,235711784.0,2013-02-01
416088,NEDBANK LTD,B_notice_short,33450242.0,2013-02-01
416088,NEDBANK LTD,C_savings,8620897.0,2013-02-01
416088,NEDBANK LTD,D_term_wholesale,208586428.0,2013-02-01
TOTAL,*TOTAL*,A_operational,1039834046.53,2013-02-01
TOTAL,*TOTAL*,B_notice_short,293399320.98,2013-02-01
TOTAL,*TOTAL*,C_savings,147110442.16,2013-02-01
TOTAL,*TOTAL*,D_term_wholesale,994508969.17,2013-02-01
25054,INVESTEC BANK LTD,A_operational,54084085.86,2013-03-01
25054,INVESTEC BANK LTD,B_notice_short,23449050.29,2013-03-01
25054,INVESTEC BANK LTD,C_savings,4767718.0,2013-03-01
25054,INVESTEC BANK LTD,D_term_wholesale,97649142.75,2013-03-01
333107,CAPITEC BANK,A_operational,747972.0,2013-03-01
333107,CAPITEC BANK,B_notice_short,426381.0,2013-03-01
333107,CAPITEC BANK,C_savings,10290008.0,2013-03-01
333107,CAPITEC BANK,D_term_wholesale,10273038.0,2013-03-01
34118,ABSA BANK LTD,A_operational,206781253.0,2013-03-01
34118,ABSA BANK LTD,B_notice_short,33615883.0,2013-03-01
34118,ABSA BANK LTD,C_savings,73713075.0,2013-03-01
34118,ABSA BANK LTD,D_term_wholesale,241697313.0,2013-03-01
416053,FIRSTRAND BANK LIMITED,A_operational,264055092.96,2013-03-01
416053,FIRSTRAND BANK LIMITED,B_notice_short,51175243.91,2013-03-01
416053,FIRSTRAND BANK LIMITED,C_savings,4181574.17,2013-03-01
416053,FIRSTRAND BANK LIMITED,D_term_wholesale,184845379.15,2013-03-01
416061,THE STANDARD BANK OF S A LTD,A_operational,236645728.0,2013-03-01
416061,THE STANDARD BANK OF S A LTD,B_notice_short,114177791.0,2013-03-01
416061,THE STANDARD BANK OF S A LTD,C_savings,40942336.0,2013-03-01
416061,THE STANDARD BANK OF S A LTD,D_term_wholesale,210204078.0,2013-03-01
416088,NEDBANK LTD,A_operational,231986578.0,2013-03-01
416088,NEDBANK LTD,B_notice_short,38320059.0,2013-03-01
416088,NEDBANK LTD,C_savings,8723214.0,2013-03-01
416088,NEDBANK LTD,D_term_wholesale,208719046.0,2013-03-01
TOTAL,*TOTAL*,A_operational,1070312872.23,2013-03-01
TOTAL,*TOTAL*,B_notice_short,289466456.9,2013-03-01
TOTAL,*TOTAL*,C_savings,148386196.17,2013-03-01
TOTAL,*TOTAL*,D_term_wholesale,1004041687.49,2013-03-01
25054,INVESTEC BANK LTD,A_operational,52749930.95,2013-04-01
25054,INVESTEC BANK LTD,B_notice_short,27354826.0,2013-04-01
25054,INVESTEC BANK LTD,C_savings,4285956.0,2013-04-01
25054,INVESTEC BANK LTD,D_term_wholesale,95593898.02000001,2013-04-01
333107,CAPITEC BANK,A_operational,1033.0,2013-04-01
333107,CAPITEC BANK,B_notice_short,372018.0,2013-04-01
333107,CAPITEC BANK,C_savings,10807092.0,2013-04-01
333107,CAPITEC BANK,D_term_wholesale,10657851.0,2013-04-01
34118,ABSA BANK LTD,A_operational,193710978.0,2013-04-01
34118,ABSA BANK LTD,B_notice_short,39134449.0,2013-04-01
34118,ABSA BANK LTD,C_savings,75282005.0,2013-04-01
34118,ABSA BANK LTD,D_term_wholesale,236745740.0,2013-04-01
416053,FIRSTRAND BANK LIMITED,A_operational,262664195.15,2013-04-01
416053,FIRSTRAND BANK LIMITED,B_notice_short,52495959.38,2013-04-01
416053,FIRSTRAND BANK LIMITED,C_savings,4223206.850000001,2013-04-01
416053,FIRSTRAND BANK LIMITED,D_term_wholesale,192640771.98,2013-04-01
416061,THE STANDARD BANK OF S A LTD,A_operational,220102431.0,2013-04-01
416061,THE STANDARD BANK OF S A LTD,B_notice_short,124835842.0,2013-04-01
416061,THE STANDARD BANK OF S A LTD,C_savings,34648672.0,2013-04-01
416061,THE STANDARD BANK OF S A LTD,D_term_wholesale,215107954.0,2013-04-01
416088,NEDBANK LTD,A_operational,230844773.0,2013-04-01
416088,NEDBANK LTD,B_notice_short,58640079.0,2013-04-01
416088,NEDBANK LTD,C_savings,8675267.0,2013-04-01
416088,NEDBANK LTD,D_term_wholesale,194008917.0,2013-04-01
TOTAL,*TOTAL*,A_operational,1035207539.45,2013-04-01
TOTAL,*TOTAL*,B_notice_short,326733153.15,2013-04-01
TOTAL,*TOTAL*,C_savings,144064243.85000002,2013-04-01
TOTAL,*TOTAL*,D_term_wholesale,995231232.55,2013-04-01
25054,INVESTEC BANK LTD,A_operational,56242198.0,2013-05-01
25054,INVESTEC BANK LTD,B_notice_short,22277773.0,2013-05-01
25054,INVESTEC BANK LTD,C_savings,3937427.0,2013-05-01
25054,INVESTEC BANK LTD,D_term_wholesale,101231271.52000001,2013-05-01
333107,CAPITEC BANK,A_operational,281190.0,2013-05-01
333107,CAPITEC BANK,B_notice_short,399670.0,2013-05-01
333107,CAPITEC BANK,C_savings,11068805.0,2013-05-01
333107,CAPITEC BANK,D_term_wholesale,10952810.0,2013-05-01
34118,ABSA BANK LTD,A_operational,194490566.0,2013-05-01
34118,ABSA BANK LTD,B_notice_short,34326660.0,2013-05-01
34118,ABSA BANK LTD,C_savings,76476002.0,2013-05-01
34118,ABSA BANK LTD,D_term_wholesale,236808991.0,2013-05-01
416053,FIRSTRAND BANK LIMITED,A_operational,260334958.32,2013-05-01
416053,FIRSTRAND BANK LIMITED,B_notice_short,57894106.050000004,2013-05-01
416053,FIRSTRAND BANK LIMITED,C_savings,4352429.9,2013-05-01
416053,FIRSTRAND BANK LIMITED,D_term_wholesale,198883500.83,2013-05-01
416061,THE STANDARD BANK OF S A LTD,A_operational,222841737.0,2013-05-01
416061,THE STANDARD BANK OF S A LTD,B_notice_short,122456236.0,2013-05-01
416061,THE STANDARD BANK OF S A LTD,C_savings,34801949.0,2013-05-01
416061,THE STANDARD BANK OF S A LTD,D_term_wholesale,216200705.0,2013-05-01
416088,NEDBANK LTD,A_operational,225508164.0,2013-05-01
416088,NEDBANK LTD,B_notice_short,41760205.0,2013-05-01
416088,NEDBANK LTD,C_savings,9410236.0,2013-05-01
416088,NEDBANK LTD,D_term_wholesale,212952598.0,2013-05-01
TOTAL,*TOTAL*,A_operational,1038832722.0,2013-05-01
TOTAL,*TOTAL*,B_notice_short,303318429.79,2013-05-01
TOTAL,*TOTAL*,C_savings,146216267.9,2013-05-01
TOTAL,*TOTAL*,D_term_wholesale,1025446886.14,2013-05-01
25054,INVESTEC BANK LTD,A_operational,58280277.45,2013-06-01
25054,INVESTEC BANK LTD,B_notice_short,24619167.0,2013-06-01
25054,INVESTEC BANK LTD,C_savings,3885546.0,2013-06-01
25054,INVESTEC BANK LTD,D_term_wholesale,101319117.0,2013-06-01
333107,CAPITEC BANK,A_operational,726378.0,2013-06-01
333107,CAPITEC BANK,B_notice_short,459731.0,2013-06-01
333107,CAPITEC BANK,C_savings,11119892.0,2013-06-01
333107,CAPITEC BANK,D_term_wholesale,10967875.0,2013-06-01
34118,ABSA BANK LTD,A_operational,213347060.0,2013-06-01
34118,ABSA BANK LTD,B_notice_short,32793426.0,2013-06-01
34118,ABSA BANK LTD,C_savings,77637938.0,2013-06-01
34118,ABSA BANK LTD,D_term_wholesale,228450722.0,2013-06-01
416053,FIRSTRAND BANK LIMITED,A_operational,273704081.32,2013-06-01
416053,FIRSTRAND BANK LIMITED,B_notice_short,58429981.489999995,2013-06-01
416053,FIRSTRAND BANK LIMITED,C_savings,4470150.96,2013-06-01
416053,FIRSTRAND BANK LIMITED,D_term_wholesale,182983599.59,2013-06-01
416061,THE STANDARD BANK OF S A LTD,A_operational,248437275.0,2013-06-01
416061,THE STANDARD BANK OF S A LTD,B_notice_short,123748874.0,2013-06-01
416061,THE STANDARD BANK OF S A LTD,C_savings,35060753.0,2013-06-01
416061,THE STANDARD BANK OF S A LTD,D_term_wholesale,207849660.0,2013-06-01
416088,NEDBANK LTD,A_operational,251828373.0,2013-06-01
416088,NEDBANK LTD,B_notice_short,36919004.0,2013-06-01
416088,NEDBANK LTD,C_savings,8761575.0,2013-06-01
416088,NEDBANK LTD,D_term_wholesale,202760211.0,2013-06-01
TOTAL,*TOTAL*,A_operational,1127870209.02,2013-06-01
TOTAL,*TOTAL*,B_notice_short,298928774.95,2013-06-01
TOTAL,*TOTAL*,C_savings,147630361.96,2013-06-01
TOTAL,*TOTAL*,D_term_wholesale,981366745.46,2013-06-01
25054,INVESTEC BANK LTD,A_operational,56337131.0,2013-07-01
25054,INVESTEC BANK LTD,B_notice_short,28612004.15,2013-07-01
25054,INVESTEC BANK LTD,C_savings,3863006.0,2013-07-01
25054,INVESTEC BANK LTD,D_term_wholesale,105229404.6,2013-07-01
333107,CAPITEC BANK,A_operational,126701.0,2013-07-01
333107,CAPITEC BANK,B_notice_short,589526.0,2013-07-01
333107,CAPITEC BANK,C_savings,11356084.0,2013-07-01
333107,CAPITEC BANK,D_term_wholesale,10949069.0,2013-07-01
34118,ABSA BANK LTD,A_operational,200141747.0,2013-07-01
34118,ABSA BANK LTD,B_notice_short,32607131.0,2013-07-01
34118,ABSA BANK LTD,C_savings,79582939.0,2013-07-01
34118,ABSA BANK LTD,D_term_wholesale,232680964.0,2013-07-01
416053,FIRSTRAND BANK LIMITED,A_operational,270101184.56,2013-07-01
416053,FIRSTRAND BANK LIMITED,B_notice_short,58782430.04,2013-07-01
416053,FIRSTRAND BANK LIMITED,C_savings,4654985.54,2013-07-01
416053,FIRSTRAND BANK LIMITED,D_term_wholesale,177901333.48,2013-07-01
416061,THE STANDARD BANK OF S A LTD,A_operational,224534257.0,2013-07-01
416061,THE STANDARD BANK OF S A LTD,B_notice_short,129146251.0,2013-07-01
416061,THE STANDARD BANK OF S A LTD,C_savings,35936421.0,2013-07-01
416061,THE STANDARD BANK OF S A LTD,D_term_wholesale,206816878.0,2013-07-01
416088,NEDBANK LTD,A_operational,251967822.0,2013-07-01
416088,NEDBANK LTD,B_notice_short,35000581.0,2013-07-01
416088,NEDBANK LTD,C_savings,8792335.0,2013-07-01
416088,NEDBANK LTD,D_term_wholesale,201958887.0,2013-07-01
TOTAL,*TOTAL*,A_operational,1088155892.73,2013-07-01
TOTAL,*TOTAL*,B_notice_short,309602995.39,2013-07-01
TOTAL,*TOTAL*,C_savings,150021361.54,2013-07-01
TOTAL,*TOTAL*,D_term_wholesale,981758761.32,2013-07-01
25054,INVESTEC BANK LTD,A_operational,57809565.0,2013-08-01
25054,INVESTEC BANK LTD,B_notice_short,22897485.2,2013-08-01
25054,INVESTEC BANK LTD,C_savings,3733121.0,2013-08-01
25054,INVESTEC BANK LTD,D_term_wholesale,107347413.58,2013-08-01
333107,CAPITEC BANK,A_operational,321304.0,2013-08-01
333107,CAPITEC BANK,B_notice_short,567087.0,2013-08-01
333107,CAPITEC BANK,C_savings,11885046.0,2013-08-01
333107,CAPITEC BANK,D_term_wholesale,11015538.0,2013-08-01
34118,ABSA BANK LTD,A_operational,196394317.0,2013-08-01
34118,ABSA BANK LTD,B_notice_short,53052128.0,2013-08-01
34118,ABSA BANK LTD,C_savings,81676099.0,2013-08-01
34118,ABSA BANK LTD,D_term_wholesale,225056707.0,2013-08-01
416053,FIRSTRAND BANK LIMITED,A_operational,265635040.53,2013-08-01
416053,FIRSTRAND BANK LIMITED,B_notice_short,58961700.1,2013-08-01
416053,FIRSTRAND BANK LIMITED,C_savings,4818023.71,2013-08-01
416053,FIRSTRAND BANK LIMITED,D_term_wholesale,181252830.82,2013-08-01
416061,THE STANDARD BANK OF S A LTD,A_operational,236723701.0,2013-08-01
416061,THE STANDARD BANK OF S A LTD,B_notice_short,131655573.0,2013-08-01
416061,THE STANDARD BANK OF S A LTD,C_savings,36040845.0,2013-08-01
416061,THE STANDARD BANK OF S A LTD,D_term_wholesale,203404832.0,2013-08-01
416088,NEDBANK LTD,A_operational,238825644.0,2013-08-01
416088,NEDBANK LTD,B_notice_short,41493136.0,2013-08-01
416088,NEDBANK LTD,C_savings,8905557.0,2013-08-01
416088,NEDBANK LTD,D_term_wholesale,213239406.0,2013-08-01
TOTAL,*TOTAL*,A_operational,1082777129.96,2013-08-01
TOTAL,*TOTAL*,B_notice_short,338873781.24,2013-08-01
TOTAL,*TOTAL*,C_savings,153090433.71,2013-08-01
TOTAL,*TOTAL*,D_term_wholesale,986702618.78,2013-08-01
25054,INVESTEC BANK LTD,A_operational,59515810.0,2013-09-01
25054,INVESTEC BANK LTD,B_notice_short,22983186.0,2013-09-01
25054,INVESTEC BANK LTD,C_savings,3728362.0,2013-09-01
25054,INVESTEC BANK LTD,D_term_wholesale,111017974.0,2013-09-01
333107,CAPITEC BANK,A_operational,531229.0,2013-09-01
333107,CAPITEC BANK,B_notice_short,542710.0,2013-09-01
333107,CAPITEC BANK,C_savings,12096134.0,2013-09-01
333107,CAPITEC BANK,D_term_wholesale,11097968.0,2013-09-01
34118,ABSA BANK LTD,A_operational,205584701.0,2013-09-01
34118,ABSA BANK LTD,B_notice_short,42767522.0,2013-09-01
34118,ABSA BANK LTD,C_savings,82175447.0,2013-09-01
34118,ABSA BANK LTD,D_term_wholesale,222063592.0,2013-09-01
416053,FIRSTRAND BANK LIMITED,A_operational,260836771.76,2013-09-01
416053,FIRSTRAND BANK LIMITED,B_notice_short,74036610.58,2013-09-01
416053,FIRSTRAND BANK LIMITED,C_savings,4913280.09,2013-09-01
416053,FIRSTRAND BANK LIMITED,D_term_wholesale,176870530.05,2013-09-01
416061,THE STANDARD BANK OF S A LTD,A_operational,238862228.0,2013-09-01
416061,THE STANDARD BANK OF S A LTD,B_notice_short,122262314.0,2013-09-01
416061,THE STANDARD BANK OF S A LTD,C_savings,35875447.0,2013-09-01
416061,THE STANDARD BANK OF S A LTD,D_term_wholesale,215987626.0,2013-09-01
416088,NEDBANK LTD,A_operational,245491648.0,2013-09-01
416088,NEDBANK LTD,B_notice_short,33015166.0,2013-09-01
416088,NEDBANK LTD,C_savings,8911649.0,2013-09-01
416088,NEDBANK LTD,D_term_wholesale,220521514.0,2013-09-01
TOTAL,*TOTAL*,A_operational,1099460598.51,2013-09-01
TOTAL,*TOTAL*,B_notice_short,315276690.58,2013-09-01
TOTAL,*TOTAL*,C_savings,153922966.09,2013-09-01
TOTAL,*TOTAL*,D_term_wholesale,1004114823.14,2013-09-01
25054,INVESTEC BANK LTD,A_operational,61181508.0,2013-10-01
25054,INVESTEC BANK LTD,B_notice_short,28277492.0,2013-10-01
25054,INVESTEC BANK LTD,C_savings,3854351.0,2013-10-01
25054,INVESTEC BANK LTD,D_term_wholesale,108263356.0,2013-10-01
333107,CAPITEC BANK,A_operational,7428.0,2013-10-01
333107,CAPITEC BANK,B_notice_short,782289.0,2013-10-01
333107,CAPITEC BANK,C_savings,12913369.0,2013-10-01
333107,CAPITEC BANK,D_term_wholesale,11172637.0,2013-10-01
34118,ABSA BANK LTD,A_operational,196412730.0,2013-10-01
34118,ABSA BANK LTD,B_notice_short,40356054.0,2013-10-01
34118,ABSA BANK LTD,C_savings,83851468.0,2013-10-01
34118,ABSA BANK LTD,D_term_wholesale,227286370.0,2013-10-01
416053,FIRSTRAND BANK LIMITED,A_operational,265564200.29,2013-10-01
416053,FIRSTRAND BANK LIMITED,B_notice_short,70283958.92,2013-10-01
416053,FIRSTRAND BANK LIMITED,C_savings,5049507.21,2013-10-01
416053,FIRSTRAND BANK LIMITED,D_term_wholesale,175744744.77,2013-10-01
416061,THE STANDARD BANK OF S A LTD,A_operational,228595170.0,2013-10-01
416061,THE STANDARD BANK OF S A LTD,B_notice_short,121764554.0,2013-10-01
416061,THE STANDARD BANK OF S A LTD,C_savings,36676617.0,2013-10-01
416061,THE STANDARD BANK OF S A LTD,D_term_wholesale,225439510.0,2013-10-01
416088,NEDBANK LTD,A_operational,256265500.0,2013-10-01
416088,NEDBANK LTD,B_notice_short,39469475.0,2013-10-01
416088,NEDBANK LTD,C_savings,9037759.0,2013-10-01
416088,NEDBANK LTD,D_term_wholesale,200522428.0,2013-10-01
TOTAL,*TOTAL*,A_operational,1096508651.18,2013-10-01
TOTAL,*TOTAL*,B_notice_short,325725457.53000003,2013-10-01
TOTAL,*TOTAL*,C_savings,157935528.21,2013-10-01
TOTAL,*TOTAL*,D_term_wholesale,995000700.6700001,2013-10-01
25054,INVESTEC BANK LTD,A_operational,61725911.0,2013-11-01
25054,INVESTEC BANK LTD,B_notice_short,23656584.0,2013-11-01
25054,INVESTEC BANK LTD,C_savings,4084735.0,2013-11-01
25054,INVESTEC BANK LTD,D_term_wholesale,114099033.0,2013-11-01
333107,CAPITEC BANK,A_operational,419245.0,2013-11-01
333107,CAPITEC BANK,B_notice_short,873157.0,2013-11-01
333107,CAPITEC BANK,C_savings,13750730.0,2013-11-01
333107,CAPITEC BANK,D_term_wholesale,10938362.0,2013-11-01
34118,ABSA BANK LTD,A_operational,195790618.0,2013-11-01
34118,ABSA BANK LTD,B_notice_short,50543595.0,2013-11-01
34118,ABSA BANK LTD,C_savings,86024102.0,2013-11-01
34118,ABSA BANK LTD,D_term_wholesale,228259408.0,2013-11-01
416053,FIRSTRAND BANK LIMITED,A_operational,280875253.36,2013-11-01
416053,FIRSTRAND BANK LIMITED,B_notice_short,53726549.82,2013-11-01
416053,FIRSTRAND BANK LIMITED,C_savings,5213516.87,2013-11-01
416053,FIRSTRAND BANK LIMITED,D_term_wholesale,186599449.54999998,2013-11-01
416061,THE STANDARD BANK OF S A LTD,A_operational,242258102.0,2013-11-01
416061,THE STANDARD BANK OF S A LTD,B_notice_short,110618026.0,2013-11-01
416061,THE STANDARD BANK OF S A LTD,C_savings,37163718.0,2013-11-01
416061,THE STANDARD BANK OF S A LTD,D_term_wholesale,222985594.0,2013-11-01
416088,NEDBANK LTD,A_operational,238430113.0,2013-11-01
416088,NEDBANK LTD,B_notice_short,23736012.0,2013-11-01
416088,NEDBANK LTD,C_savings,9220639.0,2013-11-01
416088,NEDBANK LTD,D_term_wholesale,236755033.0,2013-11-01
TOTAL,*TOTAL*,A_operational,1098659085.32,2013-11-01
TOTAL,*TOTAL*,B_notice_short,288876561.78000003,2013-11-01
TOTAL,*TOTAL*,C_savings,164217258.87,2013-11-01
TOTAL,*TOTAL*,D_term_wholesale,1049375101.9,2013-11-01
25054,INVESTEC BANK LTD,A_operational,60284445.0,2013-12-01
25054,INVESTEC BANK LTD,B_notice_short,23272955.0,2013-12-01
25054,INVESTEC BANK LTD,C_savings,3967808.0,2013-12-01
25054,INVESTEC BANK LTD,D_term_wholesale,105541553.0,2013-12-01
333107,CAPITEC BANK,A_operational,77591.0,2013-12-01
333107,CAPITEC BANK,B_notice_short,814432.0,2013-12-01
333107,CAPITEC BANK,C_savings,13333572.0,2013-12-01
333107,CAPITEC BANK,D_term_wholesale,10762598.0,2013-12-01
34118,ABSA BANK LTD,A_operational,197464545.0,2013-12-01
34118,ABSA BANK LTD,B_notice_short,51266892.0,2013-12-01
34118,ABSA BANK LTD,C_savings,87289222.0,2013-12-01
34118,ABSA BANK LTD,D_term_wholesale,225498004.0,2013-12-01
416053,FIRSTRAND BANK LIMITED,A_operational,291803643.07,2013-12-01
416053,FIRSTRAND BANK LIMITED,B_notice_short,58548243.09,2013-12-01
416053,FIRSTRAND BANK LIMITED,C_savings,5366489.47,2013-12-01
416053,FIRSTRAND BANK LIMITED,D_term_wholesale,177052880.1,2013-12-01
416061,THE STANDARD BANK OF S A LTD,A_operational,259771840.0,2013-12-01
416061,THE STANDARD BANK OF S A LTD,B_notice_short,119665298.0,2013-12-01
416061,THE STANDARD BANK OF S A LTD,C_savings,37358974.0,2013-12-01
416061,THE STANDARD BANK OF S A LTD,D_term_wholesale,201012404.0,2013-12-01
416088,NEDBANK LTD,A_operational,238201452.0,2013-12-01
416088,NEDBANK LTD,B_notice_short,35426986.0,2013-12-01
416088,NEDBANK LTD,C_savings,8921777.0,2013-12-01
416088,NEDBANK LTD,D_term_wholesale,225628449.0,2013-12-01
TOTAL,*TOTAL*,A_operational,1138890541.77,2013-12-01
TOTAL,*TOTAL*,B_notice_short,314701346.32,2013-12-01
TOTAL,*TOTAL*,C_savings,164595476.76999998,2013-12-01
TOTAL,*TOTAL*,D_term_wholesale,987383812.62,2013-12-01
25054,INVESTEC BANK LTD,A_operational,61049486.0,2014-01-01
25054,INVESTEC BANK LTD,B_notice_short,24076149.0,2014-01-01
25054,INVESTEC BANK LTD,C_savings,4121204.0,2014-01-01
25054,INVESTEC BANK LTD,D_term_wholesale,110517165.0,2014-01-01
333107,CAPITEC BANK,A_operational,35615.0,2014-01-01
333107,CAPITEC BANK,B_notice_short,711105.0,2014-01-01
333107,CAPITEC BANK,C_savings,13573238.0,2014-01-01
333107,CAPITEC BANK,D_term_wholesale,10864035.0,2014-01-01
34118,ABSA BANK LTD,A_operational,191702999.0,2014-01-01
34118,ABSA BANK LTD,B_notice_short,46448883.0,2014-01-01
34118,ABSA BANK LTD,C_savings,86993790.0,2014-01-01
34118,ABSA BANK LTD,D_term_wholesale,228698415.0,2014-01-01
416053,FIRSTRAND BANK LIMITED,A_operational,275055450.16,2014-01-01
416053,FIRSTRAND BANK LIMITED,B_notice_short,65272454.06,2014-01-01
416053,FIRSTRAND BANK LIMITED,C_savings,5131265.37,2014-01-01
416053,FIRSTRAND BANK LIMITED,D_term_wholesale,179707116.72,2014-01-01
416061,THE STANDARD BANK OF S A LTD,A_operational,241362174.0,2014-01-01
416061,THE STANDARD BANK OF S A LTD,B_notice_short,124508439.0,2014-01-01
416061,THE STANDARD BANK OF S A LTD,C_savings,36518179.0,2014-01-01
416061,THE STANDARD BANK OF S A LTD,D_term_wholesale,214444917.0,2014-01-01
416088,NEDBANK LTD,A_operational,229002869.0,2014-01-01
416088,NEDBANK LTD,B_notice_short,60003734.0,2014-01-01
416088,NEDBANK LTD,C_savings,8719630.0,2014-01-01
416088,NEDBANK LTD,D_term_wholesale,204047194.0,2014-01-01
TOTAL,*TOTAL*,A_operational,1081143862.05,2014-01-01
TOTAL,*TOTAL*,B_notice_short,347759020.44,2014-01-01
TOTAL,*TOTAL*,C_savings,164856707.13,2014-01-01
TOTAL,*TOTAL*,D_term_wholesale,992571435.0600001,2014-01-01
25054,INVESTEC BANK LTD,A_operational,63371750.0,2014-02-01
25054,INVESTEC BANK LTD,B_notice_short,24656190.0,2014-02-01
25054,INVESTEC BANK LTD,C_savings,3868630.0,2014-02-01
25054,INVESTEC BANK LTD,D_term_wholesale,109558037.0,2014-02-01
333107,CAPITEC BANK,A_operational,196163.0,2014-02-01
333107,CAPITEC BANK,B_notice_short,433920.0,2014-02-01
333107,CAPITEC BANK,C_savings,14616509.0,2014-02-01
333107,CAPITEC BANK,D_term_wholesale,11041104.0,2014-02-01
34118,ABSA BANK LTD,A_operational,192246773.0,2014-02-01
34118,ABSA BANK LTD,B_notice_short,48627247.0,2014-02-01
34118,ABSA BANK LTD,C_savings,88174179.0,2014-02-01
34118,ABSA BANK LTD,D_term_wholesale,228438245.0,2014-02-01
416053,FIRSTRAND BANK LIMITED,A_operational,281410065.9,2014-02-01
416053,FIRSTRAND BANK LIMITED,B_notice_short,64345645.18,2014-02-01
416053,FIRSTRAND BANK LIMITED,C_savings,5196068.53,2014-02-01
416053,FIRSTRAND BANK LIMITED,D_term_wholesale,174544436.3,2014-02-01
416061,THE STANDARD BANK OF S A LTD,A_operational,250938074.0,2014-02-01
416061,THE STANDARD BANK OF S A LTD,B_notice_short,136284950.0,2014-02-01
416061,THE STANDARD BANK OF S A LTD,C_savings,35975528.0,2014-02-01
416061,THE STANDARD BANK OF S A LTD,D_term_wholesale,194822390.0,2014-02-01
416088,NEDBANK LTD,A_operational,233965314.0,2014-02-01
416088,NEDBANK LTD,B_notice_short,46459598.0,2014-02-01
416088,NEDBANK LTD,C_savings,8837328.0,2014-02-01
416088,NEDBANK LTD,D_term_wholesale,215045747.0,2014-02-01
TOTAL,*TOTAL*,A_operational,1108763998.32,2014-02-01
TOTAL,*TOTAL*,B_notice_short,342793228.83000004,2014-02-01
TOTAL,*TOTAL*,C_savings,167049088.95,2014-02-01
TOTAL,*TOTAL*,D_term_wholesale,981238911.49,2014-02-01
25054,INVESTEC BANK LTD,A_operational,64795252.0,2014-03-01
25054,INVESTEC BANK LTD,B_notice_short,26766593.0,2014-03-01
25054,INVESTEC BANK LTD,C_savings,3910965.0,2014-03-01
25054,INVESTEC BANK LTD,D_term_wholesale,108403137.0,2014-03-01
333107,CAPITEC BANK,A_operational,932277.0,2014-03-01
333107,CAPITEC BANK,B_notice_short,515946.0,2014-03-01
333107,CAPITEC BANK,C_savings,13999129.0,2014-03-01
333107,CAPITEC BANK,D_term_wholesale,11418396.0,2014-03-01
34118,ABSA BANK LTD,A_operational,214859088.0,2014-03-01
34118,ABSA BANK LTD,B_notice_short,37894570.0,2014-03-01
34118,ABSA BANK LTD,C_savings,89416568.0,2014-03-01
34118,ABSA BANK LTD,D_term_wholesale,221871179.0,2014-03-01
416053,FIRSTRAND BANK LIMITED,A_operational,297395594.45,2014-03-01
416053,FIRSTRAND BANK LIMITED,B_notice_short,58523650.15,2014-03-01
416053,FIRSTRAND BANK LIMITED,C_savings,5367243.2,2014-03-01
416053,FIRSTRAND BANK LIMITED,D_term_wholesale,180043068.92000002,2014-03-01
416061,THE STANDARD BANK OF S A LTD,A_operational,277883038.0,2014-03-01
416061,THE STANDARD BANK OF S A LTD,B_notice_short,133199398.0,2014-03-01
416061,THE STANDARD BANK OF S A LTD,C_savings,36328157.0,2014-03-01
416061,THE STANDARD BANK OF S A LTD,D_term_wholesale,179013388.0,2014-03-01
416088,NEDBANK LTD,A_operational,258976683.0,2014-03-01
416088,NEDBANK LTD,B_notice_short,38033856.0,2014-03-01
416088,NEDBANK LTD,C_savings,8828760.0,2014-03-01
416088,NEDBANK LTD,D_term_wholesale,209736661.0,2014-03-01
TOTAL,*TOTAL*,A_operational,1219241911.08,2014-03-01
TOTAL,*TOTAL*,B_notice_short,321729394.01,2014-03-01
TOTAL,*TOTAL*,C_savings,167996295.9,2014-03-01
TOTAL,*TOTAL*,D_term_wholesale,956096434.4,2014-03-01
25054,INVESTEC BANK LTD,A_operational,64976407.0,2014-04-01
25054,INVESTEC BANK LTD,B_notice_short,23735064.0,2014-04-01
25054,INVESTEC BANK LTD,C_savings,3840925.0,2014-04-01
25054,INVESTEC BANK LTD,D_term_wholesale,111746108.0,2014-04-01
333107,CAPITEC BANK,A_operational,9030.0,2014-04-01
333107,CAPITEC BANK,B_notice_short,453853.0,2014-04-01
333107,CAPITEC BANK,C_savings,14933969.0,2014-04-01
333107,CAPITEC BANK,D_term_wholesale,11769195.0,2014-04-01
34118,ABSA BANK LTD,A_operational,206265111.0,2014-04-01
34118,ABSA BANK LTD,B_notice_short,46323475.0,2014-04-01
34118,ABSA BANK LTD,C_savings,91715722.0,2014-04-01
34118,ABSA BANK LTD,D_term_wholesale,221945880.0,2014-04-01
416053,FIRSTRAND BANK LIMITED,A_operational,287148334.33,2014-04-01
416053,FIRSTRAND BANK LIMITED,B_notice_short,66283254.62,2014-04-01
416053,FIRSTRAND BANK LIMITED,C_savings,5448769.43,2014-04-01
416053,FIRSTRAND BANK LIMITED,D_term_wholesale,185621412.62,2014-04-01
416061,THE STANDARD BANK OF S A LTD,A_operational,250320353.0,2014-04-01
416061,THE STANDARD BANK OF S A LTD,B_notice_short,145531765.0,2014-04-01
416061,THE STANDARD BANK OF S A LTD,C_savings,36326549.0,2014-04-01
416061,THE STANDARD BANK OF S A LTD,D_term_wholesale,190078543.0,2014-04-01
416088,NEDBANK LTD,A_operational,248317973.0,2014-04-01
416088,NEDBANK LTD,B_notice_short,64594035.0,2014-04-01
416088,NEDBANK LTD,C_savings,8892186.0,2014-04-01
416088,NEDBANK LTD,D_term_wholesale,196000691.0,2014-04-01
TOTAL,*TOTAL*,A_operational,1152701987.08,2014-04-01
TOTAL,*TOTAL*,B_notice_short,376353938.56,2014-04-01
TOTAL,*TOTAL*,C_savings,170294400.05,2014-04-01
TOTAL,*TOTAL*,D_term_wholesale,960633937.48,2014-04-01
25054,INVESTEC BANK LTD,A_operational,67990569.0,2014-05-01
25054,INVESTEC BANK LTD,B_notice_short,22447604.0,2014-05-01
25054,INVESTEC BANK LTD,C_savings,3965558.0,2014-05-01
25054,INVESTEC BANK LTD,D_term_wholesale,110029317.0,2014-05-01
333107,CAPITEC BANK,A_operational,228867.0,2014-05-01
333107,CAPITEC BANK,B_notice_short,466036.0,2014-05-01
333107,CAPITEC BANK,C_savings,14915551.0,2014-05-01
333107,CAPITEC BANK,D_term_wholesale,12104944.0,2014-05-01
34118,ABSA BANK LTD,A_operational,208032432.0,2014-05-01
34118,ABSA BANK LTD,B_notice_short,44016557.0,2014-05-01
34118,ABSA BANK LTD,C_savings,93283523.0,2014-05-01
34118,ABSA BANK LTD,D_term_wholesale,226109704.0,2014-05-01
416053,FIRSTRAND BANK LIMITED,A_operational,286774185.1,2014-05-01
416053,FIRSTRAND BANK LIMITED,B_notice_short,57879810.79,2014-05-01
416053,FIRSTRAND BANK LIMITED,C_savings,5546592.93,2014-05-01
416053,FIRSTRAND BANK LIMITED,D_term_wholesale,200743020.52,2014-05-01
416061,THE STANDARD BANK OF S A LTD,A_operational,243660318.0,2014-05-01
416061,THE STANDARD BANK OF S A LTD,B_notice_short,152474084.0,2014-05-01
416061,THE STANDARD BANK OF S A LTD,C_savings,36336680.0,2014-05-01
416061,THE STANDARD BANK OF S A LTD,D_term_wholesale,198953678.0,2014-05-01
416088,NEDBANK LTD,A_operational,246687581.0,2014-05-01
416088,NEDBANK LTD,B_notice_short,50566782.0,2014-05-01
416088,NEDBANK LTD,C_savings,8915129.0,2014-05-01
416088,NEDBANK LTD,D_term_wholesale,216453704.0,2014-05-01
TOTAL,*TOTAL*,A_operational,1140676461.78,2014-05-01
TOTAL,*TOTAL*,B_notice_short,359139764.83,2014-05-01
TOTAL,*TOTAL*,C_savings,172129233.73999998,2014-05-01
TOTAL,*TOTAL*,D_term_wholesale,1008757551.36,2014-05-01
25054,INVESTEC BANK LTD,A_operational,67336703.0,2014-06-01
25054,INVESTEC BANK LTD,B_notice_short,25506012.0,2014-06-01
25054,INVESTEC BANK LTD,C_savings,3968222.0,2014-06-01
25054,INVESTEC BANK LTD,D_term_wholesale,109778994.0,2014-06-01
333107,CAPITEC BANK,A_operational,254264.0,2014-06-01
333107,CAPITEC BANK,B_notice_short,571112.0,2014-06-01
333107,CAPITEC BANK,C_savings,15463632.0,2014-06-01
333107,CAPITEC BANK,D_term_wholesale,12256469.0,2014-06-01
34118,ABSA BANK LTD,A_operational,220946614.0,2014-06-01
34118,ABSA BANK LTD,B_notice_short,35711233.0,2014-06-01
34118,ABSA BANK LTD,C_savings,94946717.0,2014-06-01
34118,ABSA BANK LTD,D_term_wholesale,229777775.0,2014-06-01
416053,FIRSTRAND BANK LIMITED,A_operational,306267909.35,2014-06-01
416053,FIRSTRAND BANK LIMITED,B_notice_short,57201253.940000005,2014-06-01
416053,FIRSTRAND BANK LIMITED,C_savings,5679348.05,2014-06-01
416053,FIRSTRAND BANK LIMITED,D_term_wholesale,198354940.35,2014-06-01
416061,THE STANDARD BANK OF S A LTD,A_operational,261899471.0,2014-06-01
416061,THE STANDARD BANK OF S A LTD,B_notice_short,136725657.0,2014-06-01
416061,THE STANDARD BANK OF S A LTD,C_savings,36350575.0,2014-06-01
416061,THE STANDARD BANK OF S A LTD,D_term_wholesale,213904445.0,2014-06-01
416088,NEDBANK LTD,A_operational,264623310.0,2014-06-01
416088,NEDBANK LTD,B_notice_short,34547958.0,2014-06-01
416088,NEDBANK LTD,C_savings,8939583.0,2014-06-01
416088,NEDBANK LTD,D_term_wholesale,213940538.0,2014-06-01
TOTAL,*TOTAL*,A_operational,1215166434.35,2014-06-01
TOTAL,*TOTAL*,B_notice_short,312195045.41,2014-06-01
TOTAL,*TOTAL*,C_savings,174233922.74,2014-06-01
TOTAL,*TOTAL*,D_term_wholesale,1019513446.56,2014-06-01
25054,INVESTEC BANK LTD,A_operational,67783012.0,2014-07-01
25054,INVESTEC BANK LTD,B_notice_short,21291602.0,2014-07-01
25054,INVESTEC BANK LTD,C_savings,4146827.0,2014-07-01
25054,INVESTEC BANK LTD,D_term_wholesale,117369456.0,2014-07-01
333107,CAPITEC BANK,A_operational,740.0,2014-07-01
333107,CAPITEC BANK,B_notice_short,664966.0,2014-07-01
333107,CAPITEC BANK,C_savings,16213706.0,2014-07-01
333107,CAPITEC BANK,D_term_wholesale,12315272.0,2014-07-01
34118,ABSA BANK LTD,A_operational,210664924.0,2014-07-01
34118,ABSA BANK LTD,B_notice_short,37483951.0,2014-07-01
34118,ABSA BANK LTD,C_savings,98154970.0,2014-07-01
34118,ABSA BANK LTD,D_term_wholesale,224667625.0,2014-07-01
416053,FIRSTRAND BANK LIMITED,A_operational,297063684.17,2014-07-01
416053,FIRSTRAND BANK LIMITED,B_notice_short,57126596.48,2014-07-01
416053,FIRSTRAND BANK LIMITED,C_savings,5944088.84,2014-07-01
416053,FIRSTRAND BANK LIMITED,D_term_wholesale,195922194.05,2014-07-01
416061,THE STANDARD BANK OF S A LTD,A_operational,264985856.0,2014-07-01
416061,THE STANDARD BANK OF S A LTD,B_notice_short,123044598.0,2014-07-01
416061,THE STANDARD BANK OF S A LTD,C_savings,36896897.0,2014-07-01
416061,THE STANDARD BANK OF S A LTD,D_term_wholesale,215844801.0,2014-07-01
416088,NEDBANK LTD,A_operational,281474358.0,2014-07-01
416088,NEDBANK LTD,B_notice_short,39733675.0,2014-07-01
416088,NEDBANK LTD,C_savings,9036169.0,2014-07-01
416088,NEDBANK LTD,D_term_wholesale,197015909.0,2014-07-01
TOTAL,*TOTAL*,A_operational,1210716970.95,2014-07-01
TOTAL,*TOTAL*,B_notice_short,301379141.07,2014-07-01
TOTAL,*TOTAL*,C_savings,179433282.68,2014-07-01
TOTAL,*TOTAL*,D_term_wholesale,1006454883.16,2014-07-01
25054,INVESTEC BANK LTD,A_operational,69059591.0,2014-08-01
25054,INVESTEC BANK LTD,B_notice_short,25855076.0,2014-08-01
25054,INVESTEC BANK LTD,C_savings,3951739.0,2014-08-01
25054,INVESTEC BANK LTD,D_term_wholesale,111780798.0,2014-08-01
333107,CAPITEC BANK,A_operational,685460.0,2014-08-01
333107,CAPITEC BANK,B_notice_short,488681.0,2014-08-01
333107,CAPITEC BANK,C_savings,16183351.0,2014-08-01
333107,CAPITEC BANK,D_term_wholesale,12450042.0,2014-08-01
34118,ABSA BANK LTD,A_operational,216545193.0,2014-08-01
34118,ABSA BANK LTD,B_notice_short,40518837.0,2014-08-01
34118,ABSA BANK LTD,C_savings,100635140.0,2014-08-01
34118,ABSA BANK LTD,D_term_wholesale,217534274.0,2014-08-01
416053,FIRSTRAND BANK LIMITED,A_operational,301714323.23,2014-08-01
416053,FIRSTRAND BANK LIMITED,B_notice_short,60726663.22,2014-08-01
416053,FIRSTRAND BANK LIMITED,C_savings,6142237.79,2014-08-01
416053,FIRSTRAND BANK LIMITED,D_term_wholesale,190087683.74,2014-08-01
416061,THE STANDARD BANK OF S A LTD,A_operational,276400909.0,2014-08-01
416061,THE STANDARD BANK OF S A LTD,B_notice_short,134425371.0,2014-08-01
416061,THE STANDARD BANK OF S A LTD,C_savings,36440362.0,2014-08-01
416061,THE STANDARD BANK OF S A LTD,D_term_wholesale,197235564.0,2014-08-01
416088,NEDBANK LTD,A_operational,265370996.0,2014-08-01
416088,NEDBANK LTD,B_notice_short,34997561.0,2014-08-01
416088,NEDBANK LTD,C_savings,9123586.0,2014-08-01
416088,NEDBANK LTD,D_term_wholesale,214707579.0,2014-08-01
TOTAL,*TOTAL*,A_operational,1230692194.49,2014-08-01
TOTAL,*TOTAL*,B_notice_short,320342950.73,2014-08-01
TOTAL,*TOTAL*,C_savings,183354277.23999998,2014-08-01
TOTAL,*TOTAL*,D_term_wholesale,985384629.85,2014-08-01
25054,INVESTEC BANK LTD,A_operational,72309825.0,2014-09-01
25054,INVESTEC BANK LTD,B_notice_short,28232029.0,2014-09-01
25054,INVESTEC BANK LTD,C_savings,4317132.0,2014-09-01
25054,INVESTEC BANK LTD,D_term_wholesale,108382005.0,2014-09-01
333107,CAPITEC BANK,A_operational,293463.0,2014-09-01
333107,CAPITEC BANK,B_notice_short,728141.0,2014-09-01
333107,CAPITEC BANK,C_savings,16879956.0,2014-09-01
333107,CAPITEC BANK,D_term_wholesale,12305488.0,2014-09-01
34118,ABSA BANK LTD,A_operational,226979363.0,2014-09-01
34118,ABSA BANK LTD,B_notice_short,43906995.0,2014-09-01
34118,ABSA BANK LTD,C_savings,102703057.0,2014-09-01
34118,ABSA BANK LTD,D_term_wholesale,213947042.0,2014-09-01
416053,FIRSTRAND BANK LIMITED,A_operational,295842997.2,2014-09-01
416053,FIRSTRAND BANK LIMITED,B_notice_short,66998308.72,2014-09-01
416053,FIRSTRAND BANK LIMITED,C_savings,6215377.01,2014-09-01
416053,FIRSTRAND BANK LIMITED,D_term_wholesale,192984975.47,2014-09-01
416061,THE STANDARD BANK OF S A LTD,A_operational,285119706.0,2014-09-01
416061,THE STANDARD BANK OF S A LTD,B_notice_short,127413641.0,2014-09-01
416061,THE STANDARD BANK OF S A LTD,C_savings,36394636.0,2014-09-01
416061,THE STANDARD BANK OF S A LTD,D_term_wholesale,209643233.0,2014-09-01
416088,NEDBANK LTD,A_operational,273083074.0,2014-09-01
416088,NEDBANK LTD,B_notice_short,35981421.0,2014-09-01
416088,NEDBANK LTD,C_savings,9202993.0,2014-09-01
416088,NEDBANK LTD,D_term_wholesale,216626221.0,2014-09-01
TOTAL,*TOTAL*,A_operational,1252181243.48,2014-09-01
TOTAL,*TOTAL*,B_notice_short,329918521.86,2014-09-01
TOTAL,*TOTAL*,C_savings,186808574.34999996,2014-09-01
TOTAL,*TOTAL*,D_term_wholesale,995413674.03,2014-09-01
25054,INVESTEC BANK LTD,A_operational,71073941.0,2014-10-01
25054,INVESTEC BANK LTD,B_notice_short,31319094.0,2014-10-01
25054,INVESTEC BANK LTD,C_savings,4098743.0,2014-10-01
25054,INVESTEC BANK LTD,D_term_wholesale,106383820.0,2014-10-01
333107,CAPITEC BANK,A_operational,81288.0,2014-10-01
333107,CAPITEC BANK,B_notice_short,933488.0,2014-10-01
333107,CAPITEC BANK,C_savings,17807706.0,2014-10-01
333107,CAPITEC BANK,D_term_wholesale,12016917.0,2014-10-01
34118,ABSA BANK LTD,A_operational,200656435.0,2014-10-01
34118,ABSA BANK LTD,B_notice_short,45678197.0,2014-10-01
34118,ABSA BANK LTD,C_savings,104637094.0,2014-10-01
34118,ABSA BANK LTD,D_term_wholesale,229078795.0,2014-10-01
416053,FIRSTRAND BANK LIMITED,A_operational,295347473.94,2014-10-01
416053,FIRSTRAND BANK LIMITED,B_notice_short,78215766.16,2014-10-01
416053,FIRSTRAND BANK LIMITED,C_savings,6329031.11,2014-10-01
416053,FIRSTRAND BANK LIMITED,D_term_wholesale,191962632.83,2014-10-01
416061,THE STANDARD BANK OF S A LTD,A_operational,267949178.0,2014-10-01
416061,THE STANDARD BANK OF S A LTD,B_notice_short,143968839.0,2014-10-01
416061,THE STANDARD BANK OF S A LTD,C_savings,36395485.0,2014-10-01
416061,THE STANDARD BANK OF S A LTD,D_term_wholesale,202921085.0,2014-10-01
416088,NEDBANK LTD,A_operational,264352690.0,2014-10-01
416088,NEDBANK LTD,B_notice_short,42697884.0,2014-10-01
416088,NEDBANK LTD,C_savings,9347430.0,2014-10-01
416088,NEDBANK LTD,D_term_wholesale,216920847.0,2014-10-01
TOTAL,*TOTAL*,A_operational,1195250835.1499999,2014-10-01
TOTAL,*TOTAL*,B_notice_short,370559837.23,2014-10-01
TOTAL,*TOTAL*,C_savings,189160225.56000003,2014-10-01
TOTAL,*TOTAL*,D_term_wholesale,1002250325.03,2014-10-01
25054,INVESTEC BANK LTD,A_operational,76359577.0,2014-11-01
25054,INVESTEC BANK LTD,B_notice_short,23020299.0,2014-11-01
25054,INVESTEC BANK LTD,C_savings,4361009.0,2014-11-01
25054,INVESTEC BANK LTD,D_term_wholesale,112317422.0,2014-11-01
333107,CAPITEC BANK,A_operational,766378.0,2014-11-01
333107,CAPITEC BANK,B_notice_short,997874.0,2014-11-01
333107,CAPITEC BANK,C_savings,18624501.0,2014-11-01
333107,CAPITEC BANK,D_term_wholesale,11904667.0,2014-11-01
34118,ABSA BANK LTD,A_operational,222728443.0,2014-11-01
34118,ABSA BANK LTD,B_notice_short,35031893.0,2014-11-01
34118,ABSA BANK LTD,C_savings,106959202.0,2014-11-01
34118,ABSA BANK LTD,D_term_wholesale,225384517.0,2014-11-01
416053,FIRSTRAND BANK LIMITED,A_operational,309861420.0,2014-11-01
416053,FIRSTRAND BANK LIMITED,B_notice_short,63517556.59,2014-11-01
416053,FIRSTRAND BANK LIMITED,C_savings,6576379.380000001,2014-11-01
416053,FIRSTRAND BANK LIMITED,D_term_wholesale,196092597.62,2014-11-01
416061,THE STANDARD BANK OF S A LTD,A_operational,279691530.0,2014-11-01
416061,THE STANDARD BANK OF S A LTD,B_notice_short,129742722.0,2014-11-01
416061,THE STANDARD BANK OF S A LTD,C_savings,36721120.0,2014-11-01
416061,THE STANDARD BANK OF S A LTD,D_term_wholesale,208331659.0,2014-11-01
416088,NEDBANK LTD,A_operational,272772242.0,2014-11-01
416088,NEDBANK LTD,B_notice_short,24069547.0,2014-11-01
416088,NEDBANK LTD,C_savings,9483311.0,2014-11-01
416088,NEDBANK LTD,D_term_wholesale,224016875.0,2014-11-01
TOTAL,*TOTAL*,A_operational,1267770954.61,2014-11-01
TOTAL,*TOTAL*,B_notice_short,304893575.33,2014-11-01
TOTAL,*TOTAL*,C_savings,193342923.85,2014-11-01
TOTAL,*TOTAL*,D_term_wholesale,1017296231.75,2014-11-01
25054,INVESTEC BANK LTD,A_operational,71583008.0,2014-12-01
25054,INVESTEC BANK LTD,B_notice_short,33876274.0,2014-12-01
25054,INVESTEC BANK LTD,C_savings,4244141.0,2014-12-01
25054,INVESTEC BANK LTD,D_term_wholesale,107075118.0,2014-12-01
333107,CAPITEC BANK,A_operational,124957.0,2014-12-01
333107,CAPITEC BANK,B_notice_short,808478.0,2014-12-01
333107,CAPITEC BANK,C_savings,18075476.0,2014-12-01
333107,CAPITEC BANK,D_term_wholesale,11872234.0,2014-12-01
34118,ABSA BANK LTD,A_operational,215924791.0,2014-12-01
34118,ABSA BANK LTD,B_notice_short,46896620.0,2014-12-01
34118,ABSA BANK LTD,C_savings,108575370.0,2014-12-01
34118,ABSA BANK LTD,D_term_wholesale,212064617.0,2014-12-01
416053,FIRSTRAND BANK LIMITED,A_operational,316264842.19,2014-12-01
416053,FIRSTRAND BANK LIMITED,B_notice_short,65831515.919999994,2014-12-01
416053,FIRSTRAND BANK LIMITED,C_savings,6766772.07,2014-12-01
416053,FIRSTRAND BANK LIMITED,D_term_wholesale,192530090.64000002,2014-12-01
416061,THE STANDARD BANK OF S A LTD,A_operational,301570879.0,2014-12-01
416061,THE STANDARD BANK OF S A LTD,B_notice_short,137008206.0,2014-12-01
416061,THE STANDARD BANK OF S A LTD,C_savings,37094439.0,2014-12-01
416061,THE STANDARD BANK OF S A LTD,D_term_wholesale,187054144.0,2014-12-01
416088,NEDBANK LTD,A_operational,262891351.0,2014-12-01
416088,NEDBANK LTD,B_notice_short,39094728.0,2014-12-01
416088,NEDBANK LTD,C_savings,9149550.0,2014-12-01
416088,NEDBANK LTD,D_term_wholesale,218489873.0,2014-12-01
TOTAL,*TOTAL*,A_operational,1263832357.1,2014-12-01
TOTAL,*TOTAL*,B_notice_short,350266464.62,2014-12-01
TOTAL,*TOTAL*,C_savings,194032148.24,2014-12-01
TOTAL,*TOTAL*,D_term_wholesale,970638144.69,2014-12-01
25054,INVESTEC BANK LTD,A_operational,72054045.0,2015-01-01
25054,INVESTEC BANK LTD,B_notice_short,28955614.0,2015-01-01
25054,INVESTEC BANK LTD,C_savings,4240424.0,2015-01-01
25054,INVESTEC BANK LTD,D_term_wholesale,107160842.0,2015-01-01
333107,CAPITEC BANK,A_operational,368878.0,2015-01-01
333107,CAPITEC BANK,B_notice_short,668882.0,2015-01-01
333107,CAPITEC BANK,C_savings,17842198.0,2015-01-01
333107,CAPITEC BANK,D_term_wholesale,12374506.0,2015-01-01
34118,ABSA BANK LTD,A_operational,222244985.0,2015-01-01
34118,ABSA BANK LTD,B_notice_short,48887621.0,2015-01-01
34118,ABSA BANK LTD,C_savings,108155879.0,2015-01-01
34118,ABSA BANK LTD,D_term_wholesale,217216334.0,2015-01-01
416053,FIRSTRAND BANK LIMITED,A_operational,305557996.99,2015-01-01
416053,FIRSTRAND BANK LIMITED,B_notice_short,67730002.08,2015-01-01
416053,FIRSTRAND BANK LIMITED,C_savings,6435418.659999999,2015-01-01
416053,FIRSTRAND BANK LIMITED,D_term_wholesale,198648253.15,2015-01-01
416061,THE STANDARD BANK OF S A LTD,A_operational,275863671.0,2015-01-01
416061,THE STANDARD BANK OF S A LTD,B_notice_short,135002987.0,2015-01-01
416061,THE STANDARD BANK OF S A LTD,C_savings,36309253.0,2015-01-01
416061,THE STANDARD BANK OF S A LTD,D_term_wholesale,205954941.0,2015-01-01
416088,NEDBANK LTD,A_operational,262911117.0,2015-01-01
416088,NEDBANK LTD,B_notice_short,44534626.0,2015-01-01
416088,NEDBANK LTD,C_savings,8958522.0,2015-01-01
416088,NEDBANK LTD,D_term_wholesale,218688918.0,2015-01-01
TOTAL,*TOTAL*,A_operational,1235267802.93,2015-01-01
TOTAL,*TOTAL*,B_notice_short,357623785.03,2015-01-01
TOTAL,*TOTAL*,C_savings,191674706.38000003,2015-01-01
TOTAL,*TOTAL*,D_term_wholesale,1001093872.83,2015-01-01
25054,INVESTEC BANK LTD,A_operational,75155341.0,2015-02-01
25054,INVESTEC BANK LTD,B_notice_short,28100956.0,2015-02-01
25054,INVESTEC BANK LTD,C_savings,4114122.0,2015-02-01
25054,INVESTEC BANK LTD,D_term_wholesale,107265677.0,2015-02-01
333107,CAPITEC BANK,A_operational,252914.0,2015-02-01
333107,CAPITEC BANK,B_notice_short,523871.0,2015-02-01
333107,CAPITEC BANK,C_savings,19297567.0,2015-02-01
333107,CAPITEC BANK,D_term_wholesale,12754101.0,2015-02-01
34118,ABSA BANK LTD,A_operational,219992957.0,2015-02-01
34118,ABSA BANK LTD,B_notice_short,47867689.0,2015-02-01
34118,ABSA BANK LTD,C_savings,107520012.0,2015-02-01
34118,ABSA BANK LTD,D_term_wholesale,216310346.0,2015-02-01
416053,FIRSTRAND BANK LIMITED,A_operational,309725179.27,2015-02-01
416053,FIRSTRAND BANK LIMITED,B_notice_short,73677929.0,2015-02-01
416053,FIRSTRAND BANK LIMITED,C_savings,6452342.49,2015-02-01
416053,FIRSTRAND BANK LIMITED,D_term_wholesale,195424366.94,2015-02-01
416061,THE STANDARD BANK OF S A LTD,A_operational,293021039.0,2015-02-01
416061,THE STANDARD BANK OF S A LTD,B_notice_short,126844190.0,2015-02-01
416061,THE STANDARD BANK OF S A LTD,C_savings,35210813.0,2015-02-01
416061,THE STANDARD BANK OF S A LTD,D_term_wholesale,208923475.0,2015-02-01
416088,NEDBANK LTD,A_operational,267506530.0,2015-02-01
416088,NEDBANK LTD,B_notice_short,39565545.0,2015-02-01
416088,NEDBANK LTD,C_savings,9031772.0,2015-02-01
416088,NEDBANK LTD,D_term_wholesale,221312212.0,2015-02-01
TOTAL,*TOTAL*,A_operational,1261049269.18,2015-02-01
TOTAL,*TOTAL*,B_notice_short,343304572.33,2015-02-01
TOTAL,*TOTAL*,C_savings,191795597.54000002,2015-02-01
TOTAL,*TOTAL*,D_term_wholesale,1003281627.9399999,2015-02-01
25054,INVESTEC BANK LTD,A_operational,74713182.0,2015-03-01
25054,INVESTEC BANK LTD,B_notice_short,28848417.0,2015-03-01
25054,INVESTEC BANK LTD,C_savings,4154389.0,2015-03-01
25054,INVESTEC BANK LTD,D_term_wholesale,112122468.0,2015-03-01
333107,CAPITEC BANK,A_operational,695332.0,2015-03-01
333107,CAPITEC BANK,B_notice_short,542154.0,2015-03-01
333107,CAPITEC BANK,C_savings,19235422.0,2015-03-01
333107,CAPITEC BANK,D_term_wholesale,13222720.0,2015-03-01
34118,ABSA BANK LTD,A_operational,223612041.0,2015-03-01
34118,ABSA BANK LTD,B_notice_short,46458480.0,2015-03-01
34118,ABSA BANK LTD,C_savings,109706248.0,2015-03-01
34118,ABSA BANK LTD,D_term_wholesale,220064617.0,2015-03-01
416053,FIRSTRAND BANK LIMITED,A_operational,319855919.08,2015-03-01
416053,FIRSTRAND BANK LIMITED,B_notice_short,67828346.28,2015-03-01
416053,FIRSTRAND BANK LIMITED,C_savings,6636221.790000001,2015-03-01
416053,FIRSTRAND BANK LIMITED,D_term_wholesale,200153436.81,2015-03-01
416061,THE STANDARD BANK OF S A LTD,A_operational,311044164.0,2015-03-01
416061,THE STANDARD BANK OF S A LTD,B_notice_short,124594576.0,2015-03-01
416061,THE STANDARD BANK OF S A LTD,C_savings,35511481.0,2015-03-01
416061,THE STANDARD BANK OF S A LTD,D_term_wholesale,211603432.0,2015-03-01
416088,NEDBANK LTD,A_operational,281603067.0,2015-03-01
416088,NEDBANK LTD,B_notice_short,34901563.0,2015-03-01
416088,NEDBANK LTD,C_savings,9048156.0,2015-03-01
416088,NEDBANK LTD,D_term_wholesale,221565442.0,2015-03-01
TOTAL,*TOTAL*,A_operational,1317203866.54,2015-03-01
TOTAL,*TOTAL*,B_notice_short,328608930.19,2015-03-01
TOTAL,*TOTAL*,C_savings,194137433.78,2015-03-01
TOTAL,*TOTAL*,D_term_wholesale,1023450057.34,2015-03-01
25054,INVESTEC BANK LTD,A_operational,74550452.0,2015-04-01
25054,INVESTEC BANK LTD,B_notice_short,24699516.0,2015-04-01
25054,INVESTEC BANK LTD,C_savings,4377109.0,2015-04-01
25054,INVESTEC BANK LTD,D_term_wholesale,118957114.0,2015-04-01
333107,CAPITEC BANK,A_operational,11635.0,2015-04-01
333107,CAPITEC BANK,B_notice_short,564721.0,2015-04-01
333107,CAPITEC BANK,C_savings,19792043.0,2015-04-01
333107,CAPITEC BANK,D_term_wholesale,13493691.0,2015-04-01
34118,ABSA BANK LTD,A_operational,215713524.0,2015-04-01
34118,ABSA BANK LTD,B_notice_short,47020981.0,2015-04-01
34118,ABSA BANK LTD,C_savings,111108803.0,2015-04-01
34118,ABSA BANK LTD,D_term_wholesale,229076124.0,2015-04-01
416053,FIRSTRAND BANK LIMITED,A_operational,314470699.89,2015-04-01
416053,FIRSTRAND BANK LIMITED,B_notice_short,68334825.14,2015-04-01
416053,FIRSTRAND BANK LIMITED,C_savings,6640760.710000001,2015-04-01
416053,FIRSTRAND BANK LIMITED,D_term_wholesale,206764136.16,2015-04-01
416061,THE STANDARD BANK OF S A LTD,A_operational,288927453.0,2015-04-01
416061,THE STANDARD BANK OF S A LTD,B_notice_short,128341915.0,2015-04-01
416061,THE STANDARD BANK OF S A LTD,C_savings,35481025.0,2015-04-01
416061,THE STANDARD BANK OF S A LTD,D_term_wholesale,230205123.0,2015-04-01
416088,NEDBANK LTD,A_operational,272581286.0,2015-04-01
416088,NEDBANK LTD,B_notice_short,40787845.0,2015-04-01
416088,NEDBANK LTD,C_savings,9172673.0,2015-04-01
416088,NEDBANK LTD,D_term_wholesale,228901017.0,2015-04-01
TOTAL,*TOTAL*,A_operational,1267330836.9,2015-04-01
TOTAL,*TOTAL*,B_notice_short,334828270.98,2015-04-01
TOTAL,*TOTAL*,C_savings,196688759.47,2015-04-01
TOTAL,*TOTAL*,D_term_wholesale,1068226243.46,2015-04-01
25054,INVESTEC BANK LTD,A_operational,80493239.0,2015-05-01
25054,INVESTEC BANK LTD,B_notice_short,30626875.0,2015-05-01
25054,INVESTEC BANK LTD,C_savings,4282731.0,2015-05-01
25054,INVESTEC BANK LTD,D_term_wholesale,115034867.0,2015-05-01
333107,CAPITEC BANK,A_operational,698852.0,2015-05-01
333107,CAPITEC BANK,B_notice_short,587294.0,2015-05-01
333107,CAPITEC BANK,C_savings,19507215.0,2015-05-01
333107,CAPITEC BANK,D_term_wholesale,13799275.0,2015-05-01
34118,ABSA BANK LTD,A_operational,223873700.0,2015-05-01
34118,ABSA BANK LTD,B_notice_short,52435094.0,2015-05-01
34118,ABSA BANK LTD,C_savings,111765712.0,2015-05-01
34118,ABSA BANK LTD,D_term_wholesale,223613400.0,2015-05-01
416053,FIRSTRAND BANK LIMITED,A_operational,306665946.38,2015-05-01
416053,FIRSTRAND BANK LIMITED,B_notice_short,67660976.14,2015-05-01
416053,FIRSTRAND BANK LIMITED,C_savings,6809197.859999999,2015-05-01
416053,FIRSTRAND BANK LIMITED,D_term_wholesale,218392518.68,2015-05-01
416061,THE STANDARD BANK OF S A LTD,A_operational,290457919.0,2015-05-01
416061,THE STANDARD BANK OF S A LTD,B_notice_short,152260972.0,2015-05-01
416061,THE STANDARD BANK OF S A LTD,C_savings,35280380.0,2015-05-01
416061,THE STANDARD BANK OF S A LTD,D_term_wholesale,227387306.0,2015-05-01
416088,NEDBANK LTD,A_operational,268189778.0,2015-05-01
416088,NEDBANK LTD,B_notice_short,36278223.0,2015-05-01
416088,NEDBANK LTD,C_savings,9253539.0,2015-05-01
416088,NEDBANK LTD,D_term_wholesale,235234668.0,2015-05-01
TOTAL,*TOTAL*,A_operational,1273786055.94,2015-05-01
TOTAL,*TOTAL*,B_notice_short,368578671.93,2015-05-01
TOTAL,*TOTAL*,C_savings,195019664.95000002,2015-05-01
TOTAL,*TOTAL*,D_term_wholesale,1073519435.86,2015-05-01
25054,INVESTEC BANK LTD,A_operational,83411314.0,2015-06-01
25054,INVESTEC BANK LTD,B_notice_short,26040113.0,2015-06-01
25054,INVESTEC BANK LTD,C_savings,4319217.0,2015-06-01
25054,INVESTEC BANK LTD,D_term_wholesale,117368849.0,2015-06-01
333107,CAPITEC BANK,A_operational,5556.0,2015-06-01
333107,CAPITEC BANK,B_notice_short,797481.0,2015-06-01
333107,CAPITEC BANK,C_savings,20747299.0,2015-06-01
333107,CAPITEC BANK,D_term_wholesale,13908149.0,2015-06-01
34118,ABSA BANK LTD,A_operational,237835657.0,2015-06-01
34118,ABSA BANK LTD,B_notice_short,39555663.0,2015-06-01
34118,ABSA BANK LTD,C_savings,113443595.0,2015-06-01
34118,ABSA BANK LTD,D_term_wholesale,224957196.0,2015-06-01
416053,FIRSTRAND BANK LIMITED,A_operational,323505535.69,2015-06-01
416053,FIRSTRAND BANK LIMITED,B_notice_short,72545753.88,2015-06-01
416053,FIRSTRAND BANK LIMITED,C_savings,6945772.33,2015-06-01
416053,FIRSTRAND BANK LIMITED,D_term_wholesale,213889353.58,2015-06-01
416061,THE STANDARD BANK OF S A LTD,A_operational,312956661.0,2015-06-01
416061,THE STANDARD BANK OF S A LTD,B_notice_short,142314675.0,2015-06-01
416061,THE STANDARD BANK OF S A LTD,C_savings,35126641.0,2015-06-01
416061,THE STANDARD BANK OF S A LTD,D_term_wholesale,224871662.0,2015-06-01
416088,NEDBANK LTD,A_operational,274655103.0,2015-06-01
416088,NEDBANK LTD,B_notice_short,40993412.0,2015-06-01
416088,NEDBANK LTD,C_savings,9254728.0,2015-06-01
416088,NEDBANK LTD,D_term_wholesale,238151781.0,2015-06-01
TOTAL,*TOTAL*,A_operational,1340211816.49,2015-06-01
TOTAL,*TOTAL*,B_notice_short,348895344.01,2015-06-01
TOTAL,*TOTAL*,C_savings,198231935.79,2015-06-01
TOTAL,*TOTAL*,D_term_wholesale,1073684917.05,2015-06-01
25054,INVESTEC BANK LTD,A_operational,83658944.0,2015-07-01
25054,INVESTEC BANK LTD,B_notice_short,29228127.0,2015-07-01
25054,INVESTEC BANK LTD,C_savings,4339220.0,2015-07-01
25054,INVESTEC BANK LTD,D_term_wholesale,119530039.0,2015-07-01
333107,CAPITEC BANK,A_operational,8239.0,2015-07-01
333107,CAPITEC BANK,B_notice_short,1036118.0,2015-07-01
333107,CAPITEC BANK,C_savings,21567196.0,2015-07-01
333107,CAPITEC BANK,D_term_wholesale,13987676.0,2015-07-01
34118,ABSA BANK LTD,A_operational,233007607.0,2015-07-01
34118,ABSA BANK LTD,B_notice_short,44907922.0,2015-07-01
34118,ABSA BANK LTD,C_savings,116427085.0,2015-07-01
34118,ABSA BANK LTD,D_term_wholesale,238412575.0,2015-07-01
416053,FIRSTRAND BANK LIMITED,A_operational,302588171.69,2015-07-01
416053,FIRSTRAND BANK LIMITED,B_notice_short,84932414.21000001,2015-07-01
416053,FIRSTRAND BANK LIMITED,C_savings,7078658.130000001,2015-07-01
416053,FIRSTRAND BANK LIMITED,D_term_wholesale,210475834.08,2015-07-01
416061,THE STANDARD BANK OF S A LTD,A_operational,296127306.0,2015-07-01
416061,THE STANDARD BANK OF S A LTD,B_notice_short,134433838.0,2015-07-01
416061,THE STANDARD BANK OF S A LTD,C_savings,35720707.0,2015-07-01
416061,THE STANDARD BANK OF S A LTD,D_term_wholesale,231453535.0,2015-07-01
416088,NEDBANK LTD,A_operational,278364809.0,2015-07-01
416088,NEDBANK LTD,B_notice_short,37830458.0,2015-07-01
416088,NEDBANK LTD,C_savings,9413220.0,2015-07-01
416088,NEDBANK LTD,D_term_wholesale,240820683.0,2015-07-01
TOTAL,*TOTAL*,A_operational,1309974629.3600001,2015-07-01
TOTAL,*TOTAL*,B_notice_short,359450011.87,2015-07-01
TOTAL,*TOTAL*,C_savings,204401187.20999998,2015-07-01
TOTAL,*TOTAL*,D_term_wholesale,1091967977.51,2015-07-01
25054,INVESTEC BANK LTD,A_operational,85082494.0,2015-08-01
25054,INVESTEC BANK LTD,B_notice_short,32387698.0,2015-08-01
25054,INVESTEC BANK LTD,C_savings,5547416.0,2015-08-01
25054,INVESTEC BANK LTD,D_term_wholesale,126562747.0,2015-08-01
333107,CAPITEC BANK,A_operational,10913.0,2015-08-01
333107,CAPITEC BANK,B_notice_short,666751.0,2015-08-01
333107,CAPITEC BANK,C_savings,21851157.0,2015-08-01
333107,CAPITEC BANK,D_term_wholesale,14444946.0,2015-08-01
34118,ABSA BANK LTD,A_operational,228031538.0,2015-08-01
34118,ABSA BANK LTD,B_notice_short,42308993.0,2015-08-01
34118,ABSA BANK LTD,C_savings,115989120.0,2015-08-01
34118,ABSA BANK LTD,D_term_wholesale,237759632.0,2015-08-01
416053,FIRSTRAND BANK LIMITED,A_operational,325026013.01,2015-08-01
416053,FIRSTRAND BANK LIMITED,B_notice_short,73268821.86999999,2015-08-01
416053,FIRSTRAND BANK LIMITED,C_savings,7224024.380000001,2015-08-01
416053,FIRSTRAND BANK LIMITED,D_term_wholesale,204426753.62,2015-08-01
416061,THE STANDARD BANK OF S A LTD,A_operational,297305452.0,2015-08-01
416061,THE STANDARD BANK OF S A LTD,B_notice_short,151088760.0,2015-08-01
416061,THE STANDARD BANK OF S A LTD,C_savings,35139152.0,2015-08-01
416061,THE STANDARD BANK OF S A LTD,D_term_wholesale,216856251.0,2015-08-01
416088,NEDBANK LTD,A_operational,277640531.0,2015-08-01
416088,NEDBANK LTD,B_notice_short,39382117.0,2015-08-01
416088,NEDBANK LTD,C_savings,9381630.0,2015-08-01
416088,NEDBANK LTD,D_term_wholesale,241282141.0,2015-08-01
TOTAL,*TOTAL*,A_operational,1327023155.69,2015-08-01
TOTAL,*TOTAL*,B_notice_short,370534067.18,2015-08-01
TOTAL,*TOTAL*,C_savings,203926881.96,2015-08-01
TOTAL,*TOTAL*,D_term_wholesale,1079975139.04,2015-08-01
25054,INVESTEC BANK LTD,A_operational,87145700.0,2015-09-01
25054,INVESTEC BANK LTD,B_notice_short,30953928.0,2015-09-01
25054,INVESTEC BANK LTD,C_savings,4081013.0,2015-09-01
25054,INVESTEC BANK LTD,D_term_wholesale,131516679.0,2015-09-01
333107,CAPITEC BANK,A_operational,456024.0,2015-09-01
333107,CAPITEC BANK,B_notice_short,705943.0,2015-09-01
333107,CAPITEC BANK,C_savings,22595634.0,2015-09-01
333107,CAPITEC BANK,D_term_wholesale,14577512.0,2015-09-01
34118,ABSA BANK LTD,A_operational,239845586.0,2015-09-01
34118,ABSA BANK LTD,B_notice_short,42374524.0,2015-09-01
34118,ABSA BANK LTD,C_savings,117474651.0,2015-09-01
34118,ABSA BANK LTD,D_term_wholesale,230297856.0,2015-09-01
416053,FIRSTRAND BANK LIMITED,A_operational,327099092.34,2015-09-01
416053,FIRSTRAND BANK LIMITED,B_notice_short,73494228.64,2015-09-01
416053,FIRSTRAND BANK LIMITED,C_savings,7342137.870000001,2015-09-01
416053,FIRSTRAND BANK LIMITED,D_term_wholesale,207249786.15,2015-09-01
416061,THE STANDARD BANK OF S A LTD,A_operational,312503802.0,2015-09-01
416061,THE STANDARD BANK OF S A LTD,B_notice_short,133354470.0,2015-09-01
416061,THE STANDARD BANK OF S A LTD,C_savings,35086486.0,2015-09-01
416061,THE STANDARD BANK OF S A LTD,D_term_wholesale,231370507.0,2015-09-01
416088,NEDBANK LTD,A_operational,287590363.0,2015-09-01
416088,NEDBANK LTD,B_notice_short,32035794.0,2015-09-01
416088,NEDBANK LTD,C_savings,9493195.0,2015-09-01
416088,NEDBANK LTD,D_term_wholesale,245540779.0,2015-09-01
TOTAL,*TOTAL*,A_operational,1356686160.21,2015-09-01
TOTAL,*TOTAL*,B_notice_short,342711211.46,2015-09-01
TOTAL,*TOTAL*,C_savings,204721096.16,2015-09-01
TOTAL,*TOTAL*,D_term_wholesale,1099839719.12,2015-09-01
25054,INVESTEC BANK LTD,A_operational,89191251.0,2015-10-01
25054,INVESTEC BANK LTD,B_notice_short,35472917.0,2015-10-01
25054,INVESTEC BANK LTD,C_savings,4345125.0,2015-10-01
25054,INVESTEC BANK LTD,D_term_wholesale,130381859.0,2015-10-01
333107,CAPITEC BANK,A_operational,192501.0,2015-10-01
333107,CAPITEC BANK,B_notice_short,838941.0,2015-10-01
333107,CAPITEC BANK,C_savings,23025386.0,2015-10-01
333107,CAPITEC BANK,D_term_wholesale,14669709.0,2015-10-01
34118,ABSA BANK LTD,A_operational,214055408.0,2015-10-01
34118,ABSA BANK LTD,B_notice_short,46831954.0,2015-10-01
34118,ABSA BANK LTD,C_savings,118202508.0,2015-10-01
34118,ABSA BANK LTD,D_term_wholesale,244596028.0,2015-10-01
416053,FIRSTRAND BANK LIMITED,A_operational,323822568.4114,2015-10-01
416053,FIRSTRAND BANK LIMITED,B_notice_short,79437816.8972,2015-10-01
416053,FIRSTRAND BANK LIMITED,C_savings,7534666.6129,2015-10-01
416053,FIRSTRAND BANK LIMITED,D_term_wholesale,195434681.112,2015-10-01
416061,THE STANDARD BANK OF S A LTD,A_operational,305914094.0,2015-10-01
416061,THE STANDARD BANK OF S A LTD,B_notice_short,142507760.0,2015-10-01
416061,THE STANDARD BANK OF S A LTD,C_savings,35282815.0,2015-10-01
416061,THE STANDARD BANK OF S A LTD,D_term_wholesale,219704537.0,2015-10-01
416088,NEDBANK LTD,A_operational,271153551.0,2015-10-01
416088,NEDBANK LTD,B_notice_short,46758837.0,2015-10-01
416088,NEDBANK LTD,C_savings,9625409.0,2015-10-01
416088,NEDBANK LTD,D_term_wholesale,247030131.0,2015-10-01
TOTAL,*TOTAL*,A_operational,1310878379.6414,2015-10-01
TOTAL,*TOTAL*,B_notice_short,381738014.21819997,2015-10-01
TOTAL,*TOTAL*,C_savings,205898988.2595,2015-10-01
TOTAL,*TOTAL*,D_term_wholesale,1090045943.3618,2015-10-01
25054,INVESTEC BANK LTD,A_operational,95423443.0,2015-11-01
25054,INVESTEC BANK LTD,B_notice_short,18979729.0,2015-11-01
25054,INVESTEC BANK LTD,C_savings,5512209.0,2015-11-01
25054,INVESTEC BANK LTD,D_term_wholesale,141333173.0,2015-11-01
333107,CAPITEC BANK,A_operational,11281.0,2015-11-01
333107,CAPITEC BANK,B_notice_short,1185487.0,2015-11-01
333107,CAPITEC BANK,C_savings,24665681.0,2015-11-01
333107,CAPITEC BANK,D_term_wholesale,14241945.0,2015-11-01
34118,ABSA BANK LTD,A_operational,246898051.0,2015-11-01
34118,ABSA BANK LTD,B_notice_short,39387672.0,2015-11-01
34118,ABSA BANK LTD,C_savings,120602420.0,2015-11-01
34118,ABSA BANK LTD,D_term_wholesale,246783106.0,2015-11-01
416053,FIRSTRAND BANK LIMITED,A_operational,330942323.35,2015-11-01
416053,FIRSTRAND BANK LIMITED,B_notice_short,63228382.410000004,2015-11-01
416053,FIRSTRAND BANK LIMITED,C_savings,7648775.46,2015-11-01
416053,FIRSTRAND BANK LIMITED,D_term_wholesale,200975202.32999998,2015-11-01
416061,THE STANDARD BANK OF S A LTD,A_operational,323719766.0,2015-11-01
416061,THE STANDARD BANK OF S A LTD,B_notice_short,130362640.0,2015-11-01
416061,THE STANDARD BANK OF S A LTD,C_savings,35418559.0,2015-11-01
416061,THE STANDARD BANK OF S A LTD,D_term_wholesale,224384082.0,2015-11-01
416088,NEDBANK LTD,A_operational,281929547.0,2015-11-01
416088,NEDBANK LTD,B_notice_short,27521791.0,2015-11-01
416088,NEDBANK LTD,C_savings,9718044.0,2015-11-01
416088,NEDBANK LTD,D_term_wholesale,261828775.0,2015-11-01
TOTAL,*TOTAL*,A_operational,1390230697.04,2015-11-01
TOTAL,*TOTAL*,B_notice_short,306417739.28,2015-11-01
TOTAL,*TOTAL*,C_savings,211744444.60999998,2015-11-01
TOTAL,*TOTAL*,D_term_wholesale,1128295426.48,2015-11-01
25054,INVESTEC BANK LTD,A_operational,96221065.0,2015-12-01
25054,INVESTEC BANK LTD,B_notice_short,32091608.0,2015-12-01
25054,INVESTEC BANK LTD,C_savings,5987704.0,2015-12-01
25054,INVESTEC BANK LTD,D_term_wholesale,126125894.0,2015-12-01
333107,CAPITEC BANK,A_operational,174391.0,2015-12-01
333107,CAPITEC BANK,B_notice_short,1143562.0,2015-12-01
333107,CAPITEC BANK,C_savings,23645268.0,2015-12-01
333107,CAPITEC BANK,D_term_wholesale,13964715.0,2015-12-01
34118,ABSA BANK LTD,A_operational,237796064.0,2015-12-01
34118,ABSA BANK LTD,B_notice_short,43258293.0,2015-12-01
34118,ABSA BANK LTD,C_savings,121702888.0,2015-12-01
34118,ABSA BANK LTD,D_term_wholesale,235303095.0,2015-12-01
416053,FIRSTRAND BANK LIMITED,A_operational,346660901.45,2015-12-01
416053,FIRSTRAND BANK LIMITED,B_notice_short,73459909.94,2015-12-01
416053,FIRSTRAND BANK LIMITED,C_savings,7821285.08,2015-12-01
416053,FIRSTRAND BANK LIMITED,D_term_wholesale,191481738.2,2015-12-01
416061,THE STANDARD BANK OF S A LTD,A_operational,322766370.0,2015-12-01
416061,THE STANDARD BANK OF S A LTD,B_notice_short,143194804.0,2015-12-01
416061,THE STANDARD BANK OF S A LTD,C_savings,35937990.0,2015-12-01
416061,THE STANDARD BANK OF S A LTD,D_term_wholesale,210295360.0,2015-12-01
416088,NEDBANK LTD,A_operational,278151645.0,2015-12-01
416088,NEDBANK LTD,B_notice_short,37659704.0,2015-12-01
416088,NEDBANK LTD,C_savings,9309228.0,2015-12-01
416088,NEDBANK LTD,D_term_wholesale,257098843.0,2015-12-01
TOTAL,*TOTAL*,A_operational,1392404824.95,2015-12-01
TOTAL,*TOTAL*,B_notice_short,354303473.78,2015-12-01
TOTAL,*TOTAL*,C_savings,212512909.92000002,2015-12-01
TOTAL,*TOTAL*,D_term_wholesale,1073706414.0799999,2015-12-01
25054,INVESTEC BANK LTD,A_operational,106182770.0,2016-01-01
25054,INVESTEC BANK LTD,B_notice_short,45391512.0,2016-01-01
25054,INVESTEC BANK LTD,C_savings,4984094.0,2016-01-01
25054,INVESTEC BANK LTD,D_term_wholesale,112031521.0,2016-01-01
333107,CAPITEC BANK,A_operational,620539.0,2016-01-01
333107,CAPITEC BANK,B_notice_short,715718.0,2016-01-01
333107,CAPITEC BANK,C_savings,23051338.0,2016-01-01
333107,CAPITEC BANK,D_term_wholesale,14452482.0,2016-01-01
34118,ABSA BANK LTD,A_operational,245497046.0,2016-01-01
34118,ABSA BANK LTD,B_notice_short,42642356.0,2016-01-01
34118,ABSA BANK LTD,C_savings,120752784.0,2016-01-01
34118,ABSA BANK LTD,D_term_wholesale,236290437.0,2016-01-01
416053,FIRSTRAND BANK LIMITED,A_operational,339156877.11,2016-01-01
416053,FIRSTRAND BANK LIMITED,B_notice_short,73851883.21000001,2016-01-01
416053,FIRSTRAND BANK LIMITED,C_savings,7347179.819999999,2016-01-01
416053,FIRSTRAND BANK LIMITED,D_term_wholesale,192842441.54,2016-01-01
416061,THE STANDARD BANK OF S A LTD,A_operational,317568472.0,2016-01-01
416061,THE STANDARD BANK OF S A LTD,B_notice_short,125306775.0,2016-01-01
416061,THE STANDARD BANK OF S A LTD,C_savings,34992184.0,2016-01-01
416061,THE STANDARD BANK OF S A LTD,D_term_wholesale,200256938.0,2016-01-01
416088,NEDBANK LTD,A_operational,290363210.0,2016-01-01
416088,NEDBANK LTD,B_notice_short,47124047.0,2016-01-01
416088,NEDBANK LTD,C_savings,9080414.0,2016-01-01
416088,NEDBANK LTD,D_term_wholesale,227331298.0,2016-01-01
TOTAL,*TOTAL*,A_operational,1412621523.06,2016-01-01
TOTAL,*TOTAL*,B_notice_short,358999070.79999995,2016-01-01
TOTAL,*TOTAL*,C_savings,208640491.04999998,2016-01-01
TOTAL,*TOTAL*,D_term_wholesale,1019829475.31,2016-01-01
25054,INVESTEC BANK LTD,A_operational,101064822.0,2016-02-01
25054,INVESTEC BANK LTD,B_notice_short,28830350.0,2016-02-01
25054,INVESTEC BANK LTD,C_savings,4842850.0,2016-02-01
25054,INVESTEC BANK LTD,D_term_wholesale,134412799.0,2016-02-01
333107,CAPITEC BANK,A_operational,172654.0,2016-02-01
333107,CAPITEC BANK,B_notice_short,706744.0,2016-02-01
333107,CAPITEC BANK,C_savings,24152425.0,2016-02-01
333107,CAPITEC BANK,D_term_wholesale,14957792.0,2016-02-01
34118,ABSA BANK LTD,A_operational,248843890.0,2016-02-01
34118,ABSA BANK LTD,B_notice_short,41775525.0,2016-02-01
34118,ABSA BANK LTD,C_savings,119289263.0,2016-02-01
34118,ABSA BANK LTD,D_term_wholesale,238317202.0,2016-02-01
416053,FIRSTRAND BANK LIMITED,A_operational,329928237.66,2016-02-01
416053,FIRSTRAND BANK LIMITED,B_notice_short,101683312.28,2016-02-01
416053,FIRSTRAND BANK LIMITED,C_savings,7282453.69,2016-02-01
416053,FIRSTRAND BANK LIMITED,D_term_wholesale,189772375.94,2016-02-01
416061,THE STANDARD BANK OF S A LTD,A_operational,313750968.0,2016-02-01
416061,THE STANDARD BANK OF S A LTD,B_notice_short,141640683.0,2016-02-01
416061,THE STANDARD BANK OF S A LTD,C_savings,33988624.0,2016-02-01
416061,THE STANDARD BANK OF S A LTD,D_term_wholesale,198080889.0,2016-02-01
416088,NEDBANK LTD,A_operational,294459626.0,2016-02-01
416088,NEDBANK LTD,B_notice_short,37149245.0,2016-02-01
416088,NEDBANK LTD,C_savings,9085770.0,2016-02-01
416088,NEDBANK LTD,D_term_wholesale,247561039.0,2016-02-01
TOTAL,*TOTAL*,A_operational,1398215176.67,2016-02-01
TOTAL,*TOTAL*,B_notice_short,380555695.5,2016-02-01
TOTAL,*TOTAL*,C_savings,206980623.78000003,2016-02-01
TOTAL,*TOTAL*,D_term_wholesale,1060617592.15,2016-02-01
25054,INVESTEC BANK LTD,A_operational,103105694.0,2016-03-01
25054,INVESTEC BANK LTD,B_notice_short,33771559.0,2016-03-01
25054,INVESTEC BANK LTD,C_savings,4924410.0,2016-03-01
25054,INVESTEC BANK LTD,D_term_wholesale,126498082.0,2016-03-01
333107,CAPITEC BANK,A_operational,813014.0,2016-03-01
333107,CAPITEC BANK,B_notice_short,900781.0,2016-03-01
333107,CAPITEC BANK,C_savings,24208937.0,2016-03-01
333107,CAPITEC BANK,D_term_wholesale,15216825.0,2016-03-01
34118,ABSA BANK LTD,A_operational,249314395.0,2016-03-01
34118,ABSA BANK LTD,B_notice_short,36256942.0,2016-03-01
34118,ABSA BANK LTD,C_savings,119816395.0,2016-03-01
34118,ABSA BANK LTD,D_term_wholesale,245652860.0,2016-03-01
416053,FIRSTRAND BANK LIMITED,A_operational,343487767.88,2016-03-01
416053,FIRSTRAND BANK LIMITED,B_notice_short,71404421.35,2016-03-01
416053,FIRSTRAND BANK LIMITED,C_savings,7352058.24,2016-03-01
416053,FIRSTRAND BANK LIMITED,D_term_wholesale,204394670.27,2016-03-01
416061,THE STANDARD BANK OF S A LTD,A_operational,366018679.0,2016-03-01
416061,THE STANDARD BANK OF S A LTD,B_notice_short,126442088.0,2016-03-01
416061,THE STANDARD BANK OF S A LTD,C_savings,33952095.0,2016-03-01
416061,THE STANDARD BANK OF S A LTD,D_term_wholesale,199309799.0,2016-03-01
416088,NEDBANK LTD,A_operational,301787035.0,2016-03-01
416088,NEDBANK LTD,B_notice_short,42019846.0,2016-03-01
416088,NEDBANK LTD,C_savings,9195861.0,2016-03-01
416088,NEDBANK LTD,D_term_wholesale,246871599.0,2016-03-01
TOTAL,*TOTAL*,A_operational,1475847782.2,2016-03-01
TOTAL,*TOTAL*,B_notice_short,343383899.23,2016-03-01
TOTAL,*TOTAL*,C_savings,207865987.19,2016-03-01
TOTAL,*TOTAL*,D_term_wholesale,1075925976.06,2016-03-01
25054,INVESTEC BANK LTD,A_operational,103242623.0,2016-04-01
25054,INVESTEC BANK LTD,B_notice_short,38578708.0,2016-04-01
25054,INVESTEC BANK LTD,C_savings,5039806.0,2016-04-01
25054,INVESTEC BANK LTD,D_term_wholesale,122924630.0,2016-04-01
333107,CAPITEC BANK,A_operational,348731.0,2016-04-01
333107,CAPITEC BANK,B_notice_short,768916.0,2016-04-01
333107,CAPITEC BANK,C_savings,25223097.0,2016-04-01
333107,CAPITEC BANK,D_term_wholesale,15607423.0,2016-04-01
34118,ABSA BANK LTD,A_operational,220337699.0,2016-04-01
34118,ABSA BANK LTD,B_notice_short,47692994.0,2016-04-01
34118,ABSA BANK LTD,C_savings,120855283.0,2016-04-01
34118,ABSA BANK LTD,D_term_wholesale,259832544.0,2016-04-01
416053,FIRSTRAND BANK LIMITED,A_operational,333281971.8799,2016-04-01
416053,FIRSTRAND BANK LIMITED,B_notice_short,73615256.5444,2016-04-01
416053,FIRSTRAND BANK LIMITED,C_savings,7471880.9597,2016-04-01
416053,FIRSTRAND BANK LIMITED,D_term_wholesale,217422298.069,2016-04-01
416061,THE STANDARD BANK OF S A LTD,A_operational,335667044.0,2016-04-01
416061,THE STANDARD BANK OF S A LTD,B_notice_short,129409807.0,2016-04-01
416061,THE STANDARD BANK OF S A LTD,C_savings,33748049.0,2016-04-01
416061,THE STANDARD BANK OF S A LTD,D_term_wholesale,209786600.0,2016-04-01
416088,NEDBANK LTD,A_operational,288900035.0,2016-04-01
416088,NEDBANK LTD,B_notice_short,40741992.0,2016-04-01
416088,NEDBANK LTD,C_savings,9254015.0,2016-04-01
416088,NEDBANK LTD,D_term_wholesale,257180148.0,2016-04-01
TOTAL,*TOTAL*,A_operational,1392379122.5899,2016-04-01
TOTAL,*TOTAL*,B_notice_short,364433409.4657,2016-04-01
TOTAL,*TOTAL*,C_savings,209601176.5058,2016-04-01
TOTAL,*TOTAL*,D_term_wholesale,1112689452.9467,2016-04-01
25054,INVESTEC BANK LTD,A_operational,103290864.0,2016-05-01
25054,INVESTEC BANK LTD,B_notice_short,41088364.0,2016-05-01
25054,INVESTEC BANK LTD,C_savings,4935849.0,2016-05-01
25054,INVESTEC BANK LTD,D_term_wholesale,124148771.0,2016-05-01
333107,CAPITEC BANK,A_operational,10647.0,2016-05-01
333107,CAPITEC BANK,B_notice_short,724865.0,2016-05-01
333107,CAPITEC BANK,C_savings,25387933.0,2016-05-01
333107,CAPITEC BANK,D_term_wholesale,15960354.0,2016-05-01
34118,ABSA BANK LTD,A_operational,215463039.0,2016-05-01
34118,ABSA BANK LTD,B_notice_short,45764628.0,2016-05-01
34118,ABSA BANK LTD,C_savings,121601476.0,2016-05-01
34118,ABSA BANK LTD,D_term_wholesale,262158963.0,2016-05-01
416053,FIRSTRAND BANK LIMITED,A_operational,329605511.8193,2016-05-01
416053,FIRSTRAND BANK LIMITED,B_notice_short,87864296.3085,2016-05-01
416053,FIRSTRAND BANK LIMITED,C_savings,7671089.573299999,2016-05-01
416053,FIRSTRAND BANK LIMITED,D_term_wholesale,211096354.8011,2016-05-01
416061,THE STANDARD BANK OF S A LTD,A_operational,339949412.0,2016-05-01
416061,THE STANDARD BANK OF S A LTD,B_notice_short,144662311.0,2016-05-01
416061,THE STANDARD BANK OF S A LTD,C_savings,33585532.0,2016-05-01
416061,THE STANDARD BANK OF S A LTD,D_term_wholesale,198887846.0,2016-05-01
416088,NEDBANK LTD,A_operational,280896589.0,2016-05-01
416088,NEDBANK LTD,B_notice_short,54365136.0,2016-05-01
416088,NEDBANK LTD,C_savings,9271186.0,2016-05-01
416088,NEDBANK LTD,D_term_wholesale,252291055.0,2016-05-01
TOTAL,*TOTAL*,A_operational,1382913881.7093,2016-05-01
TOTAL,*TOTAL*,B_notice_short,405790580.649,2016-05-01
TOTAL,*TOTAL*,C_savings,211144545.0143,2016-05-01
TOTAL,*TOTAL*,D_term_wholesale,1098589799.7276,2016-05-01
25054,INVESTEC BANK LTD,A_operational,102980044.0,2016-06-01
25054,INVESTEC BANK LTD,B_notice_short,33018821.0,2016-06-01
25054,INVESTEC BANK LTD,C_savings,4958260.0,2016-06-01
25054,INVESTEC BANK LTD,D_term_wholesale,131851613.0,2016-06-01
333107,CAPITEC BANK,A_operational,9974.0,2016-06-01
333107,CAPITEC BANK,B_notice_short,861242.0,2016-06-01
333107,CAPITEC BANK,C_savings,26608627.0,2016-06-01
333107,CAPITEC BANK,D_term_wholesale,16075761.0,2016-06-01
34118,ABSA BANK LTD,A_operational,232421018.0,2016-06-01
34118,ABSA BANK LTD,B_notice_short,41326102.0,2016-06-01
34118,ABSA BANK LTD,C_savings,122512744.0,2016-06-01
34118,ABSA BANK LTD,D_term_wholesale,269824837.0,2016-06-01
416053,FIRSTRAND BANK LIMITED,A_operational,344416931.6106,2016-06-01
416053,FIRSTRAND BANK LIMITED,B_notice_short,70795462.7638,2016-06-01
416053,FIRSTRAND BANK LIMITED,C_savings,7825145.0943,2016-06-01
416053,FIRSTRAND BANK LIMITED,D_term_wholesale,221974696.7674,2016-06-01
416061,THE STANDARD BANK OF S A LTD,A_operational,347577203.0,2016-06-01
416061,THE STANDARD BANK OF S A LTD,B_notice_short,127831455.0,2016-06-01
416061,THE STANDARD BANK OF S A LTD,C_savings,33730149.0,2016-06-01
416061,THE STANDARD BANK OF S A LTD,D_term_wholesale,208523951.0,2016-06-01
416088,NEDBANK LTD,A_operational,295095010.0,2016-06-01
416088,NEDBANK LTD,B_notice_short,31002773.0,2016-06-01
416088,NEDBANK LTD,C_savings,9387820.0,2016-06-01
416088,NEDBANK LTD,D_term_wholesale,268080935.0,2016-06-01
TOTAL,*TOTAL*,A_operational,1422586186.2906,2016-06-01
TOTAL,*TOTAL*,B_notice_short,336384274.6631,2016-06-01
TOTAL,*TOTAL*,C_savings,213590203.0182,2016-06-01
TOTAL,*TOTAL*,D_term_wholesale,1151250200.8694,2016-06-01
25054,INVESTEC BANK LTD,A_operational,98096430.0,2016-07-01
25054,INVESTEC BANK LTD,B_notice_short,36272981.0,2016-07-01
25054,INVESTEC BANK LTD,C_savings,5106845.0,2016-07-01
25054,INVESTEC BANK LTD,D_term_wholesale,133157187.0,2016-07-01
333107,CAPITEC BANK,A_operational,670113.0,2016-07-01
333107,CAPITEC BANK,B_notice_short,1130184.0,2016-07-01
333107,CAPITEC BANK,C_savings,26510584.0,2016-07-01
333107,CAPITEC BANK,D_term_wholesale,16136434.0,2016-07-01
34118,ABSA BANK LTD,A_operational,229918725.0,2016-07-01
34118,ABSA BANK LTD,B_notice_short,45640825.0,2016-07-01
34118,ABSA BANK LTD,C_savings,124050472.0,2016-07-01
34118,ABSA BANK LTD,D_term_wholesale,267227682.0,2016-07-01
416053,FIRSTRAND BANK LIMITED,A_operational,345289680.08,2016-07-01
416053,FIRSTRAND BANK LIMITED,B_notice_short,70533925.35,2016-07-01
416053,FIRSTRAND BANK LIMITED,C_savings,7949841.079999999,2016-07-01
416053,FIRSTRAND BANK LIMITED,D_term_wholesale,229386762.24,2016-07-01
416061,THE STANDARD BANK OF S A LTD,A_operational,336134372.0,2016-07-01
416061,THE STANDARD BANK OF S A LTD,B_notice_short,133358487.0,2016-07-01
416061,THE STANDARD BANK OF S A LTD,C_savings,33750323.0,2016-07-01
416061,THE STANDARD BANK OF S A LTD,D_term_wholesale,201425087.0,2016-07-01
416088,NEDBANK LTD,A_operational,294341862.0,2016-07-01
416088,NEDBANK LTD,B_notice_short,40011478.0,2016-07-01
416088,NEDBANK LTD,C_savings,9540378.0,2016-07-01
416088,NEDBANK LTD,D_term_wholesale,264876074.0,2016-07-01
TOTAL,*TOTAL*,A_operational,1405621429.05,2016-07-01
TOTAL,*TOTAL*,B_notice_short,357323067.72,2016-07-01
TOTAL,*TOTAL*,C_savings,215771783.51999998,2016-07-01
TOTAL,*TOTAL*,D_term_wholesale,1144702785.1,2016-07-01
25054,INVESTEC BANK LTD,A_operational,102229530.0,2016-08-01
25054,INVESTEC BANK LTD,B_notice_short,32438135.0,2016-08-01
25054,INVESTEC BANK LTD,C_savings,4996539.0,2016-08-01
25054,INVESTEC BANK LTD,D_term_wholesale,134161778.0,2016-08-01
333107,CAPITEC BANK,A_operational,9863.0,2016-08-01
333107,CAPITEC BANK,B_notice_short,766362.0,2016-08-01
333107,CAPITEC BANK,C_savings,26892737.0,2016-08-01
333107,CAPITEC BANK,D_term_wholesale,16678043.0,2016-08-01
34118,ABSA BANK LTD,A_operational,228442966.0,2016-08-01
34118,ABSA BANK LTD,B_notice_short,50187615.0,2016-08-01
34118,ABSA BANK LTD,C_savings,124324857.0,2016-08-01
34118,ABSA BANK LTD,D_term_wholesale,259414275.0,2016-08-01
416053,FIRSTRAND BANK LIMITED,A_operational,332347261.33,2016-08-01
416053,FIRSTRAND BANK LIMITED,B_notice_short,77863785.12,2016-08-01
416053,FIRSTRAND BANK LIMITED,C_savings,7985426.039999999,2016-08-01
416053,FIRSTRAND BANK LIMITED,D_term_wholesale,224267469.96,2016-08-01
416061,THE STANDARD BANK OF S A LTD,A_operational,336423548.0,2016-08-01
416061,THE STANDARD BANK OF S A LTD,B_notice_short,139695945.0,2016-08-01
416061,THE STANDARD BANK OF S A LTD,C_savings,34369564.0,2016-08-01
416061,THE STANDARD BANK OF S A LTD,D_term_wholesale,194132836.0,2016-08-01
416088,NEDBANK LTD,A_operational,302915930.0,2016-08-01
416088,NEDBANK LTD,B_notice_short,40193466.0,2016-08-01
416088,NEDBANK LTD,C_savings,9513773.0,2016-08-01
416088,NEDBANK LTD,D_term_wholesale,264979885.0,2016-08-01
TOTAL,*TOTAL*,A_operational,1407826084.52,2016-08-01
TOTAL,*TOTAL*,B_notice_short,373469433.36,2016-08-01
TOTAL,*TOTAL*,C_savings,216388266.9,2016-08-01
TOTAL,*TOTAL*,D_term_wholesale,1130855852.39,2016-08-01
25054,INVESTEC BANK LTD,A_operational,105178064.0,2016-09-01
25054,INVESTEC BANK LTD,B_notice_short,28176901.0,2016-09-01
25054,INVESTEC BANK LTD,C_savings,5076256.0,2016-09-01
25054,INVESTEC BANK LTD,D_term_wholesale,136810119.0,2016-09-01
333107,CAPITEC BANK,A_operational,527807.0,2016-09-01
333107,CAPITEC BANK,B_notice_short,808550.0,2016-09-01
333107,CAPITEC BANK,C_savings,28834170.0,2016-09-01
333107,CAPITEC BANK,D_term_wholesale,17019707.0,2016-09-01
34118,ABSA BANK LTD,A_operational,227295984.0,2016-09-01
34118,ABSA BANK LTD,B_notice_short,43952847.0,2016-09-01
34118,ABSA BANK LTD,C_savings,126386013.0,2016-09-01
34118,ABSA BANK LTD,D_term_wholesale,260231109.0,2016-09-01
416053,FIRSTRAND BANK LIMITED,A_operational,350486297.02,2016-09-01
416053,FIRSTRAND BANK LIMITED,B_notice_short,66414891.120000005,2016-09-01
416053,FIRSTRAND BANK LIMITED,C_savings,8142026.65,2016-09-01
416053,FIRSTRAND BANK LIMITED,D_term_wholesale,232153156.04,2016-09-01
416061,THE STANDARD BANK OF S A LTD,A_operational,343125895.0,2016-09-01
416061,THE STANDARD BANK OF S A LTD,B_notice_short,136641537.0,2016-09-01
416061,THE STANDARD BANK OF S A LTD,C_savings,34364592.0,2016-09-01
416061,THE STANDARD BANK OF S A LTD,D_term_wholesale,206038710.0,2016-09-01
416088,NEDBANK LTD,A_operational,296277784.0,2016-09-01
416088,NEDBANK LTD,B_notice_short,40580817.0,2016-09-01
416088,NEDBANK LTD,C_savings,9702706.0,2016-09-01
416088,NEDBANK LTD,D_term_wholesale,277702709.0,2016-09-01
TOTAL,*TOTAL*,A_operational,1423841328.84,2016-09-01
TOTAL,*TOTAL*,B_notice_short,345771888.59,2016-09-01
TOTAL,*TOTAL*,C_savings,221036369.21,2016-09-01
TOTAL,*TOTAL*,D_term_wholesale,1162813892.57,2016-09-01
25054,INVESTEC BANK LTD,A_operational,111761371.0,2016-10-01
25054,INVESTEC BANK LTD,B_notice_short,28943178.0,2016-10-01
25054,INVESTEC BANK LTD,C_savings,5025865.0,2016-10-01
25054,INVESTEC BANK LTD,D_term_wholesale,134363683.0,2016-10-01
333107,CAPITEC BANK,A_operational,223480.0,2016-10-01
333107,CAPITEC BANK,B_notice_short,970242.0,2016-10-01
333107,CAPITEC BANK,C_savings,27928806.0,2016-10-01
333107,CAPITEC BANK,D_term_wholesale,17212792.0,2016-10-01
34118,ABSA BANK LTD,A_operational,232474391.0,2016-10-01
34118,ABSA BANK LTD,B_notice_short,47630726.0,2016-10-01
34118,ABSA BANK LTD,C_savings,126724206.0,2016-10-01
34118,ABSA BANK LTD,D_term_wholesale,254964275.0,2016-10-01
416053,FIRSTRAND BANK LIMITED,A_operational,357852620.34000003,2016-10-01
416053,FIRSTRAND BANK LIMITED,B_notice_short,77117753.66,2016-10-01
416053,FIRSTRAND BANK LIMITED,C_savings,8288257.420000001,2016-10-01
416053,FIRSTRAND BANK LIMITED,D_term_wholesale,227606616.38,2016-10-01
416061,THE STANDARD BANK OF S A LTD,A_operational,360344446.0,2016-10-01
416061,THE STANDARD BANK OF S A LTD,B_notice_short,125791008.0,2016-10-01
416061,THE STANDARD BANK OF S A LTD,C_savings,34481227.0,2016-10-01
416061,THE STANDARD BANK OF S A LTD,D_term_wholesale,228731418.0,2016-10-01
416088,NEDBANK LTD,A_operational,310464462.0,2016-10-01
416088,NEDBANK LTD,B_notice_short,38038605.0,2016-10-01
416088,NEDBANK LTD,C_savings,9760312.0,2016-10-01
416088,NEDBANK LTD,D_term_wholesale,275463440.0,2016-10-01
TOTAL,*TOTAL*,A_operational,1473378058.46,2016-10-01
TOTAL,*TOTAL*,B_notice_short,343288291.96,2016-10-01
TOTAL,*TOTAL*,C_savings,220753485.76000002,2016-10-01
TOTAL,*TOTAL*,D_term_wholesale,1173662188.59,2016-10-01
25054,INVESTEC BANK LTD,A_operational,108797508.0,2016-11-01
25054,INVESTEC BANK LTD,B_notice_short,13468925.0,2016-11-01
25054,INVESTEC BANK LTD,C_savings,5260274.0,2016-11-01
25054,INVESTEC BANK LTD,D_term_wholesale,147816015.0,2016-11-01
333107,CAPITEC BANK,A_operational,8725.0,2016-11-01
333107,CAPITEC BANK,B_notice_short,1417138.0,2016-11-01
333107,CAPITEC BANK,C_savings,29765806.0,2016-11-01
333107,CAPITEC BANK,D_term_wholesale,16905554.0,2016-11-01
34118,ABSA BANK LTD,A_operational,239753960.0,2016-11-01
34118,ABSA BANK LTD,B_notice_short,43594379.0,2016-11-01
34118,ABSA BANK LTD,C_savings,128355389.0,2016-11-01
34118,ABSA BANK LTD,D_term_wholesale,241170236.0,2016-11-01
416053,FIRSTRAND BANK LIMITED,A_operational,365634404.3868,2016-11-01
416053,FIRSTRAND BANK LIMITED,B_notice_short,70771166.3125,2016-11-01
416053,FIRSTRAND BANK LIMITED,C_savings,8403894.6994,2016-11-01
416053,FIRSTRAND BANK LIMITED,D_term_wholesale,229067055.09600002,2016-11-01
416061,THE STANDARD BANK OF S A LTD,A_operational,449661078.0,2016-11-01
416061,THE STANDARD BANK OF S A LTD,B_notice_short,40258421.0,2016-11-01
416061,THE STANDARD BANK OF S A LTD,C_savings,34715771.0,2016-11-01
416061,THE STANDARD BANK OF S A LTD,D_term_wholesale,217279938.0,2016-11-01
416088,NEDBANK LTD,A_operational,301992836.0,2016-11-01
416088,NEDBANK LTD,B_notice_short,25345885.0,2016-11-01
416088,NEDBANK LTD,C_savings,10008117.0,2016-11-01
416088,NEDBANK LTD,D_term_wholesale,296783762.0,2016-11-01
TOTAL,*TOTAL*,A_operational,1566462239.6568,2016-11-01
TOTAL,*TOTAL*,B_notice_short,213160328.5849,2016-11-01
TOTAL,*TOTAL*,C_savings,225725788.68620002,2016-11-01
TOTAL,*TOTAL*,D_term_wholesale,1188804150.6901,2016-11-01
25054,INVESTEC BANK LTD,A_operational,108817195.0,2016-12-01
25054,INVESTEC BANK LTD,B_notice_short,28626835.0,2016-12-01
25054,INVESTEC BANK LTD,C_savings,5168083.0,2016-12-01
25054,INVESTEC BANK LTD,D_term_wholesale,130319803.0,2016-12-01
333107,CAPITEC BANK,A_operational,306782.0,2016-12-01
333107,CAPITEC BANK,B_notice_short,1290512.0,2016-12-01
333107,CAPITEC BANK,C_savings,28780606.0,2016-12-01
333107,CAPITEC BANK,D_term_wholesale,16890845.0,2016-12-01
34118,ABSA BANK LTD,A_operational,240450013.0,2016-12-01
34118,ABSA BANK LTD,B_notice_short,54051660.0,2016-12-01
34118,ABSA BANK LTD,C_savings,129452993.0,2016-12-01
34118,ABSA BANK LTD,D_term_wholesale,247039269.0,2016-12-01
416053,FIRSTRAND BANK LIMITED,A_operational,374477702.74,2016-12-01
416053,FIRSTRAND BANK LIMITED,B_notice_short,78476743.45,2016-12-01
416053,FIRSTRAND BANK LIMITED,C_savings,8852273.16,2016-12-01
416053,FIRSTRAND BANK LIMITED,D_term_wholesale,221361514.49,2016-12-01
416061,THE STANDARD BANK OF S A LTD,A_operational,469348515.0,2016-12-01
416061,THE STANDARD BANK OF S A LTD,B_notice_short,47766622.0,2016-12-01
416061,THE STANDARD BANK OF S A LTD,C_savings,35007957.0,2016-12-01
416061,THE STANDARD BANK OF S A LTD,D_term_wholesale,202221952.0,2016-12-01
416088,NEDBANK LTD,A_operational,308634201.0,2016-12-01
416088,NEDBANK LTD,B_notice_short,41896539.0,2016-12-01
416088,NEDBANK LTD,C_savings,9502255.0,2016-12-01
416088,NEDBANK LTD,D_term_wholesale,281251902.0,2016-12-01
TOTAL,*TOTAL*,A_operational,1605257598.41,2016-12-01
TOTAL,*TOTAL*,B_notice_short,275423904.53,2016-12-01
TOTAL,*TOTAL*,C_savings,225210469.81,2016-12-01
TOTAL,*TOTAL*,D_term_wholesale,1134108422.44,2016-12-01
25054,INVESTEC BANK LTD,A_operational,115449093.0,2017-01-01
25054,INVESTEC BANK LTD,B_notice_short,27611445.0,2017-01-01
25054,INVESTEC BANK LTD,C_savings,4828131.0,2017-01-01
25054,INVESTEC BANK LTD,D_term_wholesale,134594125.0,2017-01-01
333107,CAPITEC BANK,A_operational,8868.0,2017-01-01
333107,CAPITEC BANK,B_notice_short,934845.0,2017-01-01
333107,CAPITEC BANK,C_savings,28398786.0,2017-01-01
333107,CAPITEC BANK,D_term_wholesale,17507299.0,2017-01-01
34118,ABSA BANK LTD,A_operational,230222472.0,2017-01-01
34118,ABSA BANK LTD,B_notice_short,53001914.0,2017-01-01
34118,ABSA BANK LTD,C_savings,128171085.0,2017-01-01
34118,ABSA BANK LTD,D_term_wholesale,252467081.0,2017-01-01
416053,FIRSTRAND BANK LIMITED,A_operational,355776165.96,2017-01-01
416053,FIRSTRAND BANK LIMITED,B_notice_short,84230493.71000001,2017-01-01
416053,FIRSTRAND BANK LIMITED,C_savings,8315300.819999999,2017-01-01
416053,FIRSTRAND BANK LIMITED,D_term_wholesale,217343388.57,2017-01-01
416061,THE STANDARD BANK OF S A LTD,A_operational,436945596.0,2017-01-01
416061,THE STANDARD BANK OF S A LTD,B_notice_short,38960656.0,2017-01-01
416061,THE STANDARD BANK OF S A LTD,C_savings,33450168.0,2017-01-01
416061,THE STANDARD BANK OF S A LTD,D_term_wholesale,216085807.0,2017-01-01
416088,NEDBANK LTD,A_operational,300908134.0,2017-01-01
416088,NEDBANK LTD,B_notice_short,42783434.0,2017-01-01
416088,NEDBANK LTD,C_savings,9201645.0,2017-01-01
416088,NEDBANK LTD,D_term_wholesale,290593774.0,2017-01-01
TOTAL,*TOTAL*,A_operational,1541178253.53,2017-01-01
TOTAL,*TOTAL*,B_notice_short,272196925.2,2017-01-01
TOTAL,*TOTAL*,C_savings,220777237.60000002,2017-01-01
TOTAL,*TOTAL*,D_term_wholesale,1161032395.48,2017-01-01
25054,INVESTEC BANK LTD,A_operational,112541772.0,2017-02-01
25054,INVESTEC BANK LTD,B_notice_short,25355146.0,2017-02-01
25054,INVESTEC BANK LTD,C_savings,5069258.0,2017-02-01
25054,INVESTEC BANK LTD,D_term_wholesale,137377360.0,2017-02-01
333107,CAPITEC BANK,A_operational,11149.0,2017-02-01
333107,CAPITEC BANK,B_notice_short,915427.0,2017-02-01
333107,CAPITEC BANK,C_savings,30116518.0,2017-02-01
333107,CAPITEC BANK,D_term_wholesale,18135436.0,2017-02-01
34118,ABSA BANK LTD,A_operational,242315208.0,2017-02-01
34118,ABSA BANK LTD,B_notice_short,52325282.0,2017-02-01
34118,ABSA BANK LTD,C_savings,126177390.0,2017-02-01
34118,ABSA BANK LTD,D_term_wholesale,251206552.0,2017-02-01
416053,FIRSTRAND BANK LIMITED,A_operational,355131281.7,2017-02-01
416053,FIRSTRAND BANK LIMITED,B_notice_short,89618721.01,2017-02-01
416053,FIRSTRAND BANK LIMITED,C_savings,8201074.7299999995,2017-02-01
416053,FIRSTRAND BANK LIMITED,D_term_wholesale,217573469.25,2017-02-01
416061,THE STANDARD BANK OF S A LTD,A_operational,430497800.0,2017-02-01
416061,THE STANDARD BANK OF S A LTD,B_notice_short,46285729.0,2017-02-01
416061,THE STANDARD BANK OF S A LTD,C_savings,32602824.0,2017-02-01
416061,THE STANDARD BANK OF S A LTD,D_term_wholesale,207850554.0,2017-02-01
416088,NEDBANK LTD,A_operational,300961083.0,2017-02-01
416088,NEDBANK LTD,B_notice_short,42812192.0,2017-02-01
416088,NEDBANK LTD,C_savings,9238166.0,2017-02-01
416088,NEDBANK LTD,D_term_wholesale,287505067.0,2017-02-01
TOTAL,*TOTAL*,A_operational,1540262021.97,2017-02-01
TOTAL,*TOTAL*,B_notice_short,277535970.8,2017-02-01
TOTAL,*TOTAL*,C_savings,220622688.96,2017-02-01
TOTAL,*TOTAL*,D_term_wholesale,1155153032.3,2017-02-01
25054,INVESTEC BANK LTD,A_operational,113595690.0,2017-03-01
25054,INVESTEC BANK LTD,B_notice_short,31072132.0,2017-03-01
25054,INVESTEC BANK LTD,C_savings,5048480.0,2017-03-01
25054,INVESTEC BANK LTD,D_term_wholesale,132190712.0,2017-03-01
333107,CAPITEC BANK,A_operational,986477.0,2017-03-01
333107,CAPITEC BANK,B_notice_short,952265.0,2017-03-01
333107,CAPITEC BANK,C_savings,30734575.0,2017-03-01
333107,CAPITEC BANK,D_term_wholesale,18913941.0,2017-03-01
34118,ABSA BANK LTD,A_operational,230986978.0,2017-03-01
34118,ABSA BANK LTD,B_notice_short,51146756.0,2017-03-01
34118,ABSA BANK LTD,C_savings,128462682.0,2017-03-01
34118,ABSA BANK LTD,D_term_wholesale,264602092.0,2017-03-01
416053,FIRSTRAND BANK LIMITED,A_operational,362248876.81,2017-03-01
416053,FIRSTRAND BANK LIMITED,B_notice_short,85415789.94,2017-03-01
416053,FIRSTRAND BANK LIMITED,C_savings,8581077.73,2017-03-01
416053,FIRSTRAND BANK LIMITED,D_term_wholesale,225160420.16,2017-03-01
416061,THE STANDARD BANK OF S A LTD,A_operational,452670685.0,2017-03-01
416061,THE STANDARD BANK OF S A LTD,B_notice_short,34709760.0,2017-03-01
416061,THE STANDARD BANK OF S A LTD,C_savings,32538321.0,2017-03-01
416061,THE STANDARD BANK OF S A LTD,D_term_wholesale,224021512.0,2017-03-01
416088,NEDBANK LTD,A_operational,303274182.0,2017-03-01
416088,NEDBANK LTD,B_notice_short,33754289.0,2017-03-01
416088,NEDBANK LTD,C_savings,9429025.0,2017-03-01
416088,NEDBANK LTD,D_term_wholesale,293427927.0,2017-03-01
TOTAL,*TOTAL*,A_operational,1560440570.83,2017-03-01
TOTAL,*TOTAL*,B_notice_short,262675286.77,2017-03-01
TOTAL,*TOTAL*,C_savings,224137222.10999998,2017-03-01
TOTAL,*TOTAL*,D_term_wholesale,1193773822.6,2017-03-01
25054,INVESTEC BANK LTD,A_operational,109407148.0,2017-04-01
25054,INVESTEC BANK LTD,B_notice_short,26649415.0,2017-04-01
25054,INVESTEC BANK LTD,C_savings,5267375.0,2017-04-01
25054,INVESTEC BANK LTD,D_term_wholesale,134593394.0,2017-04-01
333107,CAPITEC BANK,A_operational,851751.0,2017-04-01
333107,CAPITEC BANK,B_notice_short,906623.0,2017-04-01
333107,CAPITEC BANK,C_savings,29802986.0,2017-04-01
333107,CAPITEC BANK,D_term_wholesale,19415222.0,2017-04-01
34118,ABSA BANK LTD,A_operational,229781631.0,2017-04-01
34118,ABSA BANK LTD,B_notice_short,50543386.0,2017-04-01
34118,ABSA BANK LTD,C_savings,128224104.0,2017-04-01
34118,ABSA BANK LTD,D_term_wholesale,272295458.0,2017-04-01
416053,FIRSTRAND BANK LIMITED,A_operational,361251598.62,2017-04-01
416053,FIRSTRAND BANK LIMITED,B_notice_short,98170719.52,2017-04-01
416053,FIRSTRAND BANK LIMITED,C_savings,8639290.98,2017-04-01
416053,FIRSTRAND BANK LIMITED,D_term_wholesale,226275670.06,2017-04-01
416061,THE STANDARD BANK OF S A LTD,A_operational,442873975.0,2017-04-01
416061,THE STANDARD BANK OF S A LTD,B_notice_short,42110089.0,2017-04-01
416061,THE STANDARD BANK OF S A LTD,C_savings,32606275.0,2017-04-01
416061,THE STANDARD BANK OF S A LTD,D_term_wholesale,220970884.0,2017-04-01
416088,NEDBANK LTD,A_operational,296280410.0,2017-04-01
416088,NEDBANK LTD,B_notice_short,36903556.0,2017-04-01
416088,NEDBANK LTD,C_savings,9512579.0,2017-04-01
416088,NEDBANK LTD,D_term_wholesale,296245568.0,2017-04-01
TOTAL,*TOTAL*,A_operational,1539984879.31,2017-04-01
TOTAL,*TOTAL*,B_notice_short,283881642.8,2017-04-01
TOTAL,*TOTAL*,C_savings,222471131.70000002,2017-04-01
TOTAL,*TOTAL*,D_term_wholesale,1204688756.41,2017-04-01
25054,INVESTEC BANK LTD,A_operational,116064319.0,2017-05-01
25054,INVESTEC BANK LTD,B_notice_short,28987340.0,2017-05-01
25054,INVESTEC BANK LTD,C_savings,5330772.0,2017-05-01
25054,INVESTEC BANK LTD,D_term_wholesale,133378509.0,2017-05-01
333107,CAPITEC BANK,A_operational,16645.0,2017-05-01
333107,CAPITEC BANK,B_notice_short,990444.0,2017-05-01
333107,CAPITEC BANK,C_savings,30489875.0,2017-05-01
333107,CAPITEC BANK,D_term_wholesale,20034833.0,2017-05-01
34118,ABSA BANK LTD,A_operational,222171966.0,2017-05-01
34118,ABSA BANK LTD,B_notice_short,57181929.0,2017-05-01
34118,ABSA BANK LTD,C_savings,128923153.0,2017-05-01
34118,ABSA BANK LTD,D_term_wholesale,265344333.0,2017-05-01
416053,FIRSTRAND BANK LIMITED,A_operational,347958510.5012,2017-05-01
416053,FIRSTRAND BANK LIMITED,B_notice_short,96330441.6902,2017-05-01
416053,FIRSTRAND BANK LIMITED,C_savings,8771364.784300001,2017-05-01
416053,FIRSTRAND BANK LIMITED,D_term_wholesale,242273261.0896,2017-05-01
416061,THE STANDARD BANK OF S A LTD,A_operational,457102468.0,2017-05-01
416061,THE STANDARD BANK OF S A LTD,B_notice_short,38777722.0,2017-05-01
416061,THE STANDARD BANK OF S A LTD,C_savings,32564693.0,2017-05-01
416061,THE STANDARD BANK OF S A LTD,D_term_wholesale,217700408.0,2017-05-01
416088,NEDBANK LTD,A_operational,301957422.0,2017-05-01
416088,NEDBANK LTD,B_notice_short,42583411.0,2017-05-01
416088,NEDBANK LTD,C_savings,9474164.0,2017-05-01
416088,NEDBANK LTD,D_term_wholesale,294887647.0,2017-05-01
TOTAL,*TOTAL*,A_operational,1549108244.3611999,2017-05-01
TOTAL,*TOTAL*,B_notice_short,288709694.5977,2017-05-01
TOTAL,*TOTAL*,C_savings,225681025.7118,2017-05-01
TOTAL,*TOTAL*,D_term_wholesale,1212252201.5457,2017-05-01
25054,INVESTEC BANK LTD,A_operational,115532963.0,2017-06-01
25054,INVESTEC BANK LTD,B_notice_short,26666686.0,2017-06-01
25054,INVESTEC BANK LTD,C_savings,5500999.0,2017-06-01
25054,INVESTEC BANK LTD,D_term_wholesale,134073718.0,2017-06-01
333107,CAPITEC BANK,A_operational,8014.0,2017-06-01
333107,CAPITEC BANK,B_notice_short,1044516.0,2017-06-01
333107,CAPITEC BANK,C_savings,32316335.0,2017-06-01
333107,CAPITEC BANK,D_term_wholesale,20577469.0,2017-06-01
34118,ABSA BANK LTD,A_operational,235480229.0,2017-06-01
34118,ABSA BANK LTD,B_notice_short,52003178.0,2017-06-01
34118,ABSA BANK LTD,C_savings,130014598.0,2017-06-01
34118,ABSA BANK LTD,D_term_wholesale,257466353.0,2017-06-01
416053,FIRSTRAND BANK LIMITED,A_operational,376539161.5036,2017-06-01
416053,FIRSTRAND BANK LIMITED,B_notice_short,80199435.62810001,2017-06-01
416053,FIRSTRAND BANK LIMITED,C_savings,8852514.185800001,2017-06-01
416053,FIRSTRAND BANK LIMITED,D_term_wholesale,237341899.7561,2017-06-01
416061,THE STANDARD BANK OF S A LTD,A_operational,469375117.0,2017-06-01
416061,THE STANDARD BANK OF S A LTD,B_notice_short,31970819.0,2017-06-01
416061,THE STANDARD BANK OF S A LTD,C_savings,32810428.0,2017-06-01
416061,THE STANDARD BANK OF S A LTD,D_term_wholesale,231178057.0,2017-06-01
416088,NEDBANK LTD,A_operational,299198280.0,2017-06-01
416088,NEDBANK LTD,B_notice_short,37779370.0,2017-06-01
416088,NEDBANK LTD,C_savings,9631874.0,2017-06-01
416088,NEDBANK LTD,D_term_wholesale,290332629.0,2017-06-01
TOTAL,*TOTAL*,A_operational,1602375469.8036,2017-06-01
TOTAL,*TOTAL*,B_notice_short,257973863.9281,2017-06-01
TOTAL,*TOTAL*,C_savings,229389253.9919,2017-06-01
TOTAL,*TOTAL*,D_term_wholesale,1209384095.0542,2017-06-01
25054,INVESTEC BANK LTD,A_operational,119636361.0,2017-07-01
25054,INVESTEC BANK LTD,B_notice_short,31916100.0,2017-07-01
25054,INVESTEC BANK LTD,C_savings,5494367.0,2017-07-01
25054,INVESTEC BANK LTD,D_term_wholesale,132842020.0,2017-07-01
333107,CAPITEC BANK,A_operational,36854.0,2017-07-01
333107,CAPITEC BANK,B_notice_short,926982.0,2017-07-01
333107,CAPITEC BANK,C_savings,31677227.0,2017-07-01
333107,CAPITEC BANK,D_term_wholesale,21305380.0,2017-07-01
34118,ABSA BANK LTD,A_operational,229058967.0,2017-07-01
34118,ABSA BANK LTD,B_notice_short,42634208.0,2017-07-01
34118,ABSA BANK LTD,C_savings,130654979.0,2017-07-01
34118,ABSA BANK LTD,D_term_wholesale,268366479.0,2017-07-01
416053,FIRSTRAND BANK LIMITED,A_operational,361769901.35109997,2017-07-01
416053,FIRSTRAND BANK LIMITED,B_notice_short,87051769.7094,2017-07-01
416053,FIRSTRAND BANK LIMITED,C_savings,9202893.4551,2017-07-01
416053,FIRSTRAND BANK LIMITED,D_term_wholesale,241181636.9396,2017-07-01
416061,THE STANDARD BANK OF S A LTD,A_operational,456763542.0,2017-07-01
416061,THE STANDARD BANK OF S A LTD,B_notice_short,30932457.0,2017-07-01
416061,THE STANDARD BANK OF S A LTD,C_savings,32919177.0,2017-07-01
416061,THE STANDARD BANK OF S A LTD,D_term_wholesale,244267273.0,2017-07-01
416088,NEDBANK LTD,A_operational,295565352.0,2017-07-01
416088,NEDBANK LTD,B_notice_short,29652252.0,2017-07-01
416088,NEDBANK LTD,C_savings,9634241.0,2017-07-01
416088,NEDBANK LTD,D_term_wholesale,304027933.0,2017-07-01
TOTAL,*TOTAL*,A_operational,1576250811.8611,2017-07-01
TOTAL,*TOTAL*,B_notice_short,247971837.2689,2017-07-01
TOTAL,*TOTAL*,C_savings,230120568.761,2017-07-01
TOTAL,*TOTAL*,D_term_wholesale,1252216056.6736,2017-07-01
25054,INVESTEC BANK LTD,A_operational,117642636.0,2017-08-01
25054,INVESTEC BANK LTD,B_notice_short,26753162.0,2017-08-01
25054,INVESTEC BANK LTD,C_savings,5303511.0,2017-08-01
25054,INVESTEC BANK LTD,D_term_wholesale,142108168.0,2017-08-01
333107,CAPITEC BANK,A_operational,7848.0,2017-08-01
333107,CAPITEC BANK,B_notice_short,988464.0,2017-08-01
333107,CAPITEC BANK,C_savings,33522637.0,2017-08-01
333107,CAPITEC BANK,D_term_wholesale,22008534.0,2017-08-01
34118,ABSA BANK LTD,A_operational,238080668.0,2017-08-01
34118,ABSA BANK LTD,B_notice_short,40854124.0,2017-08-01
34118,ABSA BANK LTD,C_savings,130609371.0,2017-08-01
34118,ABSA BANK LTD,D_term_wholesale,266401126.0,2017-08-01
416053,FIRSTRAND BANK LIMITED,A_operational,366144009.0166,2017-08-01
416053,FIRSTRAND BANK LIMITED,B_notice_short,83120815.8227,2017-08-01
416053,FIRSTRAND BANK LIMITED,C_savings,9471270.725399999,2017-08-01
416053,FIRSTRAND BANK LIMITED,D_term_wholesale,247665756.8678,2017-08-01
416061,THE STANDARD BANK OF S A LTD,A_operational,448682339.0,2017-08-01
416061,THE STANDARD BANK OF S A LTD,B_notice_short,37932145.0,2017-08-01
416061,THE STANDARD BANK OF S A LTD,C_savings,32058329.0,2017-08-01
416061,THE STANDARD BANK OF S A LTD,D_term_wholesale,242087502.0,2017-08-01
416088,NEDBANK LTD,A_operational,300806829.0,2017-08-01
416088,NEDBANK LTD,B_notice_short,37220406.0,2017-08-01
416088,NEDBANK LTD,C_savings,9732203.0,2017-08-01
416088,NEDBANK LTD,D_term_wholesale,297417425.0,2017-08-01
TOTAL,*TOTAL*,A_operational,1583166799.7066,2017-08-01
TOTAL,*TOTAL*,B_notice_short,254515674.1867,2017-08-01
TOTAL,*TOTAL*,C_savings,229901847.40249997,2017-08-01
TOTAL,*TOTAL*,D_term_wholesale,1258551197.3389,2017-08-01
25054,INVESTEC BANK LTD,A_operational,119395244.0,2017-09-01
25054,INVESTEC BANK LTD,B_notice_short,22421015.0,2017-09-01
25054,INVESTEC BANK LTD,C_savings,6106372.0,2017-09-01
25054,INVESTEC BANK LTD,D_term_wholesale,143508763.0,2017-09-01
333107,CAPITEC BANK,A_operational,614502.0,2017-09-01
333107,CAPITEC BANK,B_notice_short,1011099.0,2017-09-01
333107,CAPITEC BANK,C_savings,34322383.0,2017-09-01
333107,CAPITEC BANK,D_term_wholesale,22526319.0,2017-09-01
34118,ABSA BANK LTD,A_operational,252245138.0,2017-09-01
34118,ABSA BANK LTD,B_notice_short,43606957.0,2017-09-01
34118,ABSA BANK LTD,C_savings,131275478.0,2017-09-01
34118,ABSA BANK LTD,D_term_wholesale,260998636.0,2017-09-01
416053,FIRSTRAND BANK LIMITED,A_operational,376928222.9509,2017-09-01
416053,FIRSTRAND BANK LIMITED,B_notice_short,87565820.1639,2017-09-01
416053,FIRSTRAND BANK LIMITED,C_savings,9699002.2344,2017-09-01
416053,FIRSTRAND BANK LIMITED,D_term_wholesale,250922161.0544,2017-09-01
416061,THE STANDARD BANK OF S A LTD,A_operational,460971294.0,2017-09-01
416061,THE STANDARD BANK OF S A LTD,B_notice_short,40691823.0,2017-09-01
416061,THE STANDARD BANK OF S A LTD,C_savings,32144837.0,2017-09-01
416061,THE STANDARD BANK OF S A LTD,D_term_wholesale,239807610.0,2017-09-01
416088,NEDBANK LTD,A_operational,310394632.0,2017-09-01
416088,NEDBANK LTD,B_notice_short,32190224.0,2017-09-01
416088,NEDBANK LTD,C_savings,9890917.0,2017-09-01
416088,NEDBANK LTD,D_term_wholesale,307918097.0,2017-09-01
TOTAL,*TOTAL*,A_operational,1634565575.3509,2017-09-01
TOTAL,*TOTAL*,B_notice_short,250939448.7154,2017-09-01
TOTAL,*TOTAL*,C_savings,233904855.48289996,2017-09-01
TOTAL,*TOTAL*,D_term_wholesale,1265536441.579,2017-09-01
25054,INVESTEC BANK LTD,A_operational,121474534.0,2017-10-01
25054,INVESTEC BANK LTD,B_notice_short,29195131.0,2017-10-01
25054,INVESTEC BANK LTD,C_savings,6162514.0,2017-10-01
25054,INVESTEC BANK LTD,D_term_wholesale,141933565.0,2017-10-01
333107,CAPITEC BANK,A_operational,40370.0,2017-10-01
333107,CAPITEC BANK,B_notice_short,1496527.0,2017-10-01
333107,CAPITEC BANK,C_savings,34906857.0,2017-10-01
333107,CAPITEC BANK,D_term_wholesale,22571359.0,2017-10-01
34118,ABSA BANK LTD,A_operational,256865122.0,2017-10-01
34118,ABSA BANK LTD,B_notice_short,40967182.0,2017-10-01
34118,ABSA BANK LTD,C_savings,132704521.0,2017-10-01
34118,ABSA BANK LTD,D_term_wholesale,267820758.0,2017-10-01
416053,FIRSTRAND BANK LIMITED,A_operational,368564425.6562,2017-10-01
416053,FIRSTRAND BANK LIMITED,B_notice_short,91199890.6426,2017-10-01
416053,FIRSTRAND BANK LIMITED,C_savings,10070287.7144,2017-10-01
416053,FIRSTRAND BANK LIMITED,D_term_wholesale,245583760.6032,2017-10-01
416061,THE STANDARD BANK OF S A LTD,A_operational,451388178.0,2017-10-01
416061,THE STANDARD BANK OF S A LTD,B_notice_short,36172890.0,2017-10-01
416061,THE STANDARD BANK OF S A LTD,C_savings,32319822.0,2017-10-01
416061,THE STANDARD BANK OF S A LTD,D_term_wholesale,235048497.0,2017-10-01
416088,NEDBANK LTD,A_operational,302154911.0,2017-10-01
416088,NEDBANK LTD,B_notice_short,32194102.0,2017-10-01
416088,NEDBANK LTD,C_savings,9986994.0,2017-10-01
416088,NEDBANK LTD,D_term_wholesale,301669286.0,2017-10-01
TOTAL,*TOTAL*,A_operational,1616558533.2362,2017-10-01
TOTAL,*TOTAL*,B_notice_short,250769820.4832,2017-10-01
TOTAL,*TOTAL*,C_savings,237031547.3339,2017-10-01
TOTAL,*TOTAL*,D_term_wholesale,1260028442.1957,2017-10-01
25054,INVESTEC BANK LTD,A_operational,124767833.0,2017-11-01
25054,INVESTEC BANK LTD,B_notice_short,21525433.0,2017-11-01
25054,INVESTEC BANK LTD,C_savings,6423490.0,2017-11-01
25054,INVESTEC BANK LTD,D_term_wholesale,151125866.0,2017-11-01
333107,CAPITEC BANK,A_operational,7052.0,2017-11-01
333107,CAPITEC BANK,B_notice_short,1796447.0,2017-11-01
333107,CAPITEC BANK,C_savings,37564720.0,2017-11-01
333107,CAPITEC BANK,D_term_wholesale,22188428.0,2017-11-01
34118,ABSA BANK LTD,A_operational,247588285.0,2017-11-01
34118,ABSA BANK LTD,B_notice_short,29814455.0,2017-11-01
34118,ABSA BANK LTD,C_savings,134389717.0,2017-11-01
34118,ABSA BANK LTD,D_term_wholesale,274830586.0,2017-11-01
416053,FIRSTRAND BANK LIMITED,A_operational,380047598.99950004,2017-11-01
416053,FIRSTRAND BANK LIMITED,B_notice_short,89169281.6134,2017-11-01
416053,FIRSTRAND BANK LIMITED,C_savings,10468230.3106,2017-11-01
416053,FIRSTRAND BANK LIMITED,D_term_wholesale,239552827.2888,2017-11-01
416061,THE STANDARD BANK OF S A LTD,A_operational,466889948.0,2017-11-01
416061,THE STANDARD BANK OF S A LTD,B_notice_short,41642568.0,2017-11-01
416061,THE STANDARD BANK OF S A LTD,C_savings,32542017.0,2017-11-01
416061,THE STANDARD BANK OF S A LTD,D_term_wholesale,222228679.0,2017-11-01
416088,NEDBANK LTD,A_operational,306730766.0,2017-11-01
416088,NEDBANK LTD,B_notice_short,32503500.0,2017-11-01
416088,NEDBANK LTD,C_savings,10173711.0,2017-11-01
416088,NEDBANK LTD,D_term_wholesale,297817519.0,2017-11-01
TOTAL,*TOTAL*,A_operational,1637155318.9595,2017-11-01
TOTAL,*TOTAL*,B_notice_short,235168683.4933,2017-11-01
TOTAL,*TOTAL*,C_savings,243166886.64159998,2017-11-01
TOTAL,*TOTAL*,D_term_wholesale,1253583278.9709,2017-11-01
25054,INVESTEC BANK LTD,A_operational,117597790.0,2017-12-01
25054,INVESTEC BANK LTD,B_notice_short,21715415.0,2017-12-01
25054,INVESTEC BANK LTD,C_savings,6390751.0,2017-12-01
25054,INVESTEC BANK LTD,D_term_wholesale,150830065.0,2017-12-01
333107,CAPITEC BANK,A_operational,759455.0,2017-12-01
333107,CAPITEC BANK,B_notice_short,1583330.0,2017-12-01
333107,CAPITEC BANK,C_savings,36048355.0,2017-12-01
333107,CAPITEC BANK,D_term_wholesale,22246682.0,2017-12-01
34118,ABSA BANK LTD,A_operational,248986756.0,2017-12-01
34118,ABSA BANK LTD,B_notice_short,44731768.0,2017-12-01
34118,ABSA BANK LTD,C_savings,134634213.0,2017-12-01
34118,ABSA BANK LTD,D_term_wholesale,263689414.0,2017-12-01
416053,FIRSTRAND BANK LIMITED,A_operational,401125196.5973,2017-12-01
416053,FIRSTRAND BANK LIMITED,B_notice_short,95249861.7004,2017-12-01
416053,FIRSTRAND BANK LIMITED,C_savings,11261011.047,2017-12-01
416053,FIRSTRAND BANK LIMITED,D_term_wholesale,232732537.3473,2017-12-01
416061,THE STANDARD BANK OF S A LTD,A_operational,478990438.0,2017-12-01
416061,THE STANDARD BANK OF S A LTD,B_notice_short,43604922.0,2017-12-01
416061,THE STANDARD BANK OF S A LTD,C_savings,32325935.0,2017-12-01
416061,THE STANDARD BANK OF S A LTD,D_term_wholesale,219591078.0,2017-12-01
416088,NEDBANK LTD,A_operational,309398810.0,2017-12-01
416088,NEDBANK LTD,B_notice_short,34420903.0,2017-12-01
416088,NEDBANK LTD,C_savings,9555680.0,2017-12-01
416088,NEDBANK LTD,D_term_wholesale,297819298.0,2017-12-01
TOTAL,*TOTAL*,A_operational,1669353987.6573,2017-12-01
TOTAL,*TOTAL*,B_notice_short,263716271.2285,2017-12-01
TOTAL,*TOTAL*,C_savings,240295320.8523,2017-12-01
TOTAL,*TOTAL*,D_term_wholesale,1229493993.3441,2017-12-01
25054,INVESTEC BANK LTD,A_operational,113527954.0,2018-01-01
25054,INVESTEC BANK LTD,B_notice_short,30234292.0,2018-01-01
25054,INVESTEC BANK LTD,C_savings,6270763.0,2018-01-01
25054,INVESTEC BANK LTD,D_term_wholesale,152002430.0,2018-01-01
333107,CAPITEC BANK,A_operational,647118.0,2018-01-01
333107,CAPITEC BANK,B_notice_short,1230267.0,2018-01-01
333107,CAPITEC BANK,C_savings,33628711.0,2018-01-01
333107,CAPITEC BANK,D_term_wholesale,22552557.0,2018-01-01
34118,ABSA BANK LTD,A_operational,232217853.0,2018-01-01
34118,ABSA BANK LTD,B_notice_short,53616597.0,2018-01-01
34118,ABSA BANK LTD,C_savings,134005999.0,2018-01-01
34118,ABSA BANK LTD,D_term_wholesale,260339459.0,2018-01-01
416053,FIRSTRAND BANK LIMITED,A_operational,380346253.06,2018-01-01
416053,FIRSTRAND BANK LIMITED,B_notice_short,100595064.60000001,2018-01-01
416053,FIRSTRAND BANK LIMITED,C_savings,10735753.9,2018-01-01
416053,FIRSTRAND BANK LIMITED,D_term_wholesale,233649382.42000002,2018-01-01
416061,THE STANDARD BANK OF S A LTD,A_operational,451834992.0,2018-01-01
416061,THE STANDARD BANK OF S A LTD,B_notice_short,44648291.0,2018-01-01
416061,THE STANDARD BANK OF S A LTD,C_savings,31610067.0,2018-01-01
416061,THE STANDARD BANK OF S A LTD,D_term_wholesale,231235517.0,2018-01-01
416088,NEDBANK LTD,A_operational,312592234.0,2018-01-01
416088,NEDBANK LTD,B_notice_short,42018468.0,2018-01-01
416088,NEDBANK LTD,C_savings,9309385.0,2018-01-01
416088,NEDBANK LTD,D_term_wholesale,293583393.0,2018-01-01
TOTAL,*TOTAL*,A_operational,1594594170.13,2018-01-01
TOTAL,*TOTAL*,B_notice_short,300986025.07,2018-01-01
TOTAL,*TOTAL*,C_savings,232679664.17999998,2018-01-01
TOTAL,*TOTAL*,D_term_wholesale,1236142858.25,2018-01-01
25054,INVESTEC BANK LTD,A_operational,115606521.0,2018-02-01
25054,INVESTEC BANK LTD,B_notice_short,23012434.0,2018-02-01
25054,INVESTEC BANK LTD,C_savings,6445047.0,2018-02-01
25054,INVESTEC BANK LTD,D_term_wholesale,157511691.0,2018-02-01
333107,CAPITEC BANK,A_operational,28385.0,2018-02-01
333107,CAPITEC BANK,B_notice_short,1178700.0,2018-02-01
333107,CAPITEC BANK,C_savings,34908527.0,2018-02-01
333107,CAPITEC BANK,D_term_wholesale,22671017.0,2018-02-01
34118,ABSA BANK LTD,A_operational,238196113.0,2018-02-01
34118,ABSA BANK LTD,B_notice_short,61862736.0,2018-02-01
34118,ABSA BANK LTD,C_savings,132711240.0,2018-02-01
34118,ABSA BANK LTD,D_term_wholesale,261555360.0,2018-02-01
416053,FIRSTRAND BANK LIMITED,A_operational,381785713.54,2018-02-01
416053,FIRSTRAND BANK LIMITED,B_notice_short,104315171.25,2018-02-01
416053,FIRSTRAND BANK LIMITED,C_savings,10793921.63,2018-02-01
416053,FIRSTRAND BANK LIMITED,D_term_wholesale,246665116.46,2018-02-01
416061,THE STANDARD BANK OF S A LTD,A_operational,470112563.0,2018-02-01
416061,THE STANDARD BANK OF S A LTD,B_notice_short,42018006.0,2018-02-01
416061,THE STANDARD BANK OF S A LTD,C_savings,30731430.0,2018-02-01
416061,THE STANDARD BANK OF S A LTD,D_term_wholesale,221908226.0,2018-02-01
416088,NEDBANK LTD,A_operational,320485294.0,2018-02-01
416088,NEDBANK LTD,B_notice_short,44606864.0,2018-02-01
416088,NEDBANK LTD,C_savings,9569363.0,2018-02-01
416088,NEDBANK LTD,D_term_wholesale,301713916.0,2018-02-01
TOTAL,*TOTAL*,A_operational,1637504961.04,2018-02-01
TOTAL,*TOTAL*,B_notice_short,302684264.51,2018-02-01
TOTAL,*TOTAL*,C_savings,233010405.71999997,2018-02-01
TOTAL,*TOTAL*,D_term_wholesale,1255137438.16,2018-02-01
25054,INVESTEC BANK LTD,A_operational,111888478.0,2018-03-01
25054,INVESTEC BANK LTD,B_notice_short,28214395.0,2018-03-01
25054,INVESTEC BANK LTD,C_savings,6066513.0,2018-03-01
25054,INVESTEC BANK LTD,D_term_wholesale,159407206.0,2018-03-01
333107,CAPITEC BANK,A_operational,1654871.0,2018-03-01
333107,CAPITEC BANK,B_notice_short,1274808.0,2018-03-01
333107,CAPITEC BANK,C_savings,35272596.0,2018-03-01
333107,CAPITEC BANK,D_term_wholesale,23044589.0,2018-03-01
34118,ABSA BANK LTD,A_operational,242320216.0,2018-03-01
34118,ABSA BANK LTD,B_notice_short,53329327.0,2018-03-01
34118,ABSA BANK LTD,C_savings,134090167.0,2018-03-01
34118,ABSA BANK LTD,D_term_wholesale,277985377.0,2018-03-01
416053,FIRSTRAND BANK LIMITED,A_operational,388126178.71000004,2018-03-01
416053,FIRSTRAND BANK LIMITED,B_notice_short,100110465.63,2018-03-01
416053,FIRSTRAND BANK LIMITED,C_savings,11304544.06,2018-03-01
416053,FIRSTRAND BANK LIMITED,D_term_wholesale,249964394.33,2018-03-01
416061,THE STANDARD BANK OF S A LTD,A_operational,495208751.0,2018-03-01
416061,THE STANDARD BANK OF S A LTD,B_notice_short,40430211.0,2018-03-01
416061,THE STANDARD BANK OF S A LTD,C_savings,31340096.0,2018-03-01
416061,THE STANDARD BANK OF S A LTD,D_term_wholesale,220141071.0,2018-03-01
416088,NEDBANK LTD,A_operational,322072532.0,2018-03-01
416088,NEDBANK LTD,B_notice_short,41839834.0,2018-03-01
416088,NEDBANK LTD,C_savings,9684239.0,2018-03-01
416088,NEDBANK LTD,D_term_wholesale,308752493.0,2018-03-01
TOTAL,*TOTAL*,A_operational,1681362621.04,2018-03-01
TOTAL,*TOTAL*,B_notice_short,287500639.65000004,2018-03-01
TOTAL,*TOTAL*,C_savings,235438980.79999998,2018-03-01
TOTAL,*TOTAL*,D_term_wholesale,1280625504.84,2018-03-01
25054,INVESTEC BANK LTD,A_operational,117360925.0,2018-04-01
25054,INVESTEC BANK LTD,B_notice_short,31665965.0,2018-04-01
25054,INVESTEC BANK LTD,C_savings,6238398.0,2018-04-01
25054,INVESTEC BANK LTD,D_term_wholesale,156756969.0,2018-04-01
333107,CAPITEC BANK,A_operational,28700.0,2018-04-01
333107,CAPITEC BANK,B_notice_short,1147335.0,2018-04-01
333107,CAPITEC BANK,C_savings,35682851.0,2018-04-01
333107,CAPITEC BANK,D_term_wholesale,23528720.0,2018-04-01
34118,ABSA BANK LTD,A_operational,235865912.0,2018-04-01
34118,ABSA BANK LTD,B_notice_short,63441849.0,2018-04-01
34118,ABSA BANK LTD,C_savings,134336469.0,2018-04-01
34118,ABSA BANK LTD,D_term_wholesale,264477412.0,2018-04-01
416053,FIRSTRAND BANK LIMITED,A_operational,379748698.42,2018-04-01
416053,FIRSTRAND BANK LIMITED,B_notice_short,111269113.94,2018-04-01
416053,FIRSTRAND BANK LIMITED,C_savings,11376551.580000002,2018-04-01
416053,FIRSTRAND BANK LIMITED,D_term_wholesale,249622159.07,2018-04-01
416061,THE STANDARD BANK OF S A LTD,A_operational,490666725.0,2018-04-01
416061,THE STANDARD BANK OF S A LTD,B_notice_short,36097178.0,2018-04-01
416061,THE STANDARD BANK OF S A LTD,C_savings,31205824.0,2018-04-01
416061,THE STANDARD BANK OF S A LTD,D_term_wholesale,215299249.0,2018-04-01
416088,NEDBANK LTD,A_operational,310845049.0,2018-04-01
416088,NEDBANK LTD,B_notice_short,38078619.0,2018-04-01
416088,NEDBANK LTD,C_savings,9740091.0,2018-04-01
416088,NEDBANK LTD,D_term_wholesale,318718117.0,2018-04-01
TOTAL,*TOTAL*,A_operational,1649935458.56,2018-04-01
TOTAL,*TOTAL*,B_notice_short,309671991.14,2018-04-01
TOTAL,*TOTAL*,C_savings,236216337.58,2018-04-01
TOTAL,*TOTAL*,D_term_wholesale,1273962703.0,2018-04-01
25054,INVESTEC BANK LTD,A_operational,116792706.0,2018-05-01
25054,INVESTEC BANK LTD,B_notice_short,31035640.0,2018-05-01
25054,INVESTEC BANK LTD,C_savings,5935840.0,2018-05-01
25054,INVESTEC BANK LTD,D_term_wholesale,156233013.0,2018-05-01
333107,CAPITEC BANK,A_operational,28913.0,2018-05-01
333107,CAPITEC BANK,B_notice_short,1228573.0,2018-05-01
333107,CAPITEC BANK,C_savings,36922365.0,2018-05-01
333107,CAPITEC BANK,D_term_wholesale,23814794.0,2018-05-01
34118,ABSA BANK LTD,A_operational,215280591.0,2018-05-01
34118,ABSA BANK LTD,B_notice_short,60642767.0,2018-05-01
34118,ABSA BANK LTD,C_savings,135120942.0,2018-05-01
34118,ABSA BANK LTD,D_term_wholesale,264732466.0,2018-05-01
416053,FIRSTRAND BANK LIMITED,A_operational,374741554.02,2018-05-01
416053,FIRSTRAND BANK LIMITED,B_notice_short,102676301.21,2018-05-01
416053,FIRSTRAND BANK LIMITED,C_savings,11854484.96,2018-05-01
416053,FIRSTRAND BANK LIMITED,D_term_wholesale,266312906.24,2018-05-01
416061,THE STANDARD BANK OF S A LTD,A_operational,462529989.0,2018-05-01
416061,THE STANDARD BANK OF S A LTD,B_notice_short,39055502.0,2018-05-01
416061,THE STANDARD BANK OF S A LTD,C_savings,31309717.0,2018-05-01
416061,THE STANDARD BANK OF S A LTD,D_term_wholesale,238144714.0,2018-05-01
416088,NEDBANK LTD,A_operational,306317563.0,2018-05-01
416088,NEDBANK LTD,B_notice_short,49819160.0,2018-05-01
416088,NEDBANK LTD,C_savings,9776192.0,2018-05-01
416088,NEDBANK LTD,D_term_wholesale,313997286.0,2018-05-01
TOTAL,*TOTAL*,A_operational,1589563756.01,2018-05-01
TOTAL,*TOTAL*,B_notice_short,307676672.45,2018-05-01
TOTAL,*TOTAL*,C_savings,239518106.26,2018-05-01
TOTAL,*TOTAL*,D_term_wholesale,1307265793.83,2018-05-01
25054,INVESTEC BANK LTD,A_operational,112113475.0,2018-06-01
25054,INVESTEC BANK LTD,B_notice_short,27031824.0,2018-06-01
25054,INVESTEC BANK LTD,C_savings,6168232.0,2018-06-01
25054,INVESTEC BANK LTD,D_term_wholesale,157162342.0,2018-06-01
333107,CAPITEC BANK,A_operational,29141.0,2018-06-01
333107,CAPITEC BANK,B_notice_short,1425854.0,2018-06-01
333107,CAPITEC BANK,C_savings,38125077.0,2018-06-01
333107,CAPITEC BANK,D_term_wholesale,23935036.0,2018-06-01
34118,ABSA BANK LTD,A_operational,218714344.0,2018-06-01
34118,ABSA BANK LTD,B_notice_short,61875718.0,2018-06-01
34118,ABSA BANK LTD,C_savings,135896051.0,2018-06-01
34118,ABSA BANK LTD,D_term_wholesale,272688366.0,2018-06-01
416053,FIRSTRAND BANK LIMITED,A_operational,391836420.78999996,2018-06-01
416053,FIRSTRAND BANK LIMITED,B_notice_short,104358670.84,2018-06-01
416053,FIRSTRAND BANK LIMITED,C_savings,12185952.18,2018-06-01
416053,FIRSTRAND BANK LIMITED,D_term_wholesale,260528237.28,2018-06-01
416061,THE STANDARD BANK OF S A LTD,A_operational,470420518.0,2018-06-01
416061,THE STANDARD BANK OF S A LTD,B_notice_short,32161786.0,2018-06-01
416061,THE STANDARD BANK OF S A LTD,C_savings,31609947.0,2018-06-01
416061,THE STANDARD BANK OF S A LTD,D_term_wholesale,240797836.0,2018-06-01
416088,NEDBANK LTD,A_operational,317084852.0,2018-06-01
416088,NEDBANK LTD,B_notice_short,34711126.0,2018-06-01
416088,NEDBANK LTD,C_savings,9922497.0,2018-06-01
416088,NEDBANK LTD,D_term_wholesale,322119508.0,2018-06-01
TOTAL,*TOTAL*,A_operational,1613586149.64,2018-06-01
TOTAL,*TOTAL*,B_notice_short,286429025.11,2018-06-01
TOTAL,*TOTAL*,C_savings,242333997.82999998,2018-06-01
TOTAL,*TOTAL*,D_term_wholesale,1321795113.79,2018-06-01
25054,INVESTEC BANK LTD,A_operational,113033753.0,2018-07-01
25054,INVESTEC BANK LTD,B_notice_short,27021052.0,2018-07-01
25054,INVESTEC BANK LTD,C_savings,5998300.0,2018-07-01
25054,INVESTEC BANK LTD,D_term_wholesale,159625521.0,2018-07-01
333107,CAPITEC BANK,A_operational,59521.0,2018-07-01
333107,CAPITEC BANK,B_notice_short,1388442.0,2018-07-01
333107,CAPITEC BANK,C_savings,39141349.0,2018-07-01
333107,CAPITEC BANK,D_term_wholesale,24074052.0,2018-07-01
34118,ABSA BANK LTD,A_operational,218964092.0,2018-07-01
34118,ABSA BANK LTD,B_notice_short,65151723.0,2018-07-01
34118,ABSA BANK LTD,C_savings,137686215.0,2018-07-01
34118,ABSA BANK LTD,D_term_wholesale,267457118.0,2018-07-01
416053,FIRSTRAND BANK LIMITED,A_operational,387405790.41,2018-07-01
416053,FIRSTRAND BANK LIMITED,B_notice_short,101622953.56,2018-07-01
416053,FIRSTRAND BANK LIMITED,C_savings,12629605.35,2018-07-01
416053,FIRSTRAND BANK LIMITED,D_term_wholesale,260387742.48000002,2018-07-01
416061,THE STANDARD BANK OF S A LTD,A_operational,480472652.0,2018-07-01
416061,THE STANDARD BANK OF S A LTD,B_notice_short,47637869.0,2018-07-01
416061,THE STANDARD BANK OF S A LTD,C_savings,32111350.0,2018-07-01
416061,THE STANDARD BANK OF S A LTD,D_term_wholesale,226885784.0,2018-07-01
416088,NEDBANK LTD,A_operational,313216144.0,2018-07-01
416088,NEDBANK LTD,B_notice_short,27755148.0,2018-07-01
416088,NEDBANK LTD,C_savings,10150005.0,2018-07-01
416088,NEDBANK LTD,D_term_wholesale,330649205.0,2018-07-01
TOTAL,*TOTAL*,A_operational,1618691990.95,2018-07-01
TOTAL,*TOTAL*,B_notice_short,296722499.83,2018-07-01
TOTAL,*TOTAL*,C_savings,246084558.19,2018-07-01
TOTAL,*TOTAL*,D_term_wholesale,1311539356.52,2018-07-01
25054,INVESTEC BANK LTD,A_operational,118290970.0,2018-08-01
25054,INVESTEC BANK LTD,B_notice_short,20732276.0,2018-08-01
25054,INVESTEC BANK LTD,C_savings,5920957.0,2018-08-01
25054,INVESTEC BANK LTD,D_term_wholesale,166763705.0,2018-08-01
333107,CAPITEC BANK,A_operational,29383.0,2018-08-01
333107,CAPITEC BANK,B_notice_short,1152546.0,2018-08-01
333107,CAPITEC BANK,C_savings,41048477.0,2018-08-01
333107,CAPITEC BANK,D_term_wholesale,24523444.0,2018-08-01
34118,ABSA BANK LTD,A_operational,221688917.0,2018-08-01
34118,ABSA BANK LTD,B_notice_short,70410865.0,2018-08-01
34118,ABSA BANK LTD,C_savings,137510633.0,2018-08-01
34118,ABSA BANK LTD,D_term_wholesale,279342354.0,2018-08-01
416053,FIRSTRAND BANK LIMITED,A_operational,402447300.1,2018-08-01
416053,FIRSTRAND BANK LIMITED,B_notice_short,93166228.78,2018-08-01
416053,FIRSTRAND BANK LIMITED,C_savings,13135890.15,2018-08-01
416053,FIRSTRAND BANK LIMITED,D_term_wholesale,264280717.04,2018-08-01
416061,THE STANDARD BANK OF S A LTD,A_operational,496647921.0,2018-08-01
416061,THE STANDARD BANK OF S A LTD,B_notice_short,41531483.0,2018-08-01
416061,THE STANDARD BANK OF S A LTD,C_savings,32036132.0,2018-08-01
416061,THE STANDARD BANK OF S A LTD,D_term_wholesale,234069583.0,2018-08-01
416088,NEDBANK LTD,A_operational,312865195.0,2018-08-01
416088,NEDBANK LTD,B_notice_short,46878988.0,2018-08-01
416088,NEDBANK LTD,C_savings,10333371.0,2018-08-01
416088,NEDBANK LTD,D_term_wholesale,331716045.0,2018-08-01
TOTAL,*TOTAL*,A_operational,1655965488.76,2018-08-01
TOTAL,*TOTAL*,B_notice_short,300484646.09,2018-08-01
TOTAL,*TOTAL*,C_savings,247781395.51,2018-08-01
TOTAL,*TOTAL*,D_term_wholesale,1344769135.75,2018-08-01
25054,INVESTEC BANK LTD,A_operational,118510109.0,2018-09-01
25054,INVESTEC BANK LTD,B_notice_short,29003594.0,2018-09-01
25054,INVESTEC BANK LTD,C_savings,6123266.0,2018-09-01
25054,INVESTEC BANK LTD,D_term_wholesale,162620730.0,2018-09-01
333107,CAPITEC BANK,A_operational,753407.0,2018-09-01
333107,CAPITEC BANK,B_notice_short,1280404.0,2018-09-01
333107,CAPITEC BANK,C_savings,41148321.0,2018-09-01
333107,CAPITEC BANK,D_term_wholesale,24869479.0,2018-09-01
34118,ABSA BANK LTD,A_operational,227231116.0,2018-09-01
34118,ABSA BANK LTD,B_notice_short,72581170.0,2018-09-01
34118,ABSA BANK LTD,C_savings,137597963.0,2018-09-01
34118,ABSA BANK LTD,D_term_wholesale,292441589.0,2018-09-01
416053,FIRSTRAND BANK LIMITED,A_operational,433621618.85,2018-09-01
416053,FIRSTRAND BANK LIMITED,B_notice_short,80333867.64,2018-09-01
416053,FIRSTRAND BANK LIMITED,C_savings,13587247.63,2018-09-01
416053,FIRSTRAND BANK LIMITED,D_term_wholesale,269204363.22,2018-09-01
416061,THE STANDARD BANK OF S A LTD,A_operational,513967881.0,2018-09-01
416061,THE STANDARD BANK OF S A LTD,B_notice_short,31032974.0,2018-09-01
416061,THE STANDARD BANK OF S A LTD,C_savings,32025385.0,2018-09-01
416061,THE STANDARD BANK OF S A LTD,D_term_wholesale,235372685.0,2018-09-01
416088,NEDBANK LTD,A_operational,319578520.0,2018-09-01
416088,NEDBANK LTD,B_notice_short,39889666.0,2018-09-01
416088,NEDBANK LTD,C_savings,10415935.0,2018-09-01
416088,NEDBANK LTD,D_term_wholesale,338424208.0,2018-09-01
TOTAL,*TOTAL*,A_operational,1723463960.22,2018-09-01
TOTAL,*TOTAL*,B_notice_short,274893710.02,2018-09-01
TOTAL,*TOTAL*,C_savings,249171904.36,2018-09-01
TOTAL,*TOTAL*,D_term_wholesale,1366938966.91,2018-09-01
25054,INVESTEC BANK LTD,A_operational,117790793.0,2018-10-01
25054,INVESTEC BANK LTD,B_notice_short,31073026.0,2018-10-01
25054,INVESTEC BANK LTD,C_savings,6332381.0,2018-10-01
25054,INVESTEC BANK LTD,D_term_wholesale,155757207.0,2018-10-01
333107,CAPITEC BANK,A_operational,29671.0,2018-10-01
333107,CAPITEC BANK,B_notice_short,1558576.0,2018-10-01
333107,CAPITEC BANK,C_savings,41610191.0,2018-10-01
333107,CAPITEC BANK,D_term_wholesale,24899980.0,2018-10-01
34118,ABSA BANK LTD,A_operational,214699281.0,2018-10-01
34118,ABSA BANK LTD,B_notice_short,74635111.0,2018-10-01
34118,ABSA BANK LTD,C_savings,138384624.0,2018-10-01
34118,ABSA BANK LTD,D_term_wholesale,298190730.0,2018-10-01
416053,FIRSTRAND BANK LIMITED,A_operational,408211740.84000003,2018-10-01
416053,FIRSTRAND BANK LIMITED,B_notice_short,86626448.09,2018-10-01
416053,FIRSTRAND BANK LIMITED,C_savings,14135289.99,2018-10-01
416053,FIRSTRAND BANK LIMITED,D_term_wholesale,267745382.21,2018-10-01
416061,THE STANDARD BANK OF S A LTD,A_operational,488797074.0,2018-10-01
416061,THE STANDARD BANK OF S A LTD,B_notice_short,45538579.0,2018-10-01
416061,THE STANDARD BANK OF S A LTD,C_savings,32419447.0,2018-10-01
416061,THE STANDARD BANK OF S A LTD,D_term_wholesale,223984067.0,2018-10-01
416088,NEDBANK LTD,A_operational,329904403.0,2018-10-01
416088,NEDBANK LTD,B_notice_short,34639256.0,2018-10-01
416088,NEDBANK LTD,C_savings,10572434.0,2018-10-01
416088,NEDBANK LTD,D_term_wholesale,335344824.0,2018-10-01
TOTAL,*TOTAL*,A_operational,1678194840.88,2018-10-01
TOTAL,*TOTAL*,B_notice_short,291557744.57,2018-10-01
TOTAL,*TOTAL*,C_savings,252830978.07999998,2018-10-01
TOTAL,*TOTAL*,D_term_wholesale,1357768302.51,2018-10-01
25054,INVESTEC BANK LTD,A_operational,121739153.0,2018-11-01
25054,INVESTEC BANK LTD,B_notice_short,18466748.0,2018-11-01
25054,INVESTEC BANK LTD,C_savings,6211257.0,2018-11-01
25054,INVESTEC BANK LTD,D_term_wholesale,159563470.0,2018-11-01
333107,CAPITEC BANK,A_operational,29914.0,2018-11-01
333107,CAPITEC BANK,B_notice_short,2227155.0,2018-11-01
333107,CAPITEC BANK,C_savings,44769904.0,2018-11-01
333107,CAPITEC BANK,D_term_wholesale,24007941.0,2018-11-01
34118,ABSA BANK LTD,A_operational,228883143.0,2018-11-01
34118,ABSA BANK LTD,B_notice_short,69021944.0,2018-11-01
34118,ABSA BANK LTD,C_savings,139412948.0,2018-11-01
34118,ABSA BANK LTD,D_term_wholesale,293719963.0,2018-11-01
416053,FIRSTRAND BANK LIMITED,A_operational,421035638.66,2018-11-01
416053,FIRSTRAND BANK LIMITED,B_notice_short,85336381.47,2018-11-01
416053,FIRSTRAND BANK LIMITED,C_savings,14405251.16,2018-11-01
416053,FIRSTRAND BANK LIMITED,D_term_wholesale,265201445.07999998,2018-11-01
416061,THE STANDARD BANK OF S A LTD,A_operational,496586807.0,2018-11-01
416061,THE STANDARD BANK OF S A LTD,B_notice_short,51088682.0,2018-11-01
416061,THE STANDARD BANK OF S A LTD,C_savings,32348783.0,2018-11-01
416061,THE STANDARD BANK OF S A LTD,D_term_wholesale,219293324.0,2018-11-01
416088,NEDBANK LTD,A_operational,328401871.0,2018-11-01
416088,NEDBANK LTD,B_notice_short,32633660.0,2018-11-01
416088,NEDBANK LTD,C_savings,10790765.0,2018-11-01
416088,NEDBANK LTD,D_term_wholesale,339778227.0,2018-11-01
TOTAL,*TOTAL*,A_operational,1710858068.71,2018-11-01
TOTAL,*TOTAL*,B_notice_short,280600331.77,2018-11-01
TOTAL,*TOTAL*,C_savings,256525003.33,2018-11-01
TOTAL,*TOTAL*,D_term_wholesale,1348137749.66,2018-11-01
25054,INVESTEC BANK LTD,A_operational,121805381.0,2018-12-01
25054,INVESTEC BANK LTD,B_notice_short,26852818.0,2018-12-01
25054,INVESTEC BANK LTD,C_savings,6319461.0,2018-12-01
25054,INVESTEC BANK LTD,D_term_wholesale,153562076.0,2018-12-01
333107,CAPITEC BANK,A_operational,29998.0,2018-12-01
333107,CAPITEC BANK,B_notice_short,1805417.0,2018-12-01
333107,CAPITEC BANK,C_savings,43675299.0,2018-12-01
333107,CAPITEC BANK,D_term_wholesale,23834743.0,2018-12-01
34118,ABSA BANK LTD,A_operational,214488908.0,2018-12-01
34118,ABSA BANK LTD,B_notice_short,69110291.0,2018-12-01
34118,ABSA BANK LTD,C_savings,140302414.0,2018-12-01
34118,ABSA BANK LTD,D_term_wholesale,305310975.0,2018-12-01
416053,FIRSTRAND BANK LIMITED,A_operational,431288737.59000003,2018-12-01
416053,FIRSTRAND BANK LIMITED,B_notice_short,86044388.34,2018-12-01
416053,FIRSTRAND BANK LIMITED,C_savings,15251597.35,2018-12-01
416053,FIRSTRAND BANK LIMITED,D_term_wholesale,259508794.19,2018-12-01
416061,THE STANDARD BANK OF S A LTD,A_operational,525004261.0,2018-12-01
416061,THE STANDARD BANK OF S A LTD,B_notice_short,35941706.0,2018-12-01
416061,THE STANDARD BANK OF S A LTD,C_savings,32885867.0,2018-12-01
416061,THE STANDARD BANK OF S A LTD,D_term_wholesale,210863103.0,2018-12-01
416088,NEDBANK LTD,A_operational,324114274.0,2018-12-01
416088,NEDBANK LTD,B_notice_short,42472841.0,2018-12-01
416088,NEDBANK LTD,C_savings,10066416.0,2018-12-01
416088,NEDBANK LTD,D_term_wholesale,333915101.0,2018-12-01
TOTAL,*TOTAL*,A_operational,1731242355.5,2018-12-01
TOTAL,*TOTAL*,B_notice_short,291124406.62,2018-12-01
TOTAL,*TOTAL*,C_savings,257068388.30999997,2018-12-01
TOTAL,*TOTAL*,D_term_wholesale,1328265780.95,2018-12-01
25054,INVESTEC BANK LTD,A_operational,121403108.0,2019-01-01
25054,INVESTEC BANK LTD,B_notice_short,25628821.0,2019-01-01
25054,INVESTEC BANK LTD,C_savings,6103264.0,2019-01-01
25054,INVESTEC BANK LTD,D_term_wholesale,156845928.0,2019-01-01
333107,CAPITEC BANK,A_operational,30155.0,2019-01-01
333107,CAPITEC BANK,B_notice_short,1403418.0,2019-01-01
333107,CAPITEC BANK,C_savings,42113374.0,2019-01-01
333107,CAPITEC BANK,D_term_wholesale,24578512.0,2019-01-01
34118,ABSA BANK LTD,A_operational,204937460.0,2019-01-01
34118,ABSA BANK LTD,B_notice_short,73298994.0,2019-01-01
34118,ABSA BANK LTD,C_savings,139414025.0,2019-01-01
34118,ABSA BANK LTD,D_term_wholesale,306374435.0,2019-01-01
416053,FIRSTRAND BANK LIMITED,A_operational,423559149.138,2019-01-01
416053,FIRSTRAND BANK LIMITED,B_notice_short,86906941.32949999,2019-01-01
416053,FIRSTRAND BANK LIMITED,C_savings,14372334.7699,2019-01-01
416053,FIRSTRAND BANK LIMITED,D_term_wholesale,262496879.5914,2019-01-01
416061,THE STANDARD BANK OF S A LTD,A_operational,491644027.0,2019-01-01
416061,THE STANDARD BANK OF S A LTD,B_notice_short,38315250.0,2019-01-01
416061,THE STANDARD BANK OF S A LTD,C_savings,31219717.0,2019-01-01
416061,THE STANDARD BANK OF S A LTD,D_term_wholesale,231947940.0,2019-01-01
416088,NEDBANK LTD,A_operational,318257386.0,2019-01-01
416088,NEDBANK LTD,B_notice_short,43948861.0,2019-01-01
416088,NEDBANK LTD,C_savings,9753053.0,2019-01-01
416088,NEDBANK LTD,D_term_wholesale,338121039.0,2019-01-01
TOTAL,*TOTAL*,A_operational,1667780468.5279999,2019-01-01
TOTAL,*TOTAL*,B_notice_short,288832481.90209997,2019-01-01
TOTAL,*TOTAL*,C_savings,251644032.5561,2019-01-01
TOTAL,*TOTAL*,D_term_wholesale,1368181402.7747,2019-01-01
25054,INVESTEC BANK LTD,A_operational,126467954.0,2019-02-01
25054,INVESTEC BANK LTD,B_notice_short,11232455.0,2019-02-01
25054,INVESTEC BANK LTD,C_savings,5858058.0,2019-02-01
25054,INVESTEC BANK LTD,D_term_wholesale,170748927.0,2019-02-01
333107,CAPITEC BANK,A_operational,30449.0,2019-02-01
333107,CAPITEC BANK,B_notice_short,1354438.0,2019-02-01
333107,CAPITEC BANK,C_savings,45140650.0,2019-02-01
333107,CAPITEC BANK,D_term_wholesale,25330577.0,2019-02-01
34118,ABSA BANK LTD,A_operational,206792628.0,2019-02-01
34118,ABSA BANK LTD,B_notice_short,81992940.0,2019-02-01
34118,ABSA BANK LTD,C_savings,137356412.0,2019-02-01
34118,ABSA BANK LTD,D_term_wholesale,301556972.0,2019-02-01
416053,FIRSTRAND BANK LIMITED,A_operational,415993105.5101,2019-02-01
416053,FIRSTRAND BANK LIMITED,B_notice_short,88937008.4402,2019-02-01
416053,FIRSTRAND BANK LIMITED,C_savings,14087506.8928,2019-02-01
416053,FIRSTRAND BANK LIMITED,D_term_wholesale,266559276.9826,2019-02-01
416061,THE STANDARD BANK OF S A LTD,A_operational,496188362.0,2019-02-01
416061,THE STANDARD BANK OF S A LTD,B_notice_short,36289554.0,2019-02-01
416061,THE STANDARD BANK OF S A LTD,C_savings,30747828.0,2019-02-01
416061,THE STANDARD BANK OF S A LTD,D_term_wholesale,237794335.0,2019-02-01
416088,NEDBANK LTD,A_operational,311189791.0,2019-02-01
416088,NEDBANK LTD,B_notice_short,43917896.0,2019-02-01
416088,NEDBANK LTD,C_savings,9909560.0,2019-02-01
416088,NEDBANK LTD,D_term_wholesale,347511504.0,2019-02-01
TOTAL,*TOTAL*,A_operational,1669663427.5201,2019-02-01
TOTAL,*TOTAL*,B_notice_short,281856817.1409,2019-02-01
TOTAL,*TOTAL*,C_savings,252054823.0277,2019-02-01
TOTAL,*TOTAL*,D_term_wholesale,1397978699.1954,2019-02-01
25054,INVESTEC BANK LTD,A_operational,126020199.0,2019-03-01
25054,INVESTEC BANK LTD,B_notice_short,18225034.0,2019-03-01
25054,INVESTEC BANK LTD,C_savings,6962725.0,2019-03-01
25054,INVESTEC BANK LTD,D_term_wholesale,165764401.0,2019-03-01
333107,CAPITEC BANK,A_operational,1808434.0,2019-03-01
333107,CAPITEC BANK,B_notice_short,1413518.0,2019-03-01
333107,CAPITEC BANK,C_savings,43768732.0,2019-03-01
333107,CAPITEC BANK,D_term_wholesale,26013821.0,2019-03-01
34118,ABSA BANK LTD,A_operational,214385941.0,2019-03-01
34118,ABSA BANK LTD,B_notice_short,82812366.0,2019-03-01
34118,ABSA BANK LTD,C_savings,139305993.0,2019-03-01
34118,ABSA BANK LTD,D_term_wholesale,313154944.0,2019-03-01
416053,FIRSTRAND BANK LIMITED,A_operational,431639733.8872,2019-03-01
416053,FIRSTRAND BANK LIMITED,B_notice_short,97425565.364,2019-03-01
416053,FIRSTRAND BANK LIMITED,C_savings,14419292.4794,2019-03-01
416053,FIRSTRAND BANK LIMITED,D_term_wholesale,269778902.1582,2019-03-01
416061,THE STANDARD BANK OF S A LTD,A_operational,532215670.0,2019-03-01
416061,THE STANDARD BANK OF S A LTD,B_notice_short,39257951.0,2019-03-01
416061,THE STANDARD BANK OF S A LTD,C_savings,30369363.0,2019-03-01
416061,THE STANDARD BANK OF S A LTD,D_term_wholesale,249011955.0,2019-03-01
416088,NEDBANK LTD,A_operational,321229677.0,2019-03-01
416088,NEDBANK LTD,B_notice_short,42308142.0,2019-03-01
416088,NEDBANK LTD,C_savings,10122949.0,2019-03-01
416088,NEDBANK LTD,D_term_wholesale,350601681.0,2019-03-01
TOTAL,*TOTAL*,A_operational,1739830595.4272,2019-03-01
TOTAL,*TOTAL*,B_notice_short,301384204.1005,2019-03-01
TOTAL,*TOTAL*,C_savings,253878956.74969998,2019-03-01
TOTAL,*TOTAL*,D_term_wholesale,1420348385.6404,2019-03-01
25054,INVESTEC BANK LTD,A_operational,127845811.0,2019-04-01
25054,INVESTEC BANK LTD,B_notice_short,26959639.0,2019-04-01
25054,INVESTEC BANK LTD,C_savings,6380077.0,2019-04-01
25054,INVESTEC BANK LTD,D_term_wholesale,161299948.0,2019-04-01
333107,CAPITEC BANK,A_operational,64379.0,2019-04-01
333107,CAPITEC BANK,B_notice_short,1272614.0,2019-04-01
333107,CAPITEC BANK,C_savings,46090496.0,2019-04-01
333107,CAPITEC BANK,D_term_wholesale,26802597.0,2019-04-01
34118,ABSA BANK LTD,A_operational,194425267.0,2019-04-01
34118,ABSA BANK LTD,B_notice_short,96889621.0,2019-04-01
34118,ABSA BANK LTD,C_savings,140951992.0,2019-04-01
34118,ABSA BANK LTD,D_term_wholesale,324175660.0,2019-04-01
416053,FIRSTRAND BANK LIMITED,A_operational,423034535.65239996,2019-04-01
416053,FIRSTRAND BANK LIMITED,B_notice_short,96911016.143,2019-04-01
416053,FIRSTRAND BANK LIMITED,C_savings,14466886.334999999,2019-04-01
416053,FIRSTRAND BANK LIMITED,D_term_wholesale,268615001.1779,2019-04-01
416061,THE STANDARD BANK OF S A LTD,A_operational,511614446.0,2019-04-01
416061,THE STANDARD BANK OF S A LTD,B_notice_short,43855683.0,2019-04-01
416061,THE STANDARD BANK OF S A LTD,C_savings,30424500.0,2019-04-01
416061,THE STANDARD BANK OF S A LTD,D_term_wholesale,253948768.0,2019-04-01
416088,NEDBANK LTD,A_operational,314713933.0,2019-04-01
416088,NEDBANK LTD,B_notice_short,49129145.0,2019-04-01
416088,NEDBANK LTD,C_savings,10349823.0,2019-04-01
416088,NEDBANK LTD,D_term_wholesale,356422739.0,2019-04-01
TOTAL,*TOTAL*,A_operational,1692736812.5424001,2019-04-01
TOTAL,*TOTAL*,B_notice_short,335020876.1451,2019-04-01
TOTAL,*TOTAL*,C_savings,258047954.8523,2019-04-01
TOTAL,*TOTAL*,D_term_wholesale,1438434423.6773,2019-04-01
25054,INVESTEC BANK LTD,A_operational,133660597.0,2019-05-01
25054,INVESTEC BANK LTD,B_notice_short,27102966.0,2019-05-01
25054,INVESTEC BANK LTD,C_savings,6430284.0,2019-05-01
25054,INVESTEC BANK LTD,D_term_wholesale,155675558.0,2019-05-01
333107,CAPITEC BANK,A_operational,47182.0,2019-05-01
333107,CAPITEC BANK,B_notice_short,1351312.0,2019-05-01
333107,CAPITEC BANK,C_savings,48013848.0,2019-05-01
333107,CAPITEC BANK,D_term_wholesale,27492237.0,2019-05-01
34118,ABSA BANK LTD,A_operational,196853469.0,2019-05-01
34118,ABSA BANK LTD,B_notice_short,92180328.0,2019-05-01
34118,ABSA BANK LTD,C_savings,141914007.0,2019-05-01
34118,ABSA BANK LTD,D_term_wholesale,326281990.0,2019-05-01
416053,FIRSTRAND BANK LIMITED,A_operational,420758673.4294,2019-05-01
416053,FIRSTRAND BANK LIMITED,B_notice_short,94927539.5002,2019-05-01
416053,FIRSTRAND BANK LIMITED,C_savings,14793516.751200002,2019-05-01
416053,FIRSTRAND BANK LIMITED,D_term_wholesale,274964833.7226,2019-05-01
416061,THE STANDARD BANK OF S A LTD,A_operational,513536279.0,2019-05-01
416061,THE STANDARD BANK OF S A LTD,B_notice_short,49369645.0,2019-05-01
416061,THE STANDARD BANK OF S A LTD,C_savings,30529472.0,2019-05-01
416061,THE STANDARD BANK OF S A LTD,D_term_wholesale,255907074.0,2019-05-01
416088,NEDBANK LTD,A_operational,317185662.0,2019-05-01
416088,NEDBANK LTD,B_notice_short,49729054.0,2019-05-01
416088,NEDBANK LTD,C_savings,10533993.0,2019-05-01
416088,NEDBANK LTD,D_term_wholesale,365028843.0,2019-05-01
TOTAL,*TOTAL*,A_operational,1695472764.0594,2019-05-01
TOTAL,*TOTAL*,B_notice_short,337855971.49520004,2019-05-01
TOTAL,*TOTAL*,C_savings,261816973.75739998,2019-05-01
TOTAL,*TOTAL*,D_term_wholesale,1456532925.4146001,2019-05-01
25054,INVESTEC BANK LTD,A_operational,131364177.0,2019-06-01
25054,INVESTEC BANK LTD,B_notice_short,21996324.0,2019-06-01
25054,INVESTEC BANK LTD,C_savings,6356958.0,2019-06-01
25054,INVESTEC BANK LTD,D_term_wholesale,156311866.0,2019-06-01
333107,CAPITEC BANK,A_operational,522847.0,2019-06-01
333107,CAPITEC BANK,B_notice_short,1482735.0,2019-06-01
333107,CAPITEC BANK,C_savings,47339015.0,2019-06-01
333107,CAPITEC BANK,D_term_wholesale,27976851.0,2019-06-01
34118,ABSA BANK LTD,A_operational,220224779.0,2019-06-01
34118,ABSA BANK LTD,B_notice_short,61453445.0,2019-06-01
34118,ABSA BANK LTD,C_savings,141100603.0,2019-06-01
34118,ABSA BANK LTD,D_term_wholesale,330716533.0,2019-06-01
416053,FIRSTRAND BANK LIMITED,A_operational,445577479.1175,2019-06-01
416053,FIRSTRAND BANK LIMITED,B_notice_short,96611158.9384,2019-06-01
416053,FIRSTRAND BANK LIMITED,C_savings,15187234.7904,2019-06-01
416053,FIRSTRAND BANK LIMITED,D_term_wholesale,269764473.2249,2019-06-01
416061,THE STANDARD BANK OF S A LTD,A_operational,538145963.0,2019-06-01
416061,THE STANDARD BANK OF S A LTD,B_notice_short,36025870.0,2019-06-01
416061,THE STANDARD BANK OF S A LTD,C_savings,30468461.0,2019-06-01
416061,THE STANDARD BANK OF S A LTD,D_term_wholesale,252578591.0,2019-06-01
416088,NEDBANK LTD,A_operational,341279156.0,2019-06-01
416088,NEDBANK LTD,B_notice_short,33941352.0,2019-06-01
416088,NEDBANK LTD,C_savings,10559887.0,2019-06-01
416088,NEDBANK LTD,D_term_wholesale,364976453.0,2019-06-01
TOTAL,*TOTAL*,A_operational,1789964784.0275,2019-06-01
TOTAL,*TOTAL*,B_notice_short,271435637.31270003,2019-06-01
TOTAL,*TOTAL*,C_savings,260653161.04189998,2019-06-01
TOTAL,*TOTAL*,D_term_wholesale,1456956202.2298,2019-06-01
25054,INVESTEC BANK LTD,A_operational,132511682.0,2019-07-01
25054,INVESTEC BANK LTD,B_notice_short,17824779.0,2019-07-01
25054,INVESTEC BANK LTD,C_savings,6301853.0,2019-07-01
25054,INVESTEC BANK LTD,D_term_wholesale,160868330.0,2019-07-01
333107,CAPITEC BANK,A_operational,77533.0,2019-07-01
333107,CAPITEC BANK,B_notice_short,1452559.0,2019-07-01
333107,CAPITEC BANK,C_savings,48211006.0,2019-07-01
333107,CAPITEC BANK,D_term_wholesale,28800464.0,2019-07-01
34118,ABSA BANK LTD,A_operational,204725063.0,2019-07-01
34118,ABSA BANK LTD,B_notice_short,59399767.0,2019-07-01
34118,ABSA BANK LTD,C_savings,143581005.0,2019-07-01
34118,ABSA BANK LTD,D_term_wholesale,331986593.0,2019-07-01
416053,FIRSTRAND BANK LIMITED,A_operational,437828460.8468,2019-07-01
416053,FIRSTRAND BANK LIMITED,B_notice_short,92492208.7957,2019-07-01
416053,FIRSTRAND BANK LIMITED,C_savings,15478218.269,2019-07-01
416053,FIRSTRAND BANK LIMITED,D_term_wholesale,271919792.5979,2019-07-01
416061,THE STANDARD BANK OF S A LTD,A_operational,512565996.0,2019-07-01
416061,THE STANDARD BANK OF S A LTD,B_notice_short,41879621.0,2019-07-01
416061,THE STANDARD BANK OF S A LTD,C_savings,30786693.0,2019-07-01
416061,THE STANDARD BANK OF S A LTD,D_term_wholesale,257532132.0,2019-07-01
416088,NEDBANK LTD,A_operational,322027173.0,2019-07-01
416088,NEDBANK LTD,B_notice_short,51685854.0,2019-07-01
416088,NEDBANK LTD,C_savings,10666673.0,2019-07-01
416088,NEDBANK LTD,D_term_wholesale,381376392.0,2019-07-01
TOTAL,*TOTAL*,A_operational,1728561874.4768,2019-07-01
TOTAL,*TOTAL*,B_notice_short,286919838.65500003,2019-07-01
TOTAL,*TOTAL*,C_savings,264559982.37690002,2019-07-01
TOTAL,*TOTAL*,D_term_wholesale,1489600485.9935,2019-07-01
25054,INVESTEC BANK LTD,A_operational,136189336.0,2019-08-01
25054,INVESTEC BANK LTD,B_notice_short,19742219.0,2019-08-01
25054,INVESTEC BANK LTD,C_savings,6439806.0,2019-08-01
25054,INVESTEC BANK LTD,D_term_wholesale,158972177.0,2019-08-01
333107,CAPITEC BANK,A_operational,46640.0,2019-08-01
333107,CAPITEC BANK,B_notice_short,1384938.0,2019-08-01
333107,CAPITEC BANK,C_savings,50896139.0,2019-08-01
333107,CAPITEC BANK,D_term_wholesale,29429153.0,2019-08-01
34118,ABSA BANK LTD,A_operational,224348430.0,2019-08-01
34118,ABSA BANK LTD,B_notice_short,57254129.0,2019-08-01
34118,ABSA BANK LTD,C_savings,144867915.0,2019-08-01
34118,ABSA BANK LTD,D_term_wholesale,329259623.0,2019-08-01
416053,FIRSTRAND BANK LIMITED,A_operational,443773547.8068,2019-08-01
416053,FIRSTRAND BANK LIMITED,B_notice_short,93485421.3527,2019-08-01
416053,FIRSTRAND BANK LIMITED,C_savings,16058624.782100001,2019-08-01
416053,FIRSTRAND BANK LIMITED,D_term_wholesale,279598479.9006,2019-08-01
416061,THE STANDARD BANK OF S A LTD,A_operational,519294580.0,2019-08-01
416061,THE STANDARD BANK OF S A LTD,B_notice_short,35845578.0,2019-08-01
416061,THE STANDARD BANK OF S A LTD,C_savings,30871955.0,2019-08-01
416061,THE STANDARD BANK OF S A LTD,D_term_wholesale,261408318.0,2019-08-01
416088,NEDBANK LTD,A_operational,313951035.0,2019-08-01
416088,NEDBANK LTD,B_notice_short,42971887.0,2019-08-01
416088,NEDBANK LTD,C_savings,10862700.0,2019-08-01
416088,NEDBANK LTD,D_term_wholesale,391292335.0,2019-08-01
TOTAL,*TOTAL*,A_operational,1751397597.2068,2019-08-01
TOTAL,*TOTAL*,B_notice_short,275283146.8855,2019-08-01
TOTAL,*TOTAL*,C_savings,271019351.26350003,2019-08-01
TOTAL,*TOTAL*,D_term_wholesale,1503285800.392,2019-08-01
25054,INVESTEC BANK LTD,A_operational,137093541.0,2019-09-01
25054,INVESTEC BANK LTD,B_notice_short,21232999.0,2019-09-01
25054,INVESTEC BANK LTD,C_savings,6293836.0,2019-09-01
25054,INVESTEC BANK LTD,D_term_wholesale,156463219.0,2019-09-01
333107,CAPITEC BANK,A_operational,890413.0,2019-09-01
333107,CAPITEC BANK,B_notice_short,1427992.0,2019-09-01
333107,CAPITEC BANK,C_savings,50161528.0,2019-09-01
333107,CAPITEC BANK,D_term_wholesale,29852931.0,2019-09-01
34118,ABSA BANK LTD,A_operational,225851711.0,2019-09-01
34118,ABSA BANK LTD,B_notice_short,58317235.0,2019-09-01
34118,ABSA BANK LTD,C_savings,145859647.0,2019-09-01
34118,ABSA BANK LTD,D_term_wholesale,323272399.0,2019-09-01
416053,FIRSTRAND BANK LIMITED,A_operational,452950292.6544,2019-09-01
416053,FIRSTRAND BANK LIMITED,B_notice_short,89898730.9471,2019-09-01
416053,FIRSTRAND BANK LIMITED,C_savings,16138365.7764,2019-09-01
416053,FIRSTRAND BANK LIMITED,D_term_wholesale,274036401.7178,2019-09-01
416061,THE STANDARD BANK OF S A LTD,A_operational,535225282.0,2019-09-01
416061,THE STANDARD BANK OF S A LTD,B_notice_short,38124001.0,2019-09-01
416061,THE STANDARD BANK OF S A LTD,C_savings,30725167.0,2019-09-01
416061,THE STANDARD BANK OF S A LTD,D_term_wholesale,267914046.0,2019-09-01
416088,NEDBANK LTD,A_operational,317869215.0,2019-09-01
416088,NEDBANK LTD,B_notice_short,32718188.0,2019-09-01
416088,NEDBANK LTD,C_savings,10999357.0,2019-09-01
416088,NEDBANK LTD,D_term_wholesale,406580405.0,2019-09-01
TOTAL,*TOTAL*,A_operational,1782824277.2744,2019-09-01
TOTAL,*TOTAL*,B_notice_short,263896917.3153,2019-09-01
TOTAL,*TOTAL*,C_savings,271358334.1464,2019-09-01
TOTAL,*TOTAL*,D_term_wholesale,1506378674.3528001,2019-09-01
25054,INVESTEC BANK LTD,A_operational,136786606.0,2019-10-01
25054,INVESTEC BANK LTD,B_notice_short,20436919.0,2019-10-01
25054,INVESTEC BANK LTD,C_savings,7389036.0,2019-10-01
25054,INVESTEC BANK LTD,D_term_wholesale,158412335.0,2019-10-01
333107,CAPITEC BANK,A_operational,896483.0,2019-10-01
333107,CAPITEC BANK,B_notice_short,1850847.0,2019-10-01
333107,CAPITEC BANK,C_savings,52158032.0,2019-10-01
333107,CAPITEC BANK,D_term_wholesale,30056346.0,2019-10-01
34118,ABSA BANK LTD,A_operational,236083413.0,2019-10-01
34118,ABSA BANK LTD,B_notice_short,50244488.0,2019-10-01
34118,ABSA BANK LTD,C_savings,148855213.0,2019-10-01
34118,ABSA BANK LTD,D_term_wholesale,327173464.0,2019-10-01
416053,FIRSTRAND BANK LIMITED,A_operational,455741121.0206,2019-10-01
416053,FIRSTRAND BANK LIMITED,B_notice_short,83493622.8208,2019-10-01
416053,FIRSTRAND BANK LIMITED,C_savings,16592117.245299999,2019-10-01
416053,FIRSTRAND BANK LIMITED,D_term_wholesale,282626707.8429,2019-10-01
416061,THE STANDARD BANK OF S A LTD,A_operational,525141182.0,2019-10-01
416061,THE STANDARD BANK OF S A LTD,B_notice_short,50933351.0,2019-10-01
416061,THE STANDARD BANK OF S A LTD,C_savings,30704669.0,2019-10-01
416061,THE STANDARD BANK OF S A LTD,D_term_wholesale,267611838.0,2019-10-01
416088,NEDBANK LTD,A_operational,324694343.0,2019-10-01
416088,NEDBANK LTD,B_notice_short,44881540.0,2019-10-01
416088,NEDBANK LTD,C_savings,11234561.0,2019-10-01
416088,NEDBANK LTD,D_term_wholesale,400806299.0,2019-10-01
TOTAL,*TOTAL*,A_operational,1793925575.4006,2019-10-01
TOTAL,*TOTAL*,B_notice_short,275123586.3652,2019-10-01
TOTAL,*TOTAL*,C_savings,278034760.3593,2019-10-01
TOTAL,*TOTAL*,D_term_wholesale,1517059582.3116,2019-10-01
25054,INVESTEC BANK LTD,A_operational,136688364.0,2019-11-01
25054,INVESTEC BANK LTD,B_notice_short,17239952.0,2019-11-01
25054,INVESTEC BANK LTD,C_savings,6881078.0,2019-11-01
25054,INVESTEC BANK LTD,D_term_wholesale,159429577.0,2019-11-01
333107,CAPITEC BANK,A_operational,56423.0,2019-11-01
333107,CAPITEC BANK,B_notice_short,2587051.0,2019-11-01
333107,CAPITEC BANK,C_savings,56136789.0,2019-11-01
333107,CAPITEC BANK,D_term_wholesale,29269325.0,2019-11-01
34118,ABSA BANK LTD,A_operational,236499094.0,2019-11-01
34118,ABSA BANK LTD,B_notice_short,51201930.0,2019-11-01
34118,ABSA BANK LTD,C_savings,154466942.0,2019-11-01
34118,ABSA BANK LTD,D_term_wholesale,338454654.0,2019-11-01
416053,FIRSTRAND BANK LIMITED,A_operational,463052771.7147,2019-11-01
416053,FIRSTRAND BANK LIMITED,B_notice_short,89513075.3717,2019-11-01
416053,FIRSTRAND BANK LIMITED,C_savings,17167268.9015,2019-11-01
416053,FIRSTRAND BANK LIMITED,D_term_wholesale,278817944.74,2019-11-01
416061,THE STANDARD BANK OF S A LTD,A_operational,538296074.0,2019-11-01
416061,THE STANDARD BANK OF S A LTD,B_notice_short,41434953.0,2019-11-01
416061,THE STANDARD BANK OF S A LTD,C_savings,31175274.0,2019-11-01
416061,THE STANDARD BANK OF S A LTD,D_term_wholesale,268367303.0,2019-11-01
416088,NEDBANK LTD,A_operational,324990569.0,2019-11-01
416088,NEDBANK LTD,B_notice_short,36173589.0,2019-11-01
416088,NEDBANK LTD,C_savings,11375642.0,2019-11-01
416088,NEDBANK LTD,D_term_wholesale,410985189.0,2019-11-01
TOTAL,*TOTAL*,A_operational,1808160345.2547002,2019-11-01
TOTAL,*TOTAL*,B_notice_short,258676587.4395,2019-11-01
TOTAL,*TOTAL*,C_savings,288231334.5003,2019-11-01
TOTAL,*TOTAL*,D_term_wholesale,1538503749.3386002,2019-11-01
25054,INVESTEC BANK LTD,A_operational,130709897.0,2019-12-01
25054,INVESTEC BANK LTD,B_notice_short,24743202.0,2019-12-01
25054,INVESTEC BANK LTD,C_savings,6645935.0,2019-12-01
25054,INVESTEC BANK LTD,D_term_wholesale,152894692.0,2019-12-01
333107,CAPITEC BANK,A_operational,69949.0,2019-12-01
333107,CAPITEC BANK,B_notice_short,2053522.0,2019-12-01
333107,CAPITEC BANK,C_savings,53016730.0,2019-12-01
333107,CAPITEC BANK,D_term_wholesale,29198688.0,2019-12-01
34118,ABSA BANK LTD,A_operational,227470399.0,2019-12-01
34118,ABSA BANK LTD,B_notice_short,56578693.0,2019-12-01
34118,ABSA BANK LTD,C_savings,155538027.0,2019-12-01
34118,ABSA BANK LTD,D_term_wholesale,328850526.0,2019-12-01
416053,FIRSTRAND BANK LIMITED,A_operational,464518216.1511,2019-12-01
416053,FIRSTRAND BANK LIMITED,B_notice_short,97094067.3055,2019-12-01
416053,FIRSTRAND BANK LIMITED,C_savings,17716173.176599998,2019-12-01
416053,FIRSTRAND BANK LIMITED,D_term_wholesale,261744284.2177,2019-12-01
416061,THE STANDARD BANK OF S A LTD,A_operational,543320340.0,2019-12-01
416061,THE STANDARD BANK OF S A LTD,B_notice_short,52917120.0,2019-12-01
416061,THE STANDARD BANK OF S A LTD,C_savings,30939987.0,2019-12-01
416061,THE STANDARD BANK OF S A LTD,D_term_wholesale,248276330.0,2019-12-01
416088,NEDBANK LTD,A_operational,326415941.0,2019-12-01
416088,NEDBANK LTD,B_notice_short,44969778.0,2019-12-01
416088,NEDBANK LTD,C_savings,10576398.0,2019-12-01
416088,NEDBANK LTD,D_term_wholesale,392290766.0,2019-12-01
TOTAL,*TOTAL*,A_operational,1810641879.8211,2019-12-01
TOTAL,*TOTAL*,B_notice_short,298620397.11259997,2019-12-01
TOTAL,*TOTAL*,C_savings,285666459.3459,2019-12-01
TOTAL,*TOTAL*,D_term_wholesale,1463025783.8950999,2019-12-01
25054,INVESTEC BANK LTD,A_operational,129962870.0,2020-01-01
25054,INVESTEC BANK LTD,B_notice_short,24943922.0,2020-01-01
25054,INVESTEC BANK LTD,C_savings,6412959.0,2020-01-01
25054,INVESTEC BANK LTD,D_term_wholesale,156081919.0,2020-01-01
333107,CAPITEC BANK,A_operational,2637526.0,2020-01-01
333107,CAPITEC BANK,B_notice_short,1744495.0,2020-01-01
333107,CAPITEC BANK,C_savings,52960021.0,2020-01-01
333107,CAPITEC BANK,D_term_wholesale,30056013.0,2020-01-01
34118,ABSA BANK LTD,A_operational,222507055.0,2020-01-01
34118,ABSA BANK LTD,B_notice_short,65449893.0,2020-01-01
34118,ABSA BANK LTD,C_savings,155706296.0,2020-01-01
34118,ABSA BANK LTD,D_term_wholesale,323147444.0,2020-01-01
416053,FIRSTRAND BANK LIMITED,A_operational,457717164.2639,2020-01-01
416053,FIRSTRAND BANK LIMITED,B_notice_short,87611151.5519,2020-01-01
416053,FIRSTRAND BANK LIMITED,C_savings,16988272.3869,2020-01-01
416053,FIRSTRAND BANK LIMITED,D_term_wholesale,258932740.3714,2020-01-01
416061,THE STANDARD BANK OF S A LTD,A_operational,535478198.0,2020-01-01
416061,THE STANDARD BANK OF S A LTD,B_notice_short,41235470.0,2020-01-01
416061,THE STANDARD BANK OF S A LTD,C_savings,30270950.0,2020-01-01
416061,THE STANDARD BANK OF S A LTD,D_term_wholesale,269144353.0,2020-01-01
416088,NEDBANK LTD,A_operational,323407470.0,2020-01-01
416088,NEDBANK LTD,B_notice_short,49520843.0,2020-01-01
416088,NEDBANK LTD,C_savings,10388746.0,2020-01-01
416088,NEDBANK LTD,D_term_wholesale,389100480.0,2020-01-01
TOTAL,*TOTAL*,A_operational,1789551226.6439,2020-01-01
TOTAL,*TOTAL*,B_notice_short,293126885.9689,2020-01-01
TOTAL,*TOTAL*,C_savings,284445686.2255,2020-01-01
TOTAL,*TOTAL*,D_term_wholesale,1478871953.4183,2020-01-01
25054,INVESTEC BANK LTD,A_operational,128951341.0,2020-02-01
25054,INVESTEC BANK LTD,B_notice_short,24949557.0,2020-02-01
25054,INVESTEC BANK LTD,C_savings,6446939.0,2020-02-01
25054,INVESTEC BANK LTD,D_term_wholesale,161599479.0,2020-02-01
333107,CAPITEC BANK,A_operational,2217776.0,2020-02-01
333107,CAPITEC BANK,B_notice_short,1611053.0,2020-02-01
333107,CAPITEC BANK,C_savings,55160413.0,2020-02-01
333107,CAPITEC BANK,D_term_wholesale,31037113.0,2020-02-01
34118,ABSA BANK LTD,A_operational,224679898.0,2020-02-01
34118,ABSA BANK LTD,B_notice_short,68906208.0,2020-02-01
34118,ABSA BANK LTD,C_savings,154793714.0,2020-02-01
34118,ABSA BANK LTD,D_term_wholesale,335830916.0,2020-02-01
416053,FIRSTRAND BANK LIMITED,A_operational,467585627.1093,2020-02-01
416053,FIRSTRAND BANK LIMITED,B_notice_short,102742488.12900001,2020-02-01
416053,FIRSTRAND BANK LIMITED,C_savings,17073336.5864,2020-02-01
416053,FIRSTRAND BANK LIMITED,D_term_wholesale,236020521.5736,2020-02-01
416061,THE STANDARD BANK OF S A LTD,A_operational,538608644.0,2020-02-01
416061,THE STANDARD BANK OF S A LTD,B_notice_short,50221612.0,2020-02-01
416061,THE STANDARD BANK OF S A LTD,C_savings,29394725.0,2020-02-01
416061,THE STANDARD BANK OF S A LTD,D_term_wholesale,266290918.0,2020-02-01
416088,NEDBANK LTD,A_operational,329455812.0,2020-02-01
416088,NEDBANK LTD,B_notice_short,51601152.0,2020-02-01
416088,NEDBANK LTD,C_savings,10546157.0,2020-02-01
416088,NEDBANK LTD,D_term_wholesale,383692244.0,2020-02-01
TOTAL,*TOTAL*,A_operational,1811089280.9193,2020-02-01
TOTAL,*TOTAL*,B_notice_short,319636665.5096,2020-02-01
TOTAL,*TOTAL*,C_savings,285747503.2001,2020-02-01
TOTAL,*TOTAL*,D_term_wholesale,1469167738.7294,2020-02-01
25054,INVESTEC BANK LTD,A_operational,153759678.0,2020-03-01
25054,INVESTEC BANK LTD,B_notice_short,24027230.0,2020-03-01
25054,INVESTEC BANK LTD,C_savings,6612117.0,2020-03-01
25054,INVESTEC BANK LTD,D_term_wholesale,162016611.0,2020-03-01
333107,CAPITEC BANK,A_operational,2168116.0,2020-03-01
333107,CAPITEC BANK,B_notice_short,1651236.0,2020-03-01
333107,CAPITEC BANK,C_savings,55568247.0,2020-03-01
333107,CAPITEC BANK,D_term_wholesale,31872663.0,2020-03-01
34118,ABSA BANK LTD,A_operational,260544596.0,2020-03-01
34118,ABSA BANK LTD,B_notice_short,66947380.0,2020-03-01
34118,ABSA BANK LTD,C_savings,158127255.0,2020-03-01
34118,ABSA BANK LTD,D_term_wholesale,324026357.0,2020-03-01
416053,FIRSTRAND BANK LIMITED,A_operational,521063222.9811,2020-03-01
416053,FIRSTRAND BANK LIMITED,B_notice_short,104145385.2638,2020-03-01
416053,FIRSTRAND BANK LIMITED,C_savings,18459879.793300003,2020-03-01
416053,FIRSTRAND BANK LIMITED,D_term_wholesale,221890240.4965,2020-03-01
416061,THE STANDARD BANK OF S A LTD,A_operational,591747114.0,2020-03-01
416061,THE STANDARD BANK OF S A LTD,B_notice_short,39764187.0,2020-03-01
416061,THE STANDARD BANK OF S A LTD,C_savings,30586152.0,2020-03-01
416061,THE STANDARD BANK OF S A LTD,D_term_wholesale,248956711.0,2020-03-01
416088,NEDBANK LTD,A_operational,350259257.0,2020-03-01
416088,NEDBANK LTD,B_notice_short,35516644.0,2020-03-01
416088,NEDBANK LTD,C_savings,10866252.0,2020-03-01
416088,NEDBANK LTD,D_term_wholesale,364632700.0,2020-03-01
TOTAL,*TOTAL*,A_operational,2013914685.5211,2020-03-01
TOTAL,*TOTAL*,B_notice_short,286838934.5019,2020-03-01
TOTAL,*TOTAL*,C_savings,290322574.8204,2020-03-01
TOTAL,*TOTAL*,D_term_wholesale,1411821281.2667,2020-03-01
25054,INVESTEC BANK LTD,A_operational,144924515.0,2020-04-01
25054,INVESTEC BANK LTD,B_notice_short,18353644.0,2020-04-01
25054,INVESTEC BANK LTD,C_savings,6622637.0,2020-04-01
25054,INVESTEC BANK LTD,D_term_wholesale,161665479.0,2020-04-01
333107,CAPITEC BANK,A_operational,2608404.0,2020-04-01
333107,CAPITEC BANK,B_notice_short,1638124.0,2020-04-01
333107,CAPITEC BANK,C_savings,62907954.0,2020-04-01
333107,CAPITEC BANK,D_term_wholesale,32201927.0,2020-04-01
34118,ABSA BANK LTD,A_operational,250312857.0,2020-04-01
34118,ABSA BANK LTD,B_notice_short,94237566.0,2020-04-01
34118,ABSA BANK LTD,C_savings,164892882.0,2020-04-01
34118,ABSA BANK LTD,D_term_wholesale,337736751.0,2020-04-01
416053,FIRSTRAND BANK LIMITED,A_operational,502759647.6593,2020-04-01
416053,FIRSTRAND BANK LIMITED,B_notice_short,104373975.5106,2020-04-01
416053,FIRSTRAND BANK LIMITED,C_savings,20188911.3433,2020-04-01
416053,FIRSTRAND BANK LIMITED,D_term_wholesale,228652229.02650002,2020-04-01
416061,THE STANDARD BANK OF S A LTD,A_operational,609381790.0,2020-04-01
416061,THE STANDARD BANK OF S A LTD,B_notice_short,37258803.0,2020-04-01
416061,THE STANDARD BANK OF S A LTD,C_savings,32088053.0,2020-04-01
416061,THE STANDARD BANK OF S A LTD,D_term_wholesale,267861671.0,2020-04-01
416088,NEDBANK LTD,A_operational,351040110.0,2020-04-01
416088,NEDBANK LTD,B_notice_short,53469485.0,2020-04-01
416088,NEDBANK LTD,C_savings,11435952.0,2020-04-01
416088,NEDBANK LTD,D_term_wholesale,363453889.0,2020-04-01
TOTAL,*TOTAL*,A_operational,2007439619.1693,2020-04-01
TOTAL,*TOTAL*,B_notice_short,326211285.0233,2020-04-01
TOTAL,*TOTAL*,C_savings,308184351.9174,2020-04-01
TOTAL,*TOTAL*,D_term_wholesale,1449008231.0641,2020-04-01
25054,INVESTEC BANK LTD,A_operational,150007138.0,2020-05-01
25054,INVESTEC BANK LTD,B_notice_short,19227084.0,2020-05-01
25054,INVESTEC BANK LTD,C_savings,6691323.0,2020-05-01
25054,INVESTEC BANK LTD,D_term_wholesale,159813336.0,2020-05-01
333107,CAPITEC BANK,A_operational,3026775.0,2020-05-01
333107,CAPITEC BANK,B_notice_short,1826616.0,2020-05-01
333107,CAPITEC BANK,C_savings,60222587.0,2020-05-01
333107,CAPITEC BANK,D_term_wholesale,32835705.0,2020-05-01
34118,ABSA BANK LTD,A_operational,259146903.0,2020-05-01
34118,ABSA BANK LTD,B_notice_short,82241942.0,2020-05-01
34118,ABSA BANK LTD,C_savings,167229992.0,2020-05-01
34118,ABSA BANK LTD,D_term_wholesale,341481605.0,2020-05-01
416053,FIRSTRAND BANK LIMITED,A_operational,509429900.9179,2020-05-01
416053,FIRSTRAND BANK LIMITED,B_notice_short,112868849.9944,2020-05-01
416053,FIRSTRAND BANK LIMITED,C_savings,20998944.2081,2020-05-01
416053,FIRSTRAND BANK LIMITED,D_term_wholesale,222108161.1603,2020-05-01
416061,THE STANDARD BANK OF S A LTD,A_operational,618857523.0,2020-05-01
416061,THE STANDARD BANK OF S A LTD,B_notice_short,46028174.0,2020-05-01
416061,THE STANDARD BANK OF S A LTD,C_savings,32474008.0,2020-05-01
416061,THE STANDARD BANK OF S A LTD,D_term_wholesale,281482434.0,2020-05-01
416088,NEDBANK LTD,A_operational,346214816.0,2020-05-01
416088,NEDBANK LTD,B_notice_short,40761649.0,2020-05-01
416088,NEDBANK LTD,C_savings,11644568.0,2020-05-01
416088,NEDBANK LTD,D_term_wholesale,394723718.0,2020-05-01
TOTAL,*TOTAL*,A_operational,2019682399.7179,2020-05-01
TOTAL,*TOTAL*,B_notice_short,324165856.031,2020-05-01
TOTAL,*TOTAL*,C_savings,309827425.9537,2020-05-01
TOTAL,*TOTAL*,D_term_wholesale,1490516577.821,2020-05-01
25054,INVESTEC BANK LTD,A_operational,143128382.0,2020-06-01
25054,INVESTEC BANK LTD,B_notice_short,25696362.0,2020-06-01
25054,INVESTEC BANK LTD,C_savings,6698021.0,2020-06-01
25054,INVESTEC BANK LTD,D_term_wholesale,157853533.0,2020-06-01
333107,CAPITEC BANK,A_operational,2601536.0,2020-06-01
333107,CAPITEC BANK,B_notice_short,1913945.0,2020-06-01
333107,CAPITEC BANK,C_savings,60323165.0,2020-06-01
333107,CAPITEC BANK,D_term_wholesale,33066699.0,2020-06-01
34118,ABSA BANK LTD,A_operational,286491828.0,2020-06-01
34118,ABSA BANK LTD,B_notice_short,81686458.0,2020-06-01
34118,ABSA BANK LTD,C_savings,172409542.0,2020-06-01
34118,ABSA BANK LTD,D_term_wholesale,337846452.0,2020-06-01
416053,FIRSTRAND BANK LIMITED,A_operational,518139029.7695,2020-06-01
416053,FIRSTRAND BANK LIMITED,B_notice_short,105810413.2733,2020-06-01
416053,FIRSTRAND BANK LIMITED,C_savings,21026396.2671,2020-06-01
416053,FIRSTRAND BANK LIMITED,D_term_wholesale,219541505.59780002,2020-06-01
416061,THE STANDARD BANK OF S A LTD,A_operational,633554057.0,2020-06-01
416061,THE STANDARD BANK OF S A LTD,B_notice_short,42445033.0,2020-06-01
416061,THE STANDARD BANK OF S A LTD,C_savings,32616644.0,2020-06-01
416061,THE STANDARD BANK OF S A LTD,D_term_wholesale,278563301.0,2020-06-01
416088,NEDBANK LTD,A_operational,352088456.0,2020-06-01
416088,NEDBANK LTD,B_notice_short,32945910.0,2020-06-01
416088,NEDBANK LTD,C_savings,11839931.0,2020-06-01
416088,NEDBANK LTD,D_term_wholesale,407700529.0,2020-06-01
TOTAL,*TOTAL*,A_operational,2064443053.4494998,2020-06-01
TOTAL,*TOTAL*,B_notice_short,311149185.36370003,2020-06-01
TOTAL,*TOTAL*,C_savings,315527360.0308,2020-06-01
TOTAL,*TOTAL*,D_term_wholesale,1496066975.7494,2020-06-01
25054,INVESTEC BANK LTD,A_operational,151121423.0,2020-07-01
25054,INVESTEC BANK LTD,B_notice_short,24919731.0,2020-07-01
25054,INVESTEC BANK LTD,C_savings,6774080.0,2020-07-01
25054,INVESTEC BANK LTD,D_term_wholesale,157397006.0,2020-07-01
333107,CAPITEC BANK,A_operational,2597146.0,2020-07-01
333107,CAPITEC BANK,B_notice_short,1879828.0,2020-07-01
333107,CAPITEC BANK,C_savings,61931918.0,2020-07-01
333107,CAPITEC BANK,D_term_wholesale,33409446.0,2020-07-01
34118,ABSA BANK LTD,A_operational,268532210.0,2020-07-01
34118,ABSA BANK LTD,B_notice_short,85501980.0,2020-07-01
34118,ABSA BANK LTD,C_savings,174354867.0,2020-07-01
34118,ABSA BANK LTD,D_term_wholesale,342745869.0,2020-07-01
416053,FIRSTRAND BANK LIMITED,A_operational,521913369.2318,2020-07-01
416053,FIRSTRAND BANK LIMITED,B_notice_short,111926426.0083,2020-07-01
416053,FIRSTRAND BANK LIMITED,C_savings,21277712.2165,2020-07-01
416053,FIRSTRAND BANK LIMITED,D_term_wholesale,216680475.0566,2020-07-01
416061,THE STANDARD BANK OF S A LTD,A_operational,622703072.0,2020-07-01
416061,THE STANDARD BANK OF S A LTD,B_notice_short,43111749.0,2020-07-01
416061,THE STANDARD BANK OF S A LTD,C_savings,33529054.0,2020-07-01
416061,THE STANDARD BANK OF S A LTD,D_term_wholesale,279745789.0,2020-07-01
416088,NEDBANK LTD,A_operational,353859255.0,2020-07-01
416088,NEDBANK LTD,B_notice_short,38985153.0,2020-07-01
416088,NEDBANK LTD,C_savings,12090683.0,2020-07-01
416088,NEDBANK LTD,D_term_wholesale,424233594.0,2020-07-01
TOTAL,*TOTAL*,A_operational,2038704775.4817998,2020-07-01
TOTAL,*TOTAL*,B_notice_short,330446035.92149997,2020-07-01
TOTAL,*TOTAL*,C_savings,321238612.1587,2020-07-01
TOTAL,*TOTAL*,D_term_wholesale,1517386936.0084,2020-07-01
25054,INVESTEC BANK LTD,A_operational,152747920.0,2020-08-01
25054,INVESTEC BANK LTD,B_notice_short,19687875.0,2020-08-01
25054,INVESTEC BANK LTD,C_savings,6636312.0,2020-08-01
25054,INVESTEC BANK LTD,D_term_wholesale,162115137.0,2020-08-01
333107,CAPITEC BANK,A_operational,2598614.0,2020-08-01
333107,CAPITEC BANK,B_notice_short,1956690.0,2020-08-01
333107,CAPITEC BANK,C_savings,62191846.0,2020-08-01
333107,CAPITEC BANK,D_term_wholesale,33680126.0,2020-08-01
34118,ABSA BANK LTD,A_operational,283417088.0,2020-08-01
34118,ABSA BANK LTD,B_notice_short,80943679.0,2020-08-01
34118,ABSA BANK LTD,C_savings,175100217.0,2020-08-01
34118,ABSA BANK LTD,D_term_wholesale,335822473.0,2020-08-01
416053,FIRSTRAND BANK LIMITED,A_operational,544526819.3342,2020-08-01
416053,FIRSTRAND BANK LIMITED,B_notice_short,107628300.6344,2020-08-01
416053,FIRSTRAND BANK LIMITED,C_savings,21881759.1655,2020-08-01
416053,FIRSTRAND BANK LIMITED,D_term_wholesale,213367315.3361,2020-08-01
416061,THE STANDARD BANK OF S A LTD,A_operational,657577512.0,2020-08-01
416061,THE STANDARD BANK OF S A LTD,B_notice_short,47510901.0,2020-08-01
416061,THE STANDARD BANK OF S A LTD,C_savings,33792921.0,2020-08-01
416061,THE STANDARD BANK OF S A LTD,D_term_wholesale,257142251.0,2020-08-01
416088,NEDBANK LTD,A_operational,358030814.0,2020-08-01
416088,NEDBANK LTD,B_notice_short,58863086.0,2020-08-01
416088,NEDBANK LTD,C_savings,12282038.0,2020-08-01
416088,NEDBANK LTD,D_term_wholesale,395430769.0,2020-08-01
TOTAL,*TOTAL*,A_operational,2127372245.4742,2020-08-01
TOTAL,*TOTAL*,B_notice_short,340813237.2457,2020-08-01
TOTAL,*TOTAL*,C_savings,323067875.2666,2020-08-01
TOTAL,*TOTAL*,D_term_wholesale,1459434490.4099,2020-08-01
25054,INVESTEC BANK LTD,A_operational,147661719.0,2020-09-01
25054,INVESTEC BANK LTD,B_notice_short,21393107.0,2020-09-01
25054,INVESTEC BANK LTD,C_savings,6257776.0,2020-09-01
25054,INVESTEC BANK LTD,D_term_wholesale,163235455.0,2020-09-01
333107,CAPITEC BANK,A_operational,2662285.0,2020-09-01
333107,CAPITEC BANK,B_notice_short,1769897.0,2020-09-01
333107,CAPITEC BANK,C_savings,63920382.0,2020-09-01
333107,CAPITEC BANK,D_term_wholesale,34085527.0,2020-09-01
34118,ABSA BANK LTD,A_operational,293679232.0,2020-09-01
34118,ABSA BANK LTD,B_notice_short,75795821.0,2020-09-01
34118,ABSA BANK LTD,C_savings,177013054.0,2020-09-01
34118,ABSA BANK LTD,D_term_wholesale,333468347.0,2020-09-01
416053,FIRSTRAND BANK LIMITED,A_operational,558809764.3899,2020-09-01
416053,FIRSTRAND BANK LIMITED,B_notice_short,117354079.71540001,2020-09-01
416053,FIRSTRAND BANK LIMITED,C_savings,22172447.8458,2020-09-01
416053,FIRSTRAND BANK LIMITED,D_term_wholesale,206710305.5547,2020-09-01
416061,THE STANDARD BANK OF S A LTD,A_operational,647410263.0,2020-09-01
416061,THE STANDARD BANK OF S A LTD,B_notice_short,39330862.0,2020-09-01
416061,THE STANDARD BANK OF S A LTD,C_savings,34104024.0,2020-09-01
416061,THE STANDARD BANK OF S A LTD,D_term_wholesale,243844504.0,2020-09-01
416088,NEDBANK LTD,A_operational,369119914.0,2020-09-01
416088,NEDBANK LTD,B_notice_short,38940284.0,2020-09-01
416088,NEDBANK LTD,C_savings,12603444.0,2020-09-01
416088,NEDBANK LTD,D_term_wholesale,400423492.0,2020-09-01
TOTAL,*TOTAL*,A_operational,2142611153.1399,2020-09-01
TOTAL,*TOTAL*,B_notice_short,320255155.2367,2020-09-01
TOTAL,*TOTAL*,C_savings,327070331.50949997,2020-09-01
TOTAL,*TOTAL*,D_term_wholesale,1441643913.8573,2020-09-01
25054,INVESTEC BANK LTD,A_operational,151994623.0,2020-10-01
25054,INVESTEC BANK LTD,B_notice_short,18017999.0,2020-10-01
25054,INVESTEC BANK LTD,C_savings,6312095.0,2020-10-01
25054,INVESTEC BANK LTD,D_term_wholesale,166678562.0,2020-10-01
333107,CAPITEC BANK,A_operational,3376046.0,2020-10-01
333107,CAPITEC BANK,B_notice_short,2583638.0,2020-10-01
333107,CAPITEC BANK,C_savings,65158051.0,2020-10-01
333107,CAPITEC BANK,D_term_wholesale,33684812.0,2020-10-01
34118,ABSA BANK LTD,A_operational,308304391.0,2020-10-01
34118,ABSA BANK LTD,B_notice_short,73856846.0,2020-10-01
34118,ABSA BANK LTD,C_savings,179221126.0,2020-10-01
34118,ABSA BANK LTD,D_term_wholesale,325746848.0,2020-10-01
416053,FIRSTRAND BANK LIMITED,A_operational,567335591.9742,2020-10-01
416053,FIRSTRAND BANK LIMITED,B_notice_short,117734908.20449999,2020-10-01
416053,FIRSTRAND BANK LIMITED,C_savings,22748380.757199995,2020-10-01
416053,FIRSTRAND BANK LIMITED,D_term_wholesale,195026180.8516,2020-10-01
416061,THE STANDARD BANK OF S A LTD,A_operational,667942143.0,2020-10-01
416061,THE STANDARD BANK OF S A LTD,B_notice_short,50170616.0,2020-10-01
416061,THE STANDARD BANK OF S A LTD,C_savings,34173854.0,2020-10-01
416061,THE STANDARD BANK OF S A LTD,D_term_wholesale,237837655.0,2020-10-01
416088,NEDBANK LTD,A_operational,386173775.0,2020-10-01
416088,NEDBANK LTD,B_notice_short,51573437.0,2020-10-01
416088,NEDBANK LTD,C_savings,12907283.0,2020-10-01
416088,NEDBANK LTD,D_term_wholesale,379619007.0,2020-10-01
TOTAL,*TOTAL*,A_operational,2221953213.8542,2020-10-01
TOTAL,*TOTAL*,B_notice_short,333191823.9362,2020-10-01
TOTAL,*TOTAL*,C_savings,331632758.3053,2020-10-01
TOTAL,*TOTAL*,D_term_wholesale,1404576577.2168999,2020-10-01
25054,INVESTEC BANK LTD,A_operational,154208346.0,2020-11-01
25054,INVESTEC BANK LTD,B_notice_short,12844680.0,2020-11-01
25054,INVESTEC BANK LTD,C_savings,6167215.0,2020-11-01
25054,INVESTEC BANK LTD,D_term_wholesale,165344990.0,2020-11-01
333107,CAPITEC BANK,A_operational,3373100.0,2020-11-01
333107,CAPITEC BANK,B_notice_short,3273143.0,2020-11-01
333107,CAPITEC BANK,C_savings,66887386.0,2020-11-01
333107,CAPITEC BANK,D_term_wholesale,32492408.0,2020-11-01
34118,ABSA BANK LTD,A_operational,320367519.0,2020-11-01
34118,ABSA BANK LTD,B_notice_short,52676699.0,2020-11-01
34118,ABSA BANK LTD,C_savings,179637076.0,2020-11-01
34118,ABSA BANK LTD,D_term_wholesale,322071825.0,2020-11-01
416053,FIRSTRAND BANK LIMITED,A_operational,572289612.9057,2020-11-01
416053,FIRSTRAND BANK LIMITED,B_notice_short,112329655.3611,2020-11-01
416053,FIRSTRAND BANK LIMITED,C_savings,22675008.7152,2020-11-01
416053,FIRSTRAND BANK LIMITED,D_term_wholesale,197248101.113,2020-11-01
416061,THE STANDARD BANK OF S A LTD,A_operational,690813784.0,2020-11-01
416061,THE STANDARD BANK OF S A LTD,B_notice_short,45404888.0,2020-11-01
416061,THE STANDARD BANK OF S A LTD,C_savings,34111793.0,2020-11-01
416061,THE STANDARD BANK OF S A LTD,D_term_wholesale,219938186.0,2020-11-01
416088,NEDBANK LTD,A_operational,408043667.0,2020-11-01
416088,NEDBANK LTD,B_notice_short,34356261.0,2020-11-01
416088,NEDBANK LTD,C_savings,12940049.0,2020-11-01
416088,NEDBANK LTD,D_term_wholesale,378228685.0,2020-11-01
TOTAL,*TOTAL*,A_operational,2294115202.7857003,2020-11-01
TOTAL,*TOTAL*,B_notice_short,284079192.8762,2020-11-01
TOTAL,*TOTAL*,C_savings,333402027.5334,2020-11-01
TOTAL,*TOTAL*,D_term_wholesale,1377335722.9888,2020-11-01
25054,INVESTEC BANK LTD,A_operational,146635938.0,2020-12-01
25054,INVESTEC BANK LTD,B_notice_short,24365940.0,2020-12-01
25054,INVESTEC BANK LTD,C_savings,6292160.0,2020-12-01
25054,INVESTEC BANK LTD,D_term_wholesale,161971738.0,2020-12-01
333107,CAPITEC BANK,A_operational,5199955.0,2020-12-01
333107,CAPITEC BANK,B_notice_short,4904007.0,2020-12-01
333107,CAPITEC BANK,C_savings,66887079.0,2020-12-01
333107,CAPITEC BANK,D_term_wholesale,36662984.0,2020-12-01
34118,ABSA BANK LTD,A_operational,320669490.0,2020-12-01
34118,ABSA BANK LTD,B_notice_short,60462294.0,2020-12-01
34118,ABSA BANK LTD,C_savings,182784308.0,2020-12-01
34118,ABSA BANK LTD,D_term_wholesale,319365128.0,2020-12-01
416053,FIRSTRAND BANK LIMITED,A_operational,591994295.3315,2020-12-01
416053,FIRSTRAND BANK LIMITED,B_notice_short,116327644.34560001,2020-12-01
416053,FIRSTRAND BANK LIMITED,C_savings,24238720.1831,2020-12-01
416053,FIRSTRAND BANK LIMITED,D_term_wholesale,193357207.1876,2020-12-01
416061,THE STANDARD BANK OF S A LTD,A_operational,700111033.0,2020-12-01
416061,THE STANDARD BANK OF S A LTD,B_notice_short,35913789.0,2020-12-01
416061,THE STANDARD BANK OF S A LTD,C_savings,34204917.0,2020-12-01
416061,THE STANDARD BANK OF S A LTD,D_term_wholesale,226062121.0,2020-12-01
416088,NEDBANK LTD,A_operational,394378190.0,2020-12-01
416088,NEDBANK LTD,B_notice_short,43113519.0,2020-12-01
416088,NEDBANK LTD,C_savings,12216449.0,2020-12-01
416088,NEDBANK LTD,D_term_wholesale,384832726.0,2020-12-01
TOTAL,*TOTAL*,A_operational,2294008550.2915,2020-12-01
TOTAL,*TOTAL*,B_notice_short,307081720.6176,2020-12-01
TOTAL,*TOTAL*,C_savings,337978250.1398,2020-12-01
TOTAL,*TOTAL*,D_term_wholesale,1377533638.3332,2020-12-01
25054,INVESTEC BANK LTD,A_operational,146758888.0,2021-01-01
25054,INVESTEC BANK LTD,B_notice_short,25665126.0,2021-01-01
25054,INVESTEC BANK LTD,C_savings,6297501.0,2021-01-01
25054,INVESTEC BANK LTD,D_term_wholesale,167812161.0,2021-01-01
333107,CAPITEC BANK,A_operational,5452301.0,2021-01-01
333107,CAPITEC BANK,B_notice_short,4475822.0,2021-01-01
333107,CAPITEC BANK,C_savings,67507893.0,2021-01-01
333107,CAPITEC BANK,D_term_wholesale,37235347.0,2021-01-01
34118,ABSA BANK LTD,A_operational,329691543.0,2021-01-01
34118,ABSA BANK LTD,B_notice_short,52857793.0,2021-01-01
34118,ABSA BANK LTD,C_savings,182028894.0,2021-01-01
34118,ABSA BANK LTD,D_term_wholesale,307021212.0,2021-01-01
416053,FIRSTRAND BANK LIMITED,A_operational,587056857.1497,2021-01-01
416053,FIRSTRAND BANK LIMITED,B_notice_short,119492181.0271,2021-01-01
416053,FIRSTRAND BANK LIMITED,C_savings,24004927.2267,2021-01-01
416053,FIRSTRAND BANK LIMITED,D_term_wholesale,190956297.4998,2021-01-01
416061,THE STANDARD BANK OF S A LTD,A_operational,705356010.0,2021-01-01
416061,THE STANDARD BANK OF S A LTD,B_notice_short,51962453.0,2021-01-01
416061,THE STANDARD BANK OF S A LTD,C_savings,33833960.0,2021-01-01
416061,THE STANDARD BANK OF S A LTD,D_term_wholesale,219039182.0,2021-01-01
416088,NEDBANK LTD,A_operational,393075936.0,2021-01-01
416088,NEDBANK LTD,B_notice_short,38162060.0,2021-01-01
416088,NEDBANK LTD,C_savings,11994629.0,2021-01-01
416088,NEDBANK LTD,D_term_wholesale,387323570.0,2021-01-01
TOTAL,*TOTAL*,A_operational,2306331345.5397,2021-01-01
TOTAL,*TOTAL*,B_notice_short,312235771.6807,2021-01-01
TOTAL,*TOTAL*,C_savings,336436796.6275,2021-01-01
TOTAL,*TOTAL*,D_term_wholesale,1367475701.6227999,2021-01-01
25054,INVESTEC BANK LTD,A_operational,153040504.0,2021-02-01
25054,INVESTEC BANK LTD,B_notice_short,23015941.0,2021-02-01
25054,INVESTEC BANK LTD,C_savings,6408395.0,2021-02-01
25054,INVESTEC BANK LTD,D_term_wholesale,162927888.0,2021-02-01
333107,CAPITEC BANK,A_operational,5209011.0,2021-02-01
333107,CAPITEC BANK,B_notice_short,4257248.0,2021-02-01
333107,CAPITEC BANK,C_savings,70094024.0,2021-02-01
333107,CAPITEC BANK,D_term_wholesale,38056619.0,2021-02-01
34118,ABSA BANK LTD,A_operational,338080345.0,2021-02-01
34118,ABSA BANK LTD,B_notice_short,66571686.0,2021-02-01
34118,ABSA BANK LTD,C_savings,177080493.0,2021-02-01
34118,ABSA BANK LTD,D_term_wholesale,302695267.0,2021-02-01
416053,FIRSTRAND BANK LIMITED,A_operational,587082097.7629,2021-02-01
416053,FIRSTRAND BANK LIMITED,B_notice_short,118967758.5916,2021-02-01
416053,FIRSTRAND BANK LIMITED,C_savings,23755957.0687,2021-02-01
416053,FIRSTRAND BANK LIMITED,D_term_wholesale,185080061.9312,2021-02-01
416061,THE STANDARD BANK OF S A LTD,A_operational,701158691.0,2021-02-01
416061,THE STANDARD BANK OF S A LTD,B_notice_short,47809519.0,2021-02-01
416061,THE STANDARD BANK OF S A LTD,C_savings,33185966.0,2021-02-01
416061,THE STANDARD BANK OF S A LTD,D_term_wholesale,205398179.0,2021-02-01
416088,NEDBANK LTD,A_operational,397545178.0,2021-02-01
416088,NEDBANK LTD,B_notice_short,40858993.0,2021-02-01
416088,NEDBANK LTD,C_savings,12158685.0,2021-02-01
416088,NEDBANK LTD,D_term_wholesale,377864320.0,2021-02-01
TOTAL,*TOTAL*,A_operational,2324350382.9529,2021-02-01
TOTAL,*TOTAL*,B_notice_short,320113768.7021,2021-02-01
TOTAL,*TOTAL*,C_savings,333758268.4311,2021-02-01
TOTAL,*TOTAL*,D_term_wholesale,1324644975.1553,2021-02-01
25054,INVESTEC BANK LTD,A_operational,156052501.0,2021-03-01
25054,INVESTEC BANK LTD,B_notice_short,19177036.0,2021-03-01
25054,INVESTEC BANK LTD,C_savings,6236389.0,2021-03-01
25054,INVESTEC BANK LTD,D_term_wholesale,163035761.0,2021-03-01
333107,CAPITEC BANK,A_operational,5161159.0,2021-03-01
333107,CAPITEC BANK,B_notice_short,3914694.0,2021-03-01
333107,CAPITEC BANK,C_savings,69407869.0,2021-03-01
333107,CAPITEC BANK,D_term_wholesale,39415660.0,2021-03-01
34118,ABSA BANK LTD,A_operational,368547479.0,2021-03-01
34118,ABSA BANK LTD,B_notice_short,39787527.0,2021-03-01
34118,ABSA BANK LTD,C_savings,177263205.0,2021-03-01
34118,ABSA BANK LTD,D_term_wholesale,308531128.0,2021-03-01
416053,FIRSTRAND BANK LIMITED,A_operational,600167635.0048,2021-03-01
416053,FIRSTRAND BANK LIMITED,B_notice_short,117878845.6653,2021-03-01
416053,FIRSTRAND BANK LIMITED,C_savings,24163895.6676,2021-03-01
416053,FIRSTRAND BANK LIMITED,D_term_wholesale,183218222.2726,2021-03-01
416061,THE STANDARD BANK OF S A LTD,A_operational,706336334.0,2021-03-01
416061,THE STANDARD BANK OF S A LTD,B_notice_short,36070990.0,2021-03-01
416061,THE STANDARD BANK OF S A LTD,C_savings,33951181.0,2021-03-01
416061,THE STANDARD BANK OF S A LTD,D_term_wholesale,200538091.0,2021-03-01
416088,NEDBANK LTD,A_operational,388397326.0,2021-03-01
416088,NEDBANK LTD,B_notice_short,36766814.0,2021-03-01
416088,NEDBANK LTD,C_savings,12416244.0,2021-03-01
416088,NEDBANK LTD,D_term_wholesale,374369322.0,2021-03-01
TOTAL,*TOTAL*,A_operational,2362357617.0448003,2021-03-01
TOTAL,*TOTAL*,B_notice_short,268631522.7429,2021-03-01
TOTAL,*TOTAL*,C_savings,335127889.23149997,2021-03-01
TOTAL,*TOTAL*,D_term_wholesale,1325554337.1798,2021-03-01
25054,INVESTEC BANK LTD,A_operational,160184179.0,2021-04-01
25054,INVESTEC BANK LTD,B_notice_short,31258918.0,2021-04-01
25054,INVESTEC BANK LTD,C_savings,7336680.0,2021-04-01
25054,INVESTEC BANK LTD,D_term_wholesale,158598237.0,2021-04-01
333107,CAPITEC BANK,A_operational,6811290.0,2021-04-01
333107,CAPITEC BANK,B_notice_short,3818285.0,2021-04-01
333107,CAPITEC BANK,C_savings,70949031.0,2021-04-01
333107,CAPITEC BANK,D_term_wholesale,40233643.0,2021-04-01
34118,ABSA BANK LTD,A_operational,328256894.0,2021-04-01
34118,ABSA BANK LTD,B_notice_short,81188267.0,2021-04-01
34118,ABSA BANK LTD,C_savings,189287813.0,2021-04-01
34118,ABSA BANK LTD,D_term_wholesale,311765447.0,2021-04-01
416053,FIRSTRAND BANK LIMITED,A_operational,568622291.8443999,2021-04-01
416053,FIRSTRAND BANK LIMITED,B_notice_short,123166730.9174,2021-04-01
416053,FIRSTRAND BANK LIMITED,C_savings,24824553.4625,2021-04-01
416053,FIRSTRAND BANK LIMITED,D_term_wholesale,182300671.8169,2021-04-01
416061,THE STANDARD BANK OF S A LTD,A_operational,675715006.0,2021-04-01
416061,THE STANDARD BANK OF S A LTD,B_notice_short,46234215.0,2021-04-01
416061,THE STANDARD BANK OF S A LTD,C_savings,34947570.0,2021-04-01
416061,THE STANDARD BANK OF S A LTD,D_term_wholesale,208477147.0,2021-04-01
416088,NEDBANK LTD,A_operational,381173755.0,2021-04-01
416088,NEDBANK LTD,B_notice_short,47125708.0,2021-04-01
416088,NEDBANK LTD,C_savings,12601892.0,2021-04-01
416088,NEDBANK LTD,D_term_wholesale,375146660.0,2021-04-01
TOTAL,*TOTAL*,A_operational,2267125271.4344,2021-04-01
TOTAL,*TOTAL*,B_notice_short,353824782.5621,2021-04-01
TOTAL,*TOTAL*,C_savings,351770963.2792,2021-04-01
TOTAL,*TOTAL*,D_term_wholesale,1332247025.0705001,2021-04-01
25054,INVESTEC BANK LTD,A_operational,164356639.0,2021-05-01
25054,INVESTEC BANK LTD,B_notice_short,26386984.0,2021-05-01
25054,INVESTEC BANK LTD,C_savings,6438930.0,2021-05-01
25054,INVESTEC BANK LTD,D_term_wholesale,163697029.0,2021-05-01
333107,CAPITEC BANK,A_operational,5054504.0,2021-05-01
333107,CAPITEC BANK,B_notice_short,4179386.0,2021-05-01
333107,CAPITEC BANK,C_savings,69595958.0,2021-05-01
333107,CAPITEC BANK,D_term_wholesale,41008008.0,2021-05-01
34118,ABSA BANK LTD,A_operational,366582451.0,2021-05-01
34118,ABSA BANK LTD,B_notice_short,51595573.0,2021-05-01
34118,ABSA BANK LTD,C_savings,199125938.0,2021-05-01
34118,ABSA BANK LTD,D_term_wholesale,306219243.0,2021-05-01
416053,FIRSTRAND BANK LIMITED,A_operational,568688666.3252,2021-05-01
416053,FIRSTRAND BANK LIMITED,B_notice_short,120081611.621,2021-05-01
416053,FIRSTRAND BANK LIMITED,C_savings,25087678.053200003,2021-05-01
416053,FIRSTRAND BANK LIMITED,D_term_wholesale,198020275.5923,2021-05-01
416061,THE STANDARD BANK OF S A LTD,A_operational,676269791.0,2021-05-01
416061,THE STANDARD BANK OF S A LTD,B_notice_short,39295895.0,2021-05-01
416061,THE STANDARD BANK OF S A LTD,C_savings,34967629.0,2021-05-01
416061,THE STANDARD BANK OF S A LTD,D_term_wholesale,217554766.0,2021-05-01
416088,NEDBANK LTD,A_operational,388037433.0,2021-05-01
416088,NEDBANK LTD,B_notice_short,42026069.0,2021-05-01
416088,NEDBANK LTD,C_savings,12731132.0,2021-05-01
416088,NEDBANK LTD,D_term_wholesale,379739860.0,2021-05-01
TOTAL,*TOTAL*,A_operational,2327213063.0952,2021-05-01
TOTAL,*TOTAL*,B_notice_short,305474367.6255,2021-05-01
TOTAL,*TOTAL*,C_savings,362010480.198,2021-05-01
TOTAL,*TOTAL*,D_term_wholesale,1356989131.1487,2021-05-01
25054,INVESTEC BANK LTD,A_operational,160878555.0,2021-06-01
25054,INVESTEC BANK LTD,B_notice_short,17832607.0,2021-06-01
25054,INVESTEC BANK LTD,C_savings,6384539.0,2021-06-01
25054,INVESTEC BANK LTD,D_term_wholesale,171548117.0,2021-06-01
333107,CAPITEC BANK,A_operational,5049548.0,2021-06-01
333107,CAPITEC BANK,B_notice_short,4127671.0,2021-06-01
333107,CAPITEC BANK,C_savings,71372948.0,2021-06-01
333107,CAPITEC BANK,D_term_wholesale,41408580.0,2021-06-01
34118,ABSA BANK LTD,A_operational,369534963.0,2021-06-01
34118,ABSA BANK LTD,B_notice_short,44130698.0,2021-06-01
34118,ABSA BANK LTD,C_savings,200432922.0,2021-06-01
34118,ABSA BANK LTD,D_term_wholesale,308952630.0,2021-06-01
416053,FIRSTRAND BANK LIMITED,A_operational,592996928.9931,2021-06-01
416053,FIRSTRAND BANK LIMITED,B_notice_short,116232437.6019,2021-06-01
416053,FIRSTRAND BANK LIMITED,C_savings,25635780.9651,2021-06-01
416053,FIRSTRAND BANK LIMITED,D_term_wholesale,198962520.74609998,2021-06-01
416061,THE STANDARD BANK OF S A LTD,A_operational,695517075.0,2021-06-01
416061,THE STANDARD BANK OF S A LTD,B_notice_short,33742624.0,2021-06-01
416061,THE STANDARD BANK OF S A LTD,C_savings,34768785.0,2021-06-01
416061,THE STANDARD BANK OF S A LTD,D_term_wholesale,218996520.0,2021-06-01
416088,NEDBANK LTD,A_operational,393355302.0,2021-06-01
416088,NEDBANK LTD,B_notice_short,44488779.0,2021-06-01
416088,NEDBANK LTD,C_savings,12935041.0,2021-06-01
416088,NEDBANK LTD,D_term_wholesale,361121330.0,2021-06-01
TOTAL,*TOTAL*,A_operational,2359310743.4531,2021-06-01
TOTAL,*TOTAL*,B_notice_short,280584962.4424,2021-06-01
TOTAL,*TOTAL*,C_savings,364116902.5832,2021-06-01
TOTAL,*TOTAL*,D_term_wholesale,1357042373.0184,2021-06-01
25054,INVESTEC BANK LTD,A_operational,160245616.0,2021-07-01
25054,INVESTEC BANK LTD,B_notice_short,18894236.0,2021-07-01
25054,INVESTEC BANK LTD,C_savings,6596089.0,2021-07-01
25054,INVESTEC BANK LTD,D_term_wholesale,175242350.0,2021-07-01
333107,CAPITEC BANK,A_operational,5380733.0,2021-07-01
333107,CAPITEC BANK,B_notice_short,4230910.0,2021-07-01
333107,CAPITEC BANK,C_savings,73193622.0,2021-07-01
333107,CAPITEC BANK,D_term_wholesale,42024148.0,2021-07-01
34118,ABSA BANK LTD,A_operational,333463880.0,2021-07-01
34118,ABSA BANK LTD,B_notice_short,63517550.0,2021-07-01
34118,ABSA BANK LTD,C_savings,217922915.0,2021-07-01
34118,ABSA BANK LTD,D_term_wholesale,315394836.0,2021-07-01
416053,FIRSTRAND BANK LIMITED,A_operational,580418246.6762,2021-07-01
416053,FIRSTRAND BANK LIMITED,B_notice_short,125830731.6609,2021-07-01
416053,FIRSTRAND BANK LIMITED,C_savings,26987659.4041,2021-07-01
416053,FIRSTRAND BANK LIMITED,D_term_wholesale,199946080.0478,2021-07-01
416061,THE STANDARD BANK OF S A LTD,A_operational,665790886.0,2021-07-01
416061,THE STANDARD BANK OF S A LTD,B_notice_short,51964627.0,2021-07-01
416061,THE STANDARD BANK OF S A LTD,C_savings,35038080.0,2021-07-01
416061,THE STANDARD BANK OF S A LTD,D_term_wholesale,230528254.0,2021-07-01
416088,NEDBANK LTD,A_operational,378703858.0,2021-07-01
416088,NEDBANK LTD,B_notice_short,44074715.0,2021-07-01
416088,NEDBANK LTD,C_savings,13257498.0,2021-07-01
416088,NEDBANK LTD,D_term_wholesale,368263018.0,2021-07-01
TOTAL,*TOTAL*,A_operational,2275840870.1662,2021-07-01
TOTAL,*TOTAL*,B_notice_short,327095870.4011,2021-07-01
TOTAL,*TOTAL*,C_savings,385662987.77889997,2021-07-01
TOTAL,*TOTAL*,D_term_wholesale,1389497896.9984,2021-07-01
25054,INVESTEC BANK LTD,A_operational,170286625.0,2021-08-01
25054,INVESTEC BANK LTD,B_notice_short,18556948.0,2021-08-01
25054,INVESTEC BANK LTD,C_savings,6678759.0,2021-08-01
25054,INVESTEC BANK LTD,D_term_wholesale,170000898.0,2021-08-01
333107,CAPITEC BANK,A_operational,5391578.0,2021-08-01
333107,CAPITEC BANK,B_notice_short,4446962.0,2021-08-01
333107,CAPITEC BANK,C_savings,74088777.0,2021-08-01
333107,CAPITEC BANK,D_term_wholesale,42508329.0,2021-08-01
34118,ABSA BANK LTD,A_operational,340483033.0,2021-08-01
34118,ABSA BANK LTD,B_notice_short,48756273.0,2021-08-01
34118,ABSA BANK LTD,C_savings,217724070.0,2021-08-01
34118,ABSA BANK LTD,D_term_wholesale,313805135.0,2021-08-01
416053,FIRSTRAND BANK LIMITED,A_operational,590611953.5842,2021-08-01
416053,FIRSTRAND BANK LIMITED,B_notice_short,125683604.3145,2021-08-01
416053,FIRSTRAND BANK LIMITED,C_savings,27494649.437000003,2021-08-01
416053,FIRSTRAND BANK LIMITED,D_term_wholesale,207236589.6042,2021-08-01
416061,THE STANDARD BANK OF S A LTD,A_operational,690334203.0,2021-08-01
416061,THE STANDARD BANK OF S A LTD,B_notice_short,48145834.0,2021-08-01
416061,THE STANDARD BANK OF S A LTD,C_savings,35367718.0,2021-08-01
416061,THE STANDARD BANK OF S A LTD,D_term_wholesale,227934727.0,2021-08-01
416088,NEDBANK LTD,A_operational,390087195.0,2021-08-01
416088,NEDBANK LTD,B_notice_short,44320161.0,2021-08-01
416088,NEDBANK LTD,C_savings,13403626.0,2021-08-01
416088,NEDBANK LTD,D_term_wholesale,371078816.0,2021-08-01
TOTAL,*TOTAL*,A_operational,2352943222.7841997,2021-08-01
TOTAL,*TOTAL*,B_notice_short,309202854.517,2021-08-01
TOTAL,*TOTAL*,C_savings,387564421.17939997,2021-08-01
TOTAL,*TOTAL*,D_term_wholesale,1393449532.063,2021-08-01
25054,INVESTEC BANK LTD,A_operational,162493967.0,2021-09-01
25054,INVESTEC BANK LTD,B_notice_short,15140694.0,2021-09-01
25054,INVESTEC BANK LTD,C_savings,6782388.0,2021-09-01
25054,INVESTEC BANK LTD,D_term_wholesale,172034381.0,2021-09-01
333107,CAPITEC BANK,A_operational,6615731.0,2021-09-01
333107,CAPITEC BANK,B_notice_short,6941121.0,2021-09-01
333107,CAPITEC BANK,C_savings,77318316.0,2021-09-01
333107,CAPITEC BANK,D_term_wholesale,40073692.0,2021-09-01
34118,ABSA BANK LTD,A_operational,341713056.0,2021-09-01
34118,ABSA BANK LTD,B_notice_short,49793537.0,2021-09-01
34118,ABSA BANK LTD,C_savings,217828114.0,2021-09-01
34118,ABSA BANK LTD,D_term_wholesale,306827703.0,2021-09-01
416053,FIRSTRAND BANK LIMITED,A_operational,594705866.5121,2021-09-01
416053,FIRSTRAND BANK LIMITED,B_notice_short,126842780.4311,2021-09-01
416053,FIRSTRAND BANK LIMITED,C_savings,28158823.6482,2021-09-01
416053,FIRSTRAND BANK LIMITED,D_term_wholesale,204469518.6142,2021-09-01
416061,THE STANDARD BANK OF S A LTD,A_operational,693975506.0,2021-09-01
416061,THE STANDARD BANK OF S A LTD,B_notice_short,52556794.0,2021-09-01
416061,THE STANDARD BANK OF S A LTD,C_savings,35379019.0,2021-09-01
416061,THE STANDARD BANK OF S A LTD,D_term_wholesale,228030908.0,2021-09-01
416088,NEDBANK LTD,A_operational,391036835.0,2021-09-01
416088,NEDBANK LTD,B_notice_short,33917728.0,2021-09-01
416088,NEDBANK LTD,C_savings,13670814.0,2021-09-01
416088,NEDBANK LTD,D_term_wholesale,369565721.0,2021-09-01
TOTAL,*TOTAL*,A_operational,2351789324.6921,2021-09-01
TOTAL,*TOTAL*,B_notice_short,304100495.9444,2021-09-01
TOTAL,*TOTAL*,C_savings,392391915.66400003,2021-09-01
TOTAL,*TOTAL*,D_term_wholesale,1383661660.4653,2021-09-01
25054,INVESTEC BANK LTD,A_operational,160532669.0,2021-10-01
25054,INVESTEC BANK LTD,B_notice_short,19814203.0,2021-10-01
25054,INVESTEC BANK LTD,C_savings,6782388.0,2021-10-01
25054,INVESTEC BANK LTD,D_term_wholesale,171980014.0,2021-10-01
333107,CAPITEC BANK,A_operational,6871731.0,2021-10-01
333107,CAPITEC BANK,B_notice_short,4864999.0,2021-10-01
333107,CAPITEC BANK,C_savings,76269313.0,2021-10-01
333107,CAPITEC BANK,D_term_wholesale,42673169.0,2021-10-01
34118,ABSA BANK LTD,A_operational,349891139.0,2021-10-01
34118,ABSA BANK LTD,B_notice_short,51875520.0,2021-10-01
34118,ABSA BANK LTD,C_savings,218804751.0,2021-10-01
34118,ABSA BANK LTD,D_term_wholesale,312919913.0,2021-10-01
416053,FIRSTRAND BANK LIMITED,A_operational,589463504.4892,2021-10-01
416053,FIRSTRAND BANK LIMITED,B_notice_short,135054313.018,2021-10-01
416053,FIRSTRAND BANK LIMITED,C_savings,28863924.0557,2021-10-01
416053,FIRSTRAND BANK LIMITED,D_term_wholesale,199680403.11609998,2021-10-01
416061,THE STANDARD BANK OF S A LTD,A_operational,686655204.0,2021-10-01
416061,THE STANDARD BANK OF S A LTD,B_notice_short,54102122.0,2021-10-01
416061,THE STANDARD BANK OF S A LTD,C_savings,35520842.0,2021-10-01
416061,THE STANDARD BANK OF S A LTD,D_term_wholesale,235356028.0,2021-10-01
416088,NEDBANK LTD,A_operational,388929088.0,2021-10-01
416088,NEDBANK LTD,B_notice_short,44353024.0,2021-10-01
416088,NEDBANK LTD,C_savings,13969821.0,2021-10-01
416088,NEDBANK LTD,D_term_wholesale,368971871.0,2021-10-01
TOTAL,*TOTAL*,A_operational,2334796353.6292,2021-10-01
TOTAL,*TOTAL*,B_notice_short,330411793.1106,2021-10-01
TOTAL,*TOTAL*,C_savings,392191624.8256,2021-10-01
TOTAL,*TOTAL*,D_term_wholesale,1393166438.6405,2021-10-01
25054,INVESTEC BANK LTD,A_operational,163041159.0,2021-11-01
25054,INVESTEC BANK LTD,B_notice_short,18504954.0,2021-11-01
25054,INVESTEC BANK LTD,C_savings,7042550.0,2021-11-01
25054,INVESTEC BANK LTD,D_term_wholesale,173858791.0,2021-11-01
333107,CAPITEC BANK,A_operational,6045417.0,2021-11-01
333107,CAPITEC BANK,B_notice_short,5827176.0,2021-11-01
333107,CAPITEC BANK,C_savings,81139767.0,2021-11-01
333107,CAPITEC BANK,D_term_wholesale,41568022.0,2021-11-01
34118,ABSA BANK LTD,A_operational,365177372.0,2021-11-01
34118,ABSA BANK LTD,B_notice_short,50074979.0,2021-11-01
34118,ABSA BANK LTD,C_savings,221903409.0,2021-11-01
34118,ABSA BANK LTD,D_term_wholesale,319743533.0,2021-11-01
416053,FIRSTRAND BANK LIMITED,A_operational,615189664.43,2021-11-01
416053,FIRSTRAND BANK LIMITED,B_notice_short,124043963.89999999,2021-11-01
416053,FIRSTRAND BANK LIMITED,C_savings,29207073.439999998,2021-11-01
416053,FIRSTRAND BANK LIMITED,D_term_wholesale,210567521.15,2021-11-01
416061,THE STANDARD BANK OF S A LTD,A_operational,700994812.0,2021-11-01
416061,THE STANDARD BANK OF S A LTD,B_notice_short,58035828.0,2021-11-01
416061,THE STANDARD BANK OF S A LTD,C_savings,35905214.0,2021-11-01
416061,THE STANDARD BANK OF S A LTD,D_term_wholesale,228159162.0,2021-11-01
416088,NEDBANK LTD,A_operational,399513850.0,2021-11-01
416088,NEDBANK LTD,B_notice_short,31748993.0,2021-11-01
416088,NEDBANK LTD,C_savings,14025394.0,2021-11-01
416088,NEDBANK LTD,D_term_wholesale,384270878.0,2021-11-01
TOTAL,*TOTAL*,A_operational,2419826711.46,2021-11-01
TOTAL,*TOTAL*,B_notice_short,308208827.36,2021-11-01
TOTAL,*TOTAL*,C_savings,401541438.41,2021-11-01
TOTAL,*TOTAL*,D_term_wholesale,1415868060.0,2021-11-01
25054,INVESTEC BANK LTD,A_operational,170586130.0,2021-12-01
25054,INVESTEC BANK LTD,B_notice_short,10820815.0,2021-12-01
25054,INVESTEC BANK LTD,C_savings,8072195.0,2021-12-01
25054,INVESTEC BANK LTD,D_term_wholesale,178425166.0,2021-12-01
333107,CAPITEC BANK,A_operational,6314632.0,2021-12-01
333107,CAPITEC BANK,B_notice_short,5188486.0,2021-12-01
333107,CAPITEC BANK,C_savings,78886245.0,2021-12-01
333107,CAPITEC BANK,D_term_wholesale,41133568.0,2021-12-01
34118,ABSA BANK LTD,A_operational,350585693.0,2021-12-01
34118,ABSA BANK LTD,B_notice_short,64216141.0,2021-12-01
34118,ABSA BANK LTD,C_savings,223809573.0,2021-12-01
34118,ABSA BANK LTD,D_term_wholesale,317457970.0,2021-12-01
416053,FIRSTRAND BANK LIMITED,A_operational,611338146.4592,2021-12-01
416053,FIRSTRAND BANK LIMITED,B_notice_short,121066466.2682,2021-12-01
416053,FIRSTRAND BANK LIMITED,C_savings,30853995.219299998,2021-12-01
416053,FIRSTRAND BANK LIMITED,D_term_wholesale,216897203.925,2021-12-01
416061,THE STANDARD BANK OF S A LTD,A_operational,707042726.0,2021-12-01
416061,THE STANDARD BANK OF S A LTD,B_notice_short,51899029.0,2021-12-01
416061,THE STANDARD BANK OF S A LTD,C_savings,36597677.0,2021-12-01
416061,THE STANDARD BANK OF S A LTD,D_term_wholesale,225335619.0,2021-12-01
416088,NEDBANK LTD,A_operational,416085828.0,2021-12-01
416088,NEDBANK LTD,B_notice_short,50762712.0,2021-12-01
416088,NEDBANK LTD,C_savings,13316823.0,2021-12-01
416088,NEDBANK LTD,D_term_wholesale,370563202.0,2021-12-01
TOTAL,*TOTAL*,A_operational,2424567936.0392,2021-12-01
TOTAL,*TOTAL*,B_notice_short,319866426.7866,2021-12-01
TOTAL,*TOTAL*,C_savings,404667808.24259996,2021-12-01
TOTAL,*TOTAL*,D_term_wholesale,1408522664.3001,2021-12-01
25054,INVESTEC BANK LTD,A_operational,169939873.0,2022-01-01
25054,INVESTEC BANK LTD,B_notice_short,22719851.0,2022-01-01
25054,INVESTEC BANK LTD,C_savings,7342546.0,2022-01-01
25054,INVESTEC BANK LTD,D_term_wholesale,171268242.0,2022-01-01
333107,CAPITEC BANK,A_operational,6180239.0,2022-01-01
333107,CAPITEC BANK,B_notice_short,4695173.0,2022-01-01
333107,CAPITEC BANK,C_savings,76684205.0,2022-01-01
333107,CAPITEC BANK,D_term_wholesale,41598176.0,2022-01-01
34118,ABSA BANK LTD,A_operational,337649009.0,2022-01-01
34118,ABSA BANK LTD,B_notice_short,54173591.0,2022-01-01
34118,ABSA BANK LTD,C_savings,221333708.0,2022-01-01
34118,ABSA BANK LTD,D_term_wholesale,313622157.0,2022-01-01
416053,FIRSTRAND BANK LIMITED,A_operational,589701987.1637,2022-01-01
416053,FIRSTRAND BANK LIMITED,B_notice_short,127737993.5354,2022-01-01
416053,FIRSTRAND BANK LIMITED,C_savings,29705606.569000002,2022-01-01
416053,FIRSTRAND BANK LIMITED,D_term_wholesale,210822043.1075,2022-01-01
416061,THE STANDARD BANK OF S A LTD,A_operational,691842998.0,2022-01-01
416061,THE STANDARD BANK OF S A LTD,B_notice_short,43255435.0,2022-01-01
416061,THE STANDARD BANK OF S A LTD,C_savings,35813704.0,2022-01-01
416061,THE STANDARD BANK OF S A LTD,D_term_wholesale,244017209.0,2022-01-01
416088,NEDBANK LTD,A_operational,399285136.0,2022-01-01
416088,NEDBANK LTD,B_notice_short,48541150.0,2022-01-01
416088,NEDBANK LTD,C_savings,12894502.0,2022-01-01
416088,NEDBANK LTD,D_term_wholesale,359023848.0,2022-01-01
TOTAL,*TOTAL*,A_operational,2365015707.4137,2022-01-01
TOTAL,*TOTAL*,B_notice_short,320435505.1111,2022-01-01
TOTAL,*TOTAL*,C_savings,398215670.6007,2022-01-01
TOTAL,*TOTAL*,D_term_wholesale,1398650148.9434,2022-01-01
25054,INVESTEC BANK LTD,A_operational,165468627.0,2022-02-01
25054,INVESTEC BANK LTD,B_notice_short,26123981.0,2022-02-01
25054,INVESTEC BANK LTD,C_savings,7540726.0,2022-02-01
25054,INVESTEC BANK LTD,D_term_wholesale,169719630.0,2022-02-01
333107,CAPITEC BANK,A_operational,6939334.0,2022-02-01
333107,CAPITEC BANK,B_notice_short,4485053.0,2022-02-01
333107,CAPITEC BANK,C_savings,79300475.0,2022-02-01
333107,CAPITEC BANK,D_term_wholesale,42076920.0,2022-02-01
34118,ABSA BANK LTD,A_operational,343686242.0,2022-02-01
34118,ABSA BANK LTD,B_notice_short,57261764.0,2022-02-01
34118,ABSA BANK LTD,C_savings,214848183.0,2022-02-01
34118,ABSA BANK LTD,D_term_wholesale,327141608.0,2022-02-01
416053,FIRSTRAND BANK LIMITED,A_operational,599431825.4216,2022-02-01
416053,FIRSTRAND BANK LIMITED,B_notice_short,129568006.7524,2022-02-01
416053,FIRSTRAND BANK LIMITED,C_savings,29205578.4073,2022-02-01
416053,FIRSTRAND BANK LIMITED,D_term_wholesale,208348791.797,2022-02-01
416061,THE STANDARD BANK OF S A LTD,A_operational,681520158.0,2022-02-01
416061,THE STANDARD BANK OF S A LTD,B_notice_short,58559142.0,2022-02-01
416061,THE STANDARD BANK OF S A LTD,C_savings,35196269.0,2022-02-01
416061,THE STANDARD BANK OF S A LTD,D_term_wholesale,251262114.0,2022-02-01
416088,NEDBANK LTD,A_operational,393501703.0,2022-02-01
416088,NEDBANK LTD,B_notice_short,43407198.0,2022-02-01
416088,NEDBANK LTD,C_savings,13068921.0,2022-02-01
416088,NEDBANK LTD,D_term_wholesale,367727420.0,2022-02-01
TOTAL,*TOTAL*,A_operational,2346596852.0816,2022-02-01
TOTAL,*TOTAL*,B_notice_short,341843598.8379,2022-02-01
TOTAL,*TOTAL*,C_savings,394380740.4449,2022-02-01
TOTAL,*TOTAL*,D_term_wholesale,1421490606.9878001,2022-02-01
25054,INVESTEC BANK LTD,A_operational,169429883.0,2022-03-01
25054,INVESTEC BANK LTD,B_notice_short,18591817.0,2022-03-01
25054,INVESTEC BANK LTD,C_savings,7249232.0,2022-03-01
25054,INVESTEC BANK LTD,D_term_wholesale,182913189.0,2022-03-01
333107,CAPITEC BANK,A_operational,6801311.0,2022-03-01
333107,CAPITEC BANK,B_notice_short,4147823.0,2022-03-01
333107,CAPITEC BANK,C_savings,81114556.0,2022-03-01
333107,CAPITEC BANK,D_term_wholesale,42961407.0,2022-03-01
34118,ABSA BANK LTD,A_operational,353595998.0,2022-03-01
34118,ABSA BANK LTD,B_notice_short,53732639.0,2022-03-01
34118,ABSA BANK LTD,C_savings,214526836.0,2022-03-01
34118,ABSA BANK LTD,D_term_wholesale,335502921.0,2022-03-01
416053,FIRSTRAND BANK LIMITED,A_operational,628295579.5643,2022-03-01
416053,FIRSTRAND BANK LIMITED,B_notice_short,122048334.9265,2022-03-01
416053,FIRSTRAND BANK LIMITED,C_savings,29879080.160499997,2022-03-01
416053,FIRSTRAND BANK LIMITED,D_term_wholesale,211852889.8863,2022-03-01
416061,THE STANDARD BANK OF S A LTD,A_operational,722054985.0,2022-03-01
416061,THE STANDARD BANK OF S A LTD,B_notice_short,42959606.0,2022-03-01
416061,THE STANDARD BANK OF S A LTD,C_savings,35235488.0,2022-03-01
416061,THE STANDARD BANK OF S A LTD,D_term_wholesale,250339961.0,2022-03-01
416088,NEDBANK LTD,A_operational,410346207.0,2022-03-01
416088,NEDBANK LTD,B_notice_short,49248257.0,2022-03-01
416088,NEDBANK LTD,C_savings,13328866.0,2022-03-01
416088,NEDBANK LTD,D_term_wholesale,362863800.0,2022-03-01
TOTAL,*TOTAL*,A_operational,2455290860.8843,2022-03-01
TOTAL,*TOTAL*,B_notice_short,312183352.268,2022-03-01
TOTAL,*TOTAL*,C_savings,394680015.4321,2022-03-01
TOTAL,*TOTAL*,D_term_wholesale,1443807826.0070999,2022-03-01
25054,INVESTEC BANK LTD,A_operational,180627146.0,2022-04-01
25054,INVESTEC BANK LTD,B_notice_short,21008918.0,2022-04-01
25054,INVESTEC BANK LTD,C_savings,7816997.0,2022-04-01
25054,INVESTEC BANK LTD,D_term_wholesale,175470734.0,2022-04-01
333107,CAPITEC BANK,A_operational,7330759.0,2022-04-01
333107,CAPITEC BANK,B_notice_short,4339039.0,2022-04-01
333107,CAPITEC BANK,C_savings,82066418.0,2022-04-01
333107,CAPITEC BANK,D_term_wholesale,43938405.0,2022-04-01
34118,ABSA BANK LTD,A_operational,348819793.0,2022-04-01
34118,ABSA BANK LTD,B_notice_short,68478039.0,2022-04-01
34118,ABSA BANK LTD,C_savings,216790039.0,2022-04-01
34118,ABSA BANK LTD,D_term_wholesale,342720881.0,2022-04-01
416053,FIRSTRAND BANK LIMITED,A_operational,594189609.2554,2022-04-01
416053,FIRSTRAND BANK LIMITED,B_notice_short,143544063.4792,2022-04-01
416053,FIRSTRAND BANK LIMITED,C_savings,30545454.371899996,2022-04-01
416053,FIRSTRAND BANK LIMITED,D_term_wholesale,203917310.6145,2022-04-01
416061,THE STANDARD BANK OF S A LTD,A_operational,686073806.0,2022-04-01
416061,THE STANDARD BANK OF S A LTD,B_notice_short,54919952.0,2022-04-01
416061,THE STANDARD BANK OF S A LTD,C_savings,35421493.0,2022-04-01
416061,THE STANDARD BANK OF S A LTD,D_term_wholesale,250776288.0,2022-04-01
416088,NEDBANK LTD,A_operational,401167363.0,2022-04-01
416088,NEDBANK LTD,B_notice_short,44976468.0,2022-04-01
416088,NEDBANK LTD,C_savings,13563377.0,2022-04-01
416088,NEDBANK LTD,D_term_wholesale,373416540.0,2022-04-01
TOTAL,*TOTAL*,A_operational,2377415427.9154,2022-04-01
TOTAL,*TOTAL*,B_notice_short,355959628.2565,2022-04-01
TOTAL,*TOTAL*,C_savings,400370141.7883,2022-04-01
TOTAL,*TOTAL*,D_term_wholesale,1449389580.6848,2022-04-01
25054,INVESTEC BANK LTD,A_operational,171830264.0,2022-05-01
25054,INVESTEC BANK LTD,B_notice_short,20010440.0,2022-05-01
25054,INVESTEC BANK LTD,C_savings,7875500.0,2022-05-01
25054,INVESTEC BANK LTD,D_term_wholesale,175308817.0,2022-05-01
333107,CAPITEC BANK,A_operational,6850472.0,2022-05-01
333107,CAPITEC BANK,B_notice_short,4382281.0,2022-05-01
333107,CAPITEC BANK,C_savings,78727294.0,2022-05-01
333107,CAPITEC BANK,D_term_wholesale,44535024.0,2022-05-01
34118,ABSA BANK LTD,A_operational,361460627.0,2022-05-01
34118,ABSA BANK LTD,B_notice_short,57145265.0,2022-05-01
34118,ABSA BANK LTD,C_savings,218705550.0,2022-05-01
34118,ABSA BANK LTD,D_term_wholesale,339449925.0,2022-05-01
416053,FIRSTRAND BANK LIMITED,A_operational,596055126.5769,2022-05-01
416053,FIRSTRAND BANK LIMITED,B_notice_short,138783447.0338,2022-05-01
416053,FIRSTRAND BANK LIMITED,C_savings,30886844.4219,2022-05-01
416053,FIRSTRAND BANK LIMITED,D_term_wholesale,202643162.6702,2022-05-01
416061,THE STANDARD BANK OF S A LTD,A_operational,700523237.0,2022-05-01
416061,THE STANDARD BANK OF S A LTD,B_notice_short,45222277.0,2022-05-01
416061,THE STANDARD BANK OF S A LTD,C_savings,35261499.0,2022-05-01
416061,THE STANDARD BANK OF S A LTD,D_term_wholesale,262763864.0,2022-05-01
416088,NEDBANK LTD,A_operational,397501663.0,2022-05-01
416088,NEDBANK LTD,B_notice_short,50701988.0,2022-05-01
416088,NEDBANK LTD,C_savings,13647597.0,2022-05-01
416088,NEDBANK LTD,D_term_wholesale,379563078.0,2022-05-01
TOTAL,*TOTAL*,A_operational,2407112807.3768997,2022-05-01
TOTAL,*TOTAL*,B_notice_short,338102550.1965,2022-05-01
TOTAL,*TOTAL*,C_savings,398999289.19750005,2022-05-01
TOTAL,*TOTAL*,D_term_wholesale,1462285006.822,2022-05-01
25054,INVESTEC BANK LTD,A_operational,166729278.0,2022-06-01
25054,INVESTEC BANK LTD,B_notice_short,20308515.0,2022-06-01
25054,INVESTEC BANK LTD,C_savings,8186600.0,2022-06-01
25054,INVESTEC BANK LTD,D_term_wholesale,173820788.0,2022-06-01
333107,CAPITEC BANK,A_operational,6806517.0,2022-06-01
333107,CAPITEC BANK,B_notice_short,4550813.0,2022-06-01
333107,CAPITEC BANK,C_savings,81242304.0,2022-06-01
333107,CAPITEC BANK,D_term_wholesale,45287293.0,2022-06-01
34118,ABSA BANK LTD,A_operational,383946022.0,2022-06-01
34118,ABSA BANK LTD,B_notice_short,50003858.0,2022-06-01
34118,ABSA BANK LTD,C_savings,219681791.0,2022-06-01
34118,ABSA BANK LTD,D_term_wholesale,353576614.0,2022-06-01
416053,FIRSTRAND BANK LIMITED,A_operational,631612783.3848,2022-06-01
416053,FIRSTRAND BANK LIMITED,B_notice_short,123154029.6658,2022-06-01
416053,FIRSTRAND BANK LIMITED,C_savings,31433371.8287,2022-06-01
416053,FIRSTRAND BANK LIMITED,D_term_wholesale,205947477.298,2022-06-01
416061,THE STANDARD BANK OF S A LTD,A_operational,724735825.0,2022-06-01
416061,THE STANDARD BANK OF S A LTD,B_notice_short,50412235.0,2022-06-01
416061,THE STANDARD BANK OF S A LTD,C_savings,35514042.0,2022-06-01
416061,THE STANDARD BANK OF S A LTD,D_term_wholesale,260756430.0,2022-06-01
416088,NEDBANK LTD,A_operational,409083865.0,2022-06-01
416088,NEDBANK LTD,B_notice_short,51525523.0,2022-06-01
416088,NEDBANK LTD,C_savings,13836551.0,2022-06-01
416088,NEDBANK LTD,D_term_wholesale,386117576.0,2022-06-01
TOTAL,*TOTAL*,A_operational,2486109788.6748,2022-06-01
TOTAL,*TOTAL*,B_notice_short,321448095.6094,2022-06-01
TOTAL,*TOTAL*,C_savings,402629142.6049,2022-06-01
TOTAL,*TOTAL*,D_term_wholesale,1485916754.9361,2022-06-01
25054,INVESTEC BANK LTD,A_operational,172066302.0,2022-07-01
25054,INVESTEC BANK LTD,B_notice_short,17161453.0,2022-07-01
25054,INVESTEC BANK LTD,C_savings,8352862.0,2022-07-01
25054,INVESTEC BANK LTD,D_term_wholesale,179872571.0,2022-07-01
333107,CAPITEC BANK,A_operational,7039745.0,2022-07-01
333107,CAPITEC BANK,B_notice_short,4385870.0,2022-07-01
333107,CAPITEC BANK,C_savings,82862581.0,2022-07-01
333107,CAPITEC BANK,D_term_wholesale,46108892.0,2022-07-01
34118,ABSA BANK LTD,A_operational,386958182.0,2022-07-01
34118,ABSA BANK LTD,B_notice_short,49319587.0,2022-07-01
34118,ABSA BANK LTD,C_savings,227851608.0,2022-07-01
34118,ABSA BANK LTD,D_term_wholesale,363443206.0,2022-07-01
416053,FIRSTRAND BANK LIMITED,A_operational,631462936.5241,2022-07-01
416053,FIRSTRAND BANK LIMITED,B_notice_short,132798238.5416,2022-07-01
416053,FIRSTRAND BANK LIMITED,C_savings,32932867.234999996,2022-07-01
416053,FIRSTRAND BANK LIMITED,D_term_wholesale,209428062.3967,2022-07-01
416061,THE STANDARD BANK OF S A LTD,A_operational,723121279.0,2022-07-01
416061,THE STANDARD BANK OF S A LTD,B_notice_short,56253656.0,2022-07-01
416061,THE STANDARD BANK OF S A LTD,C_savings,35879578.0,2022-07-01
416061,THE STANDARD BANK OF S A LTD,D_term_wholesale,267923050.0,2022-07-01
416088,NEDBANK LTD,A_operational,417927522.0,2022-07-01
416088,NEDBANK LTD,B_notice_short,38837557.0,2022-07-01
416088,NEDBANK LTD,C_savings,14121184.0,2022-07-01
416088,NEDBANK LTD,D_term_wholesale,410181863.0,2022-07-01
TOTAL,*TOTAL*,A_operational,2518325160.1941,2022-07-01
TOTAL,*TOTAL*,B_notice_short,324009409.4511,2022-07-01
TOTAL,*TOTAL*,C_savings,416988412.5686,2022-07-01
TOTAL,*TOTAL*,D_term_wholesale,1536278337.7574,2022-07-01
25054,INVESTEC BANK LTD,A_operational,178457740.0,2022-08-01
25054,INVESTEC BANK LTD,B_notice_short,18986539.0,2022-08-01
25054,INVESTEC BANK LTD,C_savings,8805023.0,2022-08-01
25054,INVESTEC BANK LTD,D_term_wholesale,182807602.0,2022-08-01
333107,CAPITEC BANK,A_operational,7640796.0,2022-08-01
333107,CAPITEC BANK,B_notice_short,4490043.0,2022-08-01
333107,CAPITEC BANK,C_savings,79998372.0,2022-08-01
333107,CAPITEC BANK,D_term_wholesale,46810484.0,2022-08-01
34118,ABSA BANK LTD,A_operational,375902253.0,2022-08-01
34118,ABSA BANK LTD,B_notice_short,59821063.0,2022-08-01
34118,ABSA BANK LTD,C_savings,227338869.0,2022-08-01
34118,ABSA BANK LTD,D_term_wholesale,375944956.0,2022-08-01
416053,FIRSTRAND BANK LIMITED,A_operational,619198110.615,2022-08-01
416053,FIRSTRAND BANK LIMITED,B_notice_short,133411115.0345,2022-08-01
416053,FIRSTRAND BANK LIMITED,C_savings,33431698.211099997,2022-08-01
416053,FIRSTRAND BANK LIMITED,D_term_wholesale,219934308.65420002,2022-08-01
416061,THE STANDARD BANK OF S A LTD,A_operational,720717252.0,2022-08-01
416061,THE STANDARD BANK OF S A LTD,B_notice_short,61175777.0,2022-08-01
416061,THE STANDARD BANK OF S A LTD,C_savings,35813616.0,2022-08-01
416061,THE STANDARD BANK OF S A LTD,D_term_wholesale,279114316.0,2022-08-01
416088,NEDBANK LTD,A_operational,400841532.0,2022-08-01
416088,NEDBANK LTD,B_notice_short,44942296.0,2022-08-01
416088,NEDBANK LTD,C_savings,14231864.0,2022-08-01
416088,NEDBANK LTD,D_term_wholesale,406377964.0,2022-08-01
TOTAL,*TOTAL*,A_operational,2477660535.845,2022-08-01
TOTAL,*TOTAL*,B_notice_short,348842740.9509,2022-08-01
TOTAL,*TOTAL*,C_savings,411689945.51720005,2022-08-01
TOTAL,*TOTAL*,D_term_wholesale,1576426461.8778,2022-08-01
25054,INVESTEC BANK LTD,A_operational,178009981.0,2022-09-01
25054,INVESTEC BANK LTD,B_notice_short,15237154.0,2022-09-01
25054,INVESTEC BANK LTD,C_savings,8518266.0,2022-09-01
25054,INVESTEC BANK LTD,D_term_wholesale,180729819.0,2022-09-01
333107,CAPITEC BANK,A_operational,7880879.0,2022-09-01
333107,CAPITEC BANK,B_notice_short,4625627.0,2022-09-01
333107,CAPITEC BANK,C_savings,83606688.0,2022-09-01
333107,CAPITEC BANK,D_term_wholesale,47161835.0,2022-09-01
34118,ABSA BANK LTD,A_operational,342836509.0,2022-09-01
34118,ABSA BANK LTD,B_notice_short,86140064.0,2022-09-01
34118,ABSA BANK LTD,C_savings,228946305.0,2022-09-01
34118,ABSA BANK LTD,D_term_wholesale,386724884.0,2022-09-01
416053,FIRSTRAND BANK LIMITED,A_operational,635616067.7573,2022-09-01
416053,FIRSTRAND BANK LIMITED,B_notice_short,131543596.8327,2022-09-01
416053,FIRSTRAND BANK LIMITED,C_savings,34131529.002799995,2022-09-01
416053,FIRSTRAND BANK LIMITED,D_term_wholesale,234644679.9883,2022-09-01
416061,THE STANDARD BANK OF S A LTD,A_operational,745285888.0,2022-09-01
416061,THE STANDARD BANK OF S A LTD,B_notice_short,51408637.0,2022-09-01
416061,THE STANDARD BANK OF S A LTD,C_savings,35751654.0,2022-09-01
416061,THE STANDARD BANK OF S A LTD,D_term_wholesale,288245719.0,2022-09-01
416088,NEDBANK LTD,A_operational,415189205.0,2022-09-01
416088,NEDBANK LTD,B_notice_short,40252657.0,2022-09-01
416088,NEDBANK LTD,C_savings,14473352.0,2022-09-01
416088,NEDBANK LTD,D_term_wholesale,406694930.0,2022-09-01
TOTAL,*TOTAL*,A_operational,2495204204.2673,2022-09-01
TOTAL,*TOTAL*,B_notice_short,346681956.0703,2022-09-01
TOTAL,*TOTAL*,C_savings,418898686.1586,2022-09-01
TOTAL,*TOTAL*,D_term_wholesale,1612869007.3939,2022-09-01
25054,INVESTEC BANK LTD,A_operational,176915738.0,2022-10-01
25054,INVESTEC BANK LTD,B_notice_short,17358857.0,2022-10-01
25054,INVESTEC BANK LTD,C_savings,8848481.0,2022-10-01
25054,INVESTEC BANK LTD,D_term_wholesale,181753145.0,2022-10-01
333107,CAPITEC BANK,A_operational,7081106.0,2022-10-01
333107,CAPITEC BANK,B_notice_short,5173893.0,2022-10-01
333107,CAPITEC BANK,C_savings,81609753.0,2022-10-01
333107,CAPITEC BANK,D_term_wholesale,47025318.0,2022-10-01
34118,ABSA BANK LTD,A_operational,360068294.0,2022-10-01
34118,ABSA BANK LTD,B_notice_short,69926709.0,2022-10-01
34118,ABSA BANK LTD,C_savings,232306072.0,2022-10-01
34118,ABSA BANK LTD,D_term_wholesale,383862880.0,2022-10-01
416053,FIRSTRAND BANK LIMITED,A_operational,636211644.9002,2022-10-01
416053,FIRSTRAND BANK LIMITED,B_notice_short,143942127.7874,2022-10-01
416053,FIRSTRAND BANK LIMITED,C_savings,34874104.2791,2022-10-01
416053,FIRSTRAND BANK LIMITED,D_term_wholesale,235429363.94419998,2022-10-01
416061,THE STANDARD BANK OF S A LTD,A_operational,711192158.0,2022-10-01
416061,THE STANDARD BANK OF S A LTD,B_notice_short,66650716.0,2022-10-01
416061,THE STANDARD BANK OF S A LTD,C_savings,35628964.0,2022-10-01
416061,THE STANDARD BANK OF S A LTD,D_term_wholesale,288396528.0,2022-10-01
416088,NEDBANK LTD,A_operational,427347057.0,2022-10-01
416088,NEDBANK LTD,B_notice_short,31484649.0,2022-10-01
416088,NEDBANK LTD,C_savings,14506749.0,2022-10-01
416088,NEDBANK LTD,D_term_wholesale,418068770.0,2022-10-01
TOTAL,*TOTAL*,A_operational,2499358052.0302,2022-10-01
TOTAL,*TOTAL*,B_notice_short,362577590.73330003,2022-10-01
TOTAL,*TOTAL*,C_savings,419943118.62479997,2022-10-01
TOTAL,*TOTAL*,D_term_wholesale,1617619017.8083,2022-10-01
25054,INVESTEC BANK LTD,A_operational,179447529.0,2022-11-01
25054,INVESTEC BANK LTD,B_notice_short,19272722.0,2022-11-01
25054,INVESTEC BANK LTD,C_savings,8781360.0,2022-11-01
25054,INVESTEC BANK LTD,D_term_wholesale,175176715.0,2022-11-01
333107,CAPITEC BANK,A_operational,6971801.0,2022-11-01
333107,CAPITEC BANK,B_notice_short,6175254.0,2022-11-01
333107,CAPITEC BANK,C_savings,83932006.0,2022-11-01
333107,CAPITEC BANK,D_term_wholesale,45792469.0,2022-11-01
34118,ABSA BANK LTD,A_operational,374186997.0,2022-11-01
34118,ABSA BANK LTD,B_notice_short,57725097.0,2022-11-01
34118,ABSA BANK LTD,C_savings,234948866.0,2022-11-01
34118,ABSA BANK LTD,D_term_wholesale,404533780.0,2022-11-01
416053,FIRSTRAND BANK LIMITED,A_operational,645367879.0142,2022-11-01
416053,FIRSTRAND BANK LIMITED,B_notice_short,132422302.5329,2022-11-01
416053,FIRSTRAND BANK LIMITED,C_savings,35620137.638000004,2022-11-01
416053,FIRSTRAND BANK LIMITED,D_term_wholesale,240425465.4474,2022-11-01
416061,THE STANDARD BANK OF S A LTD,A_operational,732600617.0,2022-11-01
416061,THE STANDARD BANK OF S A LTD,B_notice_short,40986607.0,2022-11-01
416061,THE STANDARD BANK OF S A LTD,C_savings,35690239.0,2022-11-01
416061,THE STANDARD BANK OF S A LTD,D_term_wholesale,319372974.0,2022-11-01
416088,NEDBANK LTD,A_operational,442917624.0,2022-11-01
416088,NEDBANK LTD,B_notice_short,24063325.0,2022-11-01
416088,NEDBANK LTD,C_savings,14534288.0,2022-11-01
416088,NEDBANK LTD,D_term_wholesale,429035338.0,2022-11-01
TOTAL,*TOTAL*,A_operational,2564509723.9556,2022-11-01
TOTAL,*TOTAL*,B_notice_short,305592122.2995,2022-11-01
TOTAL,*TOTAL*,C_savings,427744799.9877,2022-11-01
TOTAL,*TOTAL*,D_term_wholesale,1683257594.9151,2022-11-01
25054,INVESTEC BANK LTD,A_operational,174022140.0,2022-12-01
25054,INVESTEC BANK LTD,B_notice_short,26212387.0,2022-12-01
25054,INVESTEC BANK LTD,C_savings,9398197.0,2022-12-01
25054,INVESTEC BANK LTD,D_term_wholesale,170121023.0,2022-12-01
333107,CAPITEC BANK,A_operational,7630012.0,2022-12-01
333107,CAPITEC BANK,B_notice_short,5604535.0,2022-12-01
333107,CAPITEC BANK,C_savings,81900716.0,2022-12-01
333107,CAPITEC BANK,D_term_wholesale,45534484.0,2022-12-01
34118,ABSA BANK LTD,A_operational,342675780.0,2022-12-01
34118,ABSA BANK LTD,B_notice_short,90150553.0,2022-12-01
34118,ABSA BANK LTD,C_savings,235003900.0,2022-12-01
34118,ABSA BANK LTD,D_term_wholesale,389831256.0,2022-12-01
416053,FIRSTRAND BANK LIMITED,A_operational,653100360.5141,2022-12-01
416053,FIRSTRAND BANK LIMITED,B_notice_short,136653853.292,2022-12-01
416053,FIRSTRAND BANK LIMITED,C_savings,37333514.8958,2022-12-01
416053,FIRSTRAND BANK LIMITED,D_term_wholesale,242797733.8387,2022-12-01
416061,THE STANDARD BANK OF S A LTD,A_operational,724140690.0,2022-12-01
416061,THE STANDARD BANK OF S A LTD,B_notice_short,55724057.0,2022-12-01
416061,THE STANDARD BANK OF S A LTD,C_savings,35635742.0,2022-12-01
416061,THE STANDARD BANK OF S A LTD,D_term_wholesale,323828447.0,2022-12-01
416088,NEDBANK LTD,A_operational,418171944.0,2022-12-01
416088,NEDBANK LTD,B_notice_short,44509266.0,2022-12-01
416088,NEDBANK LTD,C_savings,13726724.0,2022-12-01
416088,NEDBANK LTD,D_term_wholesale,427484106.0,2022-12-01
TOTAL,*TOTAL*,A_operational,2496922870.4478,2022-12-01
TOTAL,*TOTAL*,B_notice_short,385551756.5759,2022-12-01
TOTAL,*TOTAL*,C_savings,427008407.8383,2022-12-01
TOTAL,*TOTAL*,D_term_wholesale,1664186325.3822,2022-12-01
25054,INVESTEC BANK LTD,A_operational,190205906.0,2023-01-01
25054,INVESTEC BANK LTD,B_notice_short,22414762.0,2023-01-01
25054,INVESTEC BANK LTD,C_savings,8784530.0,2023-01-01
25054,INVESTEC BANK LTD,D_term_wholesale,173709928.0,2023-01-01
333107,CAPITEC BANK,A_operational,16312772.0,2023-01-01
333107,CAPITEC BANK,B_notice_short,2560794.0,2023-01-01
333107,CAPITEC BANK,C_savings,79516163.0,2023-01-01
333107,CAPITEC BANK,D_term_wholesale,41027945.0,2023-01-01
34118,ABSA BANK LTD,A_operational,376006535.0,2023-01-01
34118,ABSA BANK LTD,B_notice_short,57447532.0,2023-01-01
34118,ABSA BANK LTD,C_savings,234608530.0,2023-01-01
34118,ABSA BANK LTD,D_term_wholesale,389048211.0,2023-01-01
416053,FIRSTRAND BANK LIMITED,A_operational,637826111.6603,2023-01-01
416053,FIRSTRAND BANK LIMITED,B_notice_short,133787652.00490001,2023-01-01
416053,FIRSTRAND BANK LIMITED,C_savings,35901295.5419,2023-01-01
416053,FIRSTRAND BANK LIMITED,D_term_wholesale,241602498.9738,2023-01-01
416061,THE STANDARD BANK OF S A LTD,A_operational,722766221.0,2023-01-01
416061,THE STANDARD BANK OF S A LTD,B_notice_short,63892587.0,2023-01-01
416061,THE STANDARD BANK OF S A LTD,C_savings,34800766.0,2023-01-01
416061,THE STANDARD BANK OF S A LTD,D_term_wholesale,317528743.0,2023-01-01
416088,NEDBANK LTD,A_operational,424870323.0,2023-01-01
416088,NEDBANK LTD,B_notice_short,44517953.0,2023-01-01
416088,NEDBANK LTD,C_savings,13212880.0,2023-01-01
416088,NEDBANK LTD,D_term_wholesale,422926391.0,2023-01-01
TOTAL,*TOTAL*,A_operational,2557720076.3069,2023-01-01
TOTAL,*TOTAL*,B_notice_short,341473368.6526,2023-01-01
TOTAL,*TOTAL*,C_savings,420354656.3062,2023-01-01
TOTAL,*TOTAL*,D_term_wholesale,1651050220.12,2023-01-01
25054,INVESTEC BANK LTD,A_operational,189034504.0,2023-02-01
25054,INVESTEC BANK LTD,B_notice_short,19120139.0,2023-02-01
25054,INVESTEC BANK LTD,C_savings,8815613.0,2023-02-01
25054,INVESTEC BANK LTD,D_term_wholesale,178072856.0,2023-02-01
333107,CAPITEC BANK,A_operational,13424777.0,2023-02-01
333107,CAPITEC BANK,B_notice_short,2395861.0,2023-02-01
333107,CAPITEC BANK,C_savings,83287201.0,2023-02-01
333107,CAPITEC BANK,D_term_wholesale,44516244.0,2023-02-01
34118,ABSA BANK LTD,A_operational,375689642.0,2023-02-01
34118,ABSA BANK LTD,B_notice_short,59191878.0,2023-02-01
34118,ABSA BANK LTD,C_savings,232851505.0,2023-02-01
34118,ABSA BANK LTD,D_term_wholesale,396625025.0,2023-02-01
416053,FIRSTRAND BANK LIMITED,A_operational,644694167.395,2023-02-01
416053,FIRSTRAND BANK LIMITED,B_notice_short,136872172.774,2023-02-01
416053,FIRSTRAND BANK LIMITED,C_savings,35915361.8116,2023-02-01
416053,FIRSTRAND BANK LIMITED,D_term_wholesale,241883098.4758,2023-02-01
416061,THE STANDARD BANK OF S A LTD,A_operational,733196960.0,2023-02-01
416061,THE STANDARD BANK OF S A LTD,B_notice_short,58471261.0,2023-02-01
416061,THE STANDARD BANK OF S A LTD,C_savings,34369684.0,2023-02-01
416061,THE STANDARD BANK OF S A LTD,D_term_wholesale,305439467.0,2023-02-01
416088,NEDBANK LTD,A_operational,412260354.0,2023-02-01
416088,NEDBANK LTD,B_notice_short,55881993.0,2023-02-01
416088,NEDBANK LTD,C_savings,13357812.0,2023-02-01
416088,NEDBANK LTD,D_term_wholesale,437144738.0,2023-02-01
TOTAL,*TOTAL*,A_operational,2561644343.5759,2023-02-01
TOTAL,*TOTAL*,B_notice_short,353082297.363,2023-02-01
TOTAL,*TOTAL*,C_savings,420756049.2656999,2023-02-01
TOTAL,*TOTAL*,D_term_wholesale,1672860479.4579,2023-02-01
25054,INVESTEC BANK LTD,A_operational,189810319.0,2023-03-01
25054,INVESTEC BANK LTD,B_notice_short,23124378.0,2023-03-01
25054,INVESTEC BANK LTD,C_savings,9491528.0,2023-03-01
25054,INVESTEC BANK LTD,D_term_wholesale,176217907.0,2023-03-01
333107,CAPITEC BANK,A_operational,13689672.0,2023-03-01
333107,CAPITEC BANK,B_notice_short,2181695.0,2023-03-01
333107,CAPITEC BANK,C_savings,85173872.0,2023-03-01
333107,CAPITEC BANK,D_term_wholesale,45610825.0,2023-03-01
34118,ABSA BANK LTD,A_operational,344844293.0,2023-03-01
34118,ABSA BANK LTD,B_notice_short,104660237.0,2023-03-01
34118,ABSA BANK LTD,C_savings,236250574.0,2023-03-01
34118,ABSA BANK LTD,D_term_wholesale,400162528.0,2023-03-01
416053,FIRSTRAND BANK LIMITED,A_operational,653802915.9512,2023-03-01
416053,FIRSTRAND BANK LIMITED,B_notice_short,137306987.8163,2023-03-01
416053,FIRSTRAND BANK LIMITED,C_savings,37249367.1452,2023-03-01
416053,FIRSTRAND BANK LIMITED,D_term_wholesale,250080180.1985,2023-03-01
416061,THE STANDARD BANK OF S A LTD,A_operational,756314164.0,2023-03-01
416061,THE STANDARD BANK OF S A LTD,B_notice_short,52404163.0,2023-03-01
416061,THE STANDARD BANK OF S A LTD,C_savings,34786901.0,2023-03-01
416061,THE STANDARD BANK OF S A LTD,D_term_wholesale,309575347.0,2023-03-01
416088,NEDBANK LTD,A_operational,422505888.0,2023-03-01
416088,NEDBANK LTD,B_notice_short,44818884.0,2023-03-01
416088,NEDBANK LTD,C_savings,13753695.0,2023-03-01
416088,NEDBANK LTD,D_term_wholesale,430650237.0,2023-03-01
TOTAL,*TOTAL*,A_operational,2557210174.9464,2023-03-01
TOTAL,*TOTAL*,B_notice_short,388662515.1517,2023-03-01
TOTAL,*TOTAL*,C_savings,431233640.7783,2023-03-01
TOTAL,*TOTAL*,D_term_wholesale,1675583790.3307,2023-03-01
25054,INVESTEC BANK LTD,A_operational,188680268.0,2023-04-01
25054,INVESTEC BANK LTD,B_notice_short,16379668.0,2023-04-01
25054,INVESTEC BANK LTD,C_savings,9510638.0,2023-04-01
25054,INVESTEC BANK LTD,D_term_wholesale,179230088.0,2023-04-01
333107,CAPITEC BANK,A_operational,14517680.0,2023-04-01
333107,CAPITEC BANK,B_notice_short,2260957.0,2023-04-01
333107,CAPITEC BANK,C_savings,85758321.0,2023-04-01
333107,CAPITEC BANK,D_term_wholesale,45975045.0,2023-04-01
34118,ABSA BANK LTD,A_operational,345784957.0,2023-04-01
34118,ABSA BANK LTD,B_notice_short,107179704.0,2023-04-01
34118,ABSA BANK LTD,C_savings,240852810.0,2023-04-01
34118,ABSA BANK LTD,D_term_wholesale,408177419.0,2023-04-01
416053,FIRSTRAND BANK LIMITED,A_operational,637240000.907,2023-04-01
416053,FIRSTRAND BANK LIMITED,B_notice_short,142546291.58560002,2023-04-01
416053,FIRSTRAND BANK LIMITED,C_savings,38521700.2914,2023-04-01
416053,FIRSTRAND BANK LIMITED,D_term_wholesale,268206140.021,2023-04-01
416061,THE STANDARD BANK OF S A LTD,A_operational,758107611.0,2023-04-01
416061,THE STANDARD BANK OF S A LTD,B_notice_short,51626889.0,2023-04-01
416061,THE STANDARD BANK OF S A LTD,C_savings,35023192.0,2023-04-01
416061,THE STANDARD BANK OF S A LTD,D_term_wholesale,322006503.0,2023-04-01
416088,NEDBANK LTD,A_operational,424351406.0,2023-04-01
416088,NEDBANK LTD,B_notice_short,65192419.0,2023-04-01
416088,NEDBANK LTD,C_savings,13937065.0,2023-04-01
416088,NEDBANK LTD,D_term_wholesale,417503024.0,2023-04-01
TOTAL,*TOTAL*,A_operational,2546424902.1362,2023-04-01
TOTAL,*TOTAL*,B_notice_short,409990006.9512,2023-04-01
TOTAL,*TOTAL*,C_savings,439866303.1939,2023-04-01
TOTAL,*TOTAL*,D_term_wholesale,1701918531.2058,2023-04-01
25054,INVESTEC BANK LTD,A_operational,201176829.0,2023-05-01
25054,INVESTEC BANK LTD,B_notice_short,13118752.0,2023-05-01
25054,INVESTEC BANK LTD,C_savings,9371614.0,2023-05-01
25054,INVESTEC BANK LTD,D_term_wholesale,183244022.0,2023-05-01
333107,CAPITEC BANK,A_operational,13196430.0,2023-05-01
333107,CAPITEC BANK,B_notice_short,2389952.0,2023-05-01
333107,CAPITEC BANK,C_savings,83698793.0,2023-05-01
333107,CAPITEC BANK,D_term_wholesale,46258499.0,2023-05-01
34118,ABSA BANK LTD,A_operational,374533524.0,2023-05-01
34118,ABSA BANK LTD,B_notice_short,75073026.0,2023-05-01
34118,ABSA BANK LTD,C_savings,245634768.0,2023-05-01
34118,ABSA BANK LTD,D_term_wholesale,403880944.0,2023-05-01
416053,FIRSTRAND BANK LIMITED,A_operational,649838556.8435,2023-05-01
416053,FIRSTRAND BANK LIMITED,B_notice_short,144077444.6695,2023-05-01
416053,FIRSTRAND BANK LIMITED,C_savings,40261466.4727,2023-05-01
416053,FIRSTRAND BANK LIMITED,D_term_wholesale,271652797.6743,2023-05-01
416061,THE STANDARD BANK OF S A LTD,A_operational,756785809.0,2023-05-01
416061,THE STANDARD BANK OF S A LTD,B_notice_short,57830258.0,2023-05-01
416061,THE STANDARD BANK OF S A LTD,C_savings,35326141.0,2023-05-01
416061,THE STANDARD BANK OF S A LTD,D_term_wholesale,318395672.0,2023-05-01
416088,NEDBANK LTD,A_operational,433825761.0,2023-05-01
416088,NEDBANK LTD,B_notice_short,56756813.0,2023-05-01
416088,NEDBANK LTD,C_savings,14046830.0,2023-05-01
416088,NEDBANK LTD,D_term_wholesale,422515637.0,2023-05-01
TOTAL,*TOTAL*,A_operational,2615718336.5033,2023-05-01
TOTAL,*TOTAL*,B_notice_short,366542264.7802,2023-05-01
TOTAL,*TOTAL*,C_savings,447899473.91819996,2023-05-01
TOTAL,*TOTAL*,D_term_wholesale,1707015581.0971,2023-05-01
25054,INVESTEC BANK LTD,A_operational,200209978.0,2023-06-01
25054,INVESTEC BANK LTD,B_notice_short,13819786.0,2023-06-01
25054,INVESTEC BANK LTD,C_savings,9488029.0,2023-06-01
25054,INVESTEC BANK LTD,D_term_wholesale,182352812.0,2023-06-01
333107,CAPITEC BANK,A_operational,12841802.0,2023-06-01
333107,CAPITEC BANK,B_notice_short,2277594.0,2023-06-01
333107,CAPITEC BANK,C_savings,87457648.0,2023-06-01
333107,CAPITEC BANK,D_term_wholesale,46894814.0,2023-06-01
34118,ABSA BANK LTD,A_operational,329737502.0,2023-06-01
34118,ABSA BANK LTD,B_notice_short,118799923.0,2023-06-01
34118,ABSA BANK LTD,C_savings,245891737.0,2023-06-01
34118,ABSA BANK LTD,D_term_wholesale,414256628.0,2023-06-01
416053,FIRSTRAND BANK LIMITED,A_operational,666225966.7146,2023-06-01
416053,FIRSTRAND BANK LIMITED,B_notice_short,151646688.6551,2023-06-01
416053,FIRSTRAND BANK LIMITED,C_savings,40740111.756000005,2023-06-01
416053,FIRSTRAND BANK LIMITED,D_term_wholesale,272717219.3454,2023-06-01
416061,THE STANDARD BANK OF S A LTD,A_operational,776415705.0,2023-06-01
416061,THE STANDARD BANK OF S A LTD,B_notice_short,47006132.0,2023-06-01
416061,THE STANDARD BANK OF S A LTD,C_savings,35453952.0,2023-06-01
416061,THE STANDARD BANK OF S A LTD,D_term_wholesale,332999957.0,2023-06-01
416088,NEDBANK LTD,A_operational,433151906.0,2023-06-01
416088,NEDBANK LTD,B_notice_short,48569424.0,2023-06-01
416088,NEDBANK LTD,C_savings,14181688.0,2023-06-01
416088,NEDBANK LTD,D_term_wholesale,432229798.0,2023-06-01
TOTAL,*TOTAL*,A_operational,2612482593.4799,2023-06-01
TOTAL,*TOTAL*,B_notice_short,400404998.121,2023-06-01
TOTAL,*TOTAL*,C_savings,451190174.5223,2023-06-01
TOTAL,*TOTAL*,D_term_wholesale,1743228210.911,2023-06-01
25054,INVESTEC BANK LTD,A_operational,202910893.0,2023-07-01
25054,INVESTEC BANK LTD,B_notice_short,13674534.0,2023-07-01
25054,INVESTEC BANK LTD,C_savings,9638735.0,2023-07-01
25054,INVESTEC BANK LTD,D_term_wholesale,188331039.0,2023-07-01
333107,CAPITEC BANK,A_operational,12834560.0,2023-07-01
333107,CAPITEC BANK,B_notice_short,2282415.0,2023-07-01
333107,CAPITEC BANK,C_savings,85097025.0,2023-07-01
333107,CAPITEC BANK,D_term_wholesale,47362678.0,2023-07-01
34118,ABSA BANK LTD,A_operational,370952887.0,2023-07-01
34118,ABSA BANK LTD,B_notice_short,47607378.0,2023-07-01
34118,ABSA BANK LTD,C_savings,251345899.0,2023-07-01
34118,ABSA BANK LTD,D_term_wholesale,426962414.0,2023-07-01
416053,FIRSTRAND BANK LIMITED,A_operational,661184185.7042,2023-07-01
416053,FIRSTRAND BANK LIMITED,B_notice_short,147177732.4217,2023-07-01
416053,FIRSTRAND BANK LIMITED,C_savings,42044313.8189,2023-07-01
416053,FIRSTRAND BANK LIMITED,D_term_wholesale,275389395.9364,2023-07-01
416061,THE STANDARD BANK OF S A LTD,A_operational,737706366.0,2023-07-01
416061,THE STANDARD BANK OF S A LTD,B_notice_short,49023152.0,2023-07-01
416061,THE STANDARD BANK OF S A LTD,C_savings,35759404.0,2023-07-01
416061,THE STANDARD BANK OF S A LTD,D_term_wholesale,349549559.0,2023-07-01
416088,NEDBANK LTD,A_operational,430383321.0,2023-07-01
416088,NEDBANK LTD,B_notice_short,40851148.0,2023-07-01
416088,NEDBANK LTD,C_savings,14374314.0,2023-07-01
416088,NEDBANK LTD,D_term_wholesale,440670302.0,2023-07-01
TOTAL,*TOTAL*,A_operational,2608372854.0808,2023-07-01
TOTAL,*TOTAL*,B_notice_short,327568638.5102,2023-07-01
TOTAL,*TOTAL*,C_savings,456781329.8698,2023-07-01
TOTAL,*TOTAL*,D_term_wholesale,1790482676.4518,2023-07-01
25054,INVESTEC BANK LTD,A_operational,203184279.0,2023-08-01
25054,INVESTEC BANK LTD,B_notice_short,15563379.0,2023-08-01
25054,INVESTEC BANK LTD,C_savings,9397502.0,2023-08-01
25054,INVESTEC BANK LTD,D_term_wholesale,187763728.0,2023-08-01
333107,CAPITEC BANK,A_operational,13115399.0,2023-08-01
333107,CAPITEC BANK,B_notice_short,2284896.0,2023-08-01
333107,CAPITEC BANK,C_savings,87387990.0,2023-08-01
333107,CAPITEC BANK,D_term_wholesale,47746308.0,2023-08-01
34118,ABSA BANK LTD,A_operational,371264610.0,2023-08-01
34118,ABSA BANK LTD,B_notice_short,53862849.0,2023-08-01
34118,ABSA BANK LTD,C_savings,250750554.0,2023-08-01
34118,ABSA BANK LTD,D_term_wholesale,439271381.0,2023-08-01
416053,FIRSTRAND BANK LIMITED,A_operational,662583690.5928,2023-08-01
416053,FIRSTRAND BANK LIMITED,B_notice_short,148762031.6742,2023-08-01
416053,FIRSTRAND BANK LIMITED,C_savings,43203452.8209,2023-08-01
416053,FIRSTRAND BANK LIMITED,D_term_wholesale,280003163.6712,2023-08-01
416061,THE STANDARD BANK OF S A LTD,A_operational,735917574.0,2023-08-01
416061,THE STANDARD BANK OF S A LTD,B_notice_short,53189858.0,2023-08-01
416061,THE STANDARD BANK OF S A LTD,C_savings,35780702.0,2023-08-01
416061,THE STANDARD BANK OF S A LTD,D_term_wholesale,340371702.0,2023-08-01
416088,NEDBANK LTD,A_operational,417806097.0,2023-08-01
416088,NEDBANK LTD,B_notice_short,56478351.0,2023-08-01
416088,NEDBANK LTD,C_savings,14541147.0,2023-08-01
416088,NEDBANK LTD,D_term_wholesale,431629793.0,2023-08-01
TOTAL,*TOTAL*,A_operational,2598407299.7736,2023-08-01
TOTAL,*TOTAL*,B_notice_short,356917215.2892,2023-08-01
TOTAL,*TOTAL*,C_savings,457693078.95820004,2023-08-01
TOTAL,*TOTAL*,D_term_wholesale,1795670116.4823,2023-08-01
25054,INVESTEC BANK LTD,A_operational,203530722.0,2023-09-01
25054,INVESTEC BANK LTD,B_notice_short,13482645.0,2023-09-01
25054,INVESTEC BANK LTD,C_savings,9846983.0,2023-09-01
25054,INVESTEC BANK LTD,D_term_wholesale,185652698.0,2023-09-01
333107,CAPITEC BANK,A_operational,13459715.0,2023-09-01
333107,CAPITEC BANK,B_notice_short,2350867.0,2023-09-01
333107,CAPITEC BANK,C_savings,89422727.0,2023-09-01
333107,CAPITEC BANK,D_term_wholesale,47745087.0,2023-09-01
34118,ABSA BANK LTD,A_operational,323465927.0,2023-09-01
34118,ABSA BANK LTD,B_notice_short,112000695.0,2023-09-01
34118,ABSA BANK LTD,C_savings,252888400.0,2023-09-01
34118,ABSA BANK LTD,D_term_wholesale,433682946.0,2023-09-01
416053,FIRSTRAND BANK LIMITED,A_operational,659175868.0657,2023-09-01
416053,FIRSTRAND BANK LIMITED,B_notice_short,159881349.6478,2023-09-01
416053,FIRSTRAND BANK LIMITED,C_savings,44300104.5182,2023-09-01
416053,FIRSTRAND BANK LIMITED,D_term_wholesale,277571305.8596,2023-09-01
416061,THE STANDARD BANK OF S A LTD,A_operational,759761674.0,2023-09-01
416061,THE STANDARD BANK OF S A LTD,B_notice_short,47484399.0,2023-09-01
416061,THE STANDARD BANK OF S A LTD,C_savings,36300736.0,2023-09-01
416061,THE STANDARD BANK OF S A LTD,D_term_wholesale,348700415.0,2023-09-01
416088,NEDBANK LTD,A_operational,419672165.0,2023-09-01
416088,NEDBANK LTD,B_notice_short,49337231.0,2023-09-01
416088,NEDBANK LTD,C_savings,14686742.0,2023-09-01
416088,NEDBANK LTD,D_term_wholesale,427118464.0,2023-09-01
TOTAL,*TOTAL*,A_operational,2558390673.9837,2023-09-01
TOTAL,*TOTAL*,B_notice_short,407280446.5841,2023-09-01
TOTAL,*TOTAL*,C_savings,465683814.0439,2023-09-01
TOTAL,*TOTAL*,D_term_wholesale,1786310784.4463,2023-09-01
25054,INVESTEC BANK LTD,A_operational,200258024.0,2023-10-01
25054,INVESTEC BANK LTD,B_notice_short,13017966.0,2023-10-01
25054,INVESTEC BANK LTD,C_savings,10056056.0,2023-10-01
25054,INVESTEC BANK LTD,D_term_wholesale,184138262.0,2023-10-01
333107,CAPITEC BANK,A_operational,13370305.0,2023-10-01
333107,CAPITEC BANK,B_notice_short,2894807.0,2023-10-01
333107,CAPITEC BANK,C_savings,87525743.0,2023-10-01
333107,CAPITEC BANK,D_term_wholesale,47514133.0,2023-10-01
34118,ABSA BANK LTD,A_operational,343969927.0,2023-10-01
34118,ABSA BANK LTD,B_notice_short,94161109.0,2023-10-01
34118,ABSA BANK LTD,C_savings,255936757.0,2023-10-01
34118,ABSA BANK LTD,D_term_wholesale,429323452.0,2023-10-01
416053,FIRSTRAND BANK LIMITED,A_operational,662717474.9004,2023-10-01
416053,FIRSTRAND BANK LIMITED,B_notice_short,161775263.7055,2023-10-01
416053,FIRSTRAND BANK LIMITED,C_savings,45358895.3209,2023-10-01
416053,FIRSTRAND BANK LIMITED,D_term_wholesale,276123917.821,2023-10-01
416061,THE STANDARD BANK OF S A LTD,A_operational,742486955.0,2023-10-01
416061,THE STANDARD BANK OF S A LTD,B_notice_short,60437961.0,2023-10-01
416061,THE STANDARD BANK OF S A LTD,C_savings,36916156.0,2023-10-01
416061,THE STANDARD BANK OF S A LTD,D_term_wholesale,324017292.0,2023-10-01
416088,NEDBANK LTD,A_operational,424839937.0,2023-10-01
416088,NEDBANK LTD,B_notice_short,46563220.0,2023-10-01
416088,NEDBANK LTD,C_savings,14908257.0,2023-10-01
416088,NEDBANK LTD,D_term_wholesale,432789358.0,2023-10-01
TOTAL,*TOTAL*,A_operational,2569135805.4556,2023-10-01
TOTAL,*TOTAL*,B_notice_short,400416273.0745,2023-10-01
TOTAL,*TOTAL*,C_savings,468089612.9401,2023-10-01
TOTAL,*TOTAL*,D_term_wholesale,1759286880.3122,2023-10-01
25054,INVESTEC BANK LTD,A_operational,206257068.0,2023-11-01
25054,INVESTEC BANK LTD,B_notice_short,19061013.0,2023-11-01
25054,INVESTEC BANK LTD,C_savings,10364249.0,2023-11-01
25054,INVESTEC BANK LTD,D_term_wholesale,177258630.0,2023-11-01
333107,CAPITEC BANK,A_operational,13321291.0,2023-11-01
333107,CAPITEC BANK,B_notice_short,4423527.0,2023-11-01
333107,CAPITEC BANK,C_savings,91340625.0,2023-11-01
333107,CAPITEC BANK,D_term_wholesale,45711804.0,2023-11-01
34118,ABSA BANK LTD,A_operational,371786530.0,2023-11-01
34118,ABSA BANK LTD,B_notice_short,84742346.0,2023-11-01
34118,ABSA BANK LTD,C_savings,259187397.0,2023-11-01
34118,ABSA BANK LTD,D_term_wholesale,415775616.0,2023-11-01
416053,FIRSTRAND BANK LIMITED,A_operational,686517353.1832,2023-11-01
416053,FIRSTRAND BANK LIMITED,B_notice_short,159086946.2784,2023-11-01
416053,FIRSTRAND BANK LIMITED,C_savings,46002113.8342,2023-11-01
416053,FIRSTRAND BANK LIMITED,D_term_wholesale,265474613.2387,2023-11-01
416061,THE STANDARD BANK OF S A LTD,A_operational,759654843.0,2023-11-01
416061,THE STANDARD BANK OF S A LTD,B_notice_short,59897429.0,2023-11-01
416061,THE STANDARD BANK OF S A LTD,C_savings,37112115.0,2023-11-01
416061,THE STANDARD BANK OF S A LTD,D_term_wholesale,308339783.0,2023-11-01
416088,NEDBANK LTD,A_operational,449329899.0,2023-11-01
416088,NEDBANK LTD,B_notice_short,44546870.0,2023-11-01
416088,NEDBANK LTD,C_savings,14865448.0,2023-11-01
416088,NEDBANK LTD,D_term_wholesale,432342455.0,2023-11-01
TOTAL,*TOTAL*,A_operational,2676910411.0921,2023-11-01
TOTAL,*TOTAL*,B_notice_short,389990454.0344,2023-11-01
TOTAL,*TOTAL*,C_savings,476219001.6991,2023-11-01
TOTAL,*TOTAL*,D_term_wholesale,1714108243.904,2023-11-01
25054,INVESTEC BANK LTD,A_operational,199147730.0,2023-12-01
25054,INVESTEC BANK LTD,B_notice_short,20931553.0,2023-12-01
25054,INVESTEC BANK LTD,C_savings,11069741.0,2023-12-01
25054,INVESTEC BANK LTD,D_term_wholesale,174228442.0,2023-12-01
333107,CAPITEC BANK,A_operational,13798554.0,2023-12-01
333107,CAPITEC BANK,B_notice_short,3253607.0,2023-12-01
333107,CAPITEC BANK,C_savings,88349492.0,2023-12-01
333107,CAPITEC BANK,D_term_wholesale,45305318.0,2023-12-01
34118,ABSA BANK LTD,A_operational,293204458.0,2023-12-01
34118,ABSA BANK LTD,B_notice_short,147156030.0,2023-12-01
34118,ABSA BANK LTD,C_savings,259770287.0,2023-12-01
34118,ABSA BANK LTD,D_term_wholesale,422969102.0,2023-12-01
416053,FIRSTRAND BANK LIMITED,A_operational,670092592.7571,2023-12-01
416053,FIRSTRAND BANK LIMITED,B_notice_short,160018795.6176,2023-12-01
416053,FIRSTRAND BANK LIMITED,C_savings,48197076.6089,2023-12-01
416053,FIRSTRAND BANK LIMITED,D_term_wholesale,266119175.336,2023-12-01
416061,THE STANDARD BANK OF S A LTD,A_operational,790852985.0,2023-12-01
416061,THE STANDARD BANK OF S A LTD,B_notice_short,58594696.0,2023-12-01
416061,THE STANDARD BANK OF S A LTD,C_savings,36900648.0,2023-12-01
416061,THE STANDARD BANK OF S A LTD,D_term_wholesale,306804516.0,2023-12-01
416088,NEDBANK LTD,A_operational,435037459.0,2023-12-01
416088,NEDBANK LTD,B_notice_short,48065016.0,2023-12-01
416088,NEDBANK LTD,C_savings,14051619.0,2023-12-01
416088,NEDBANK LTD,D_term_wholesale,457880697.0,2023-12-01
TOTAL,*TOTAL*,A_operational,2581144202.268,2023-12-01
TOTAL,*TOTAL*,B_notice_short,461016986.81109995,2023-12-01
TOTAL,*TOTAL*,C_savings,475126683.44360006,2023-12-01
TOTAL,*TOTAL*,D_term_wholesale,1739181485.5271,2023-12-01
25054,INVESTEC BANK LTD,A_operational,198407740.0,2024-01-01
25054,INVESTEC BANK LTD,B_notice_short,25492420.0,2024-01-01
25054,INVESTEC BANK LTD,C_savings,10708789.0,2024-01-01
25054,INVESTEC BANK LTD,D_term_wholesale,174327686.0,2024-01-01
333107,CAPITEC BANK,A_operational,13832446.0,2024-01-01
333107,CAPITEC BANK,B_notice_short,2799764.0,2024-01-01
333107,CAPITEC BANK,C_savings,85512844.0,2024-01-01
333107,CAPITEC BANK,D_term_wholesale,46341428.0,2024-01-01
34118,ABSA BANK LTD,A_operational,359699229.0,2024-01-01
34118,ABSA BANK LTD,B_notice_short,71704506.0,2024-01-01
34118,ABSA BANK LTD,C_savings,261285724.0,2024-01-01
34118,ABSA BANK LTD,D_term_wholesale,423217328.0,2024-01-01
416053,FIRSTRAND BANK LIMITED,A_operational,666467467.289,2024-01-01
416053,FIRSTRAND BANK LIMITED,B_notice_short,161122813.0954,2024-01-01
416053,FIRSTRAND BANK LIMITED,C_savings,46154265.328,2024-01-01
416053,FIRSTRAND BANK LIMITED,D_term_wholesale,271486397.5334,2024-01-01
416061,THE STANDARD BANK OF S A LTD,A_operational,771657043.0,2024-01-01
416061,THE STANDARD BANK OF S A LTD,B_notice_short,46890524.0,2024-01-01
416061,THE STANDARD BANK OF S A LTD,C_savings,36103116.0,2024-01-01
416061,THE STANDARD BANK OF S A LTD,D_term_wholesale,319812356.0,2024-01-01
416088,NEDBANK LTD,A_operational,421854660.0,2024-01-01
416088,NEDBANK LTD,B_notice_short,64512687.0,2024-01-01
416088,NEDBANK LTD,C_savings,13509920.0,2024-01-01
416088,NEDBANK LTD,D_term_wholesale,453090732.0,2024-01-01
TOTAL,*TOTAL*,A_operational,2613197254.099,2024-01-01
TOTAL,*TOTAL*,B_notice_short,398207508.8933,2024-01-01
TOTAL,*TOTAL*,C_savings,471091805.557,2024-01-01
TOTAL,*TOTAL*,D_term_wholesale,1756546289.2421,2024-01-01
25054,INVESTEC BANK LTD,A_operational,202586099.0,2024-02-01
25054,INVESTEC BANK LTD,B_notice_short,23641690.0,2024-02-01
25054,INVESTEC BANK LTD,C_savings,10111704.0,2024-02-01
25054,INVESTEC BANK LTD,D_term_wholesale,174059044.0,2024-02-01
333107,CAPITEC BANK,A_operational,13574821.0,2024-02-01
333107,CAPITEC BANK,B_notice_short,2510397.0,2024-02-01
333107,CAPITEC BANK,C_savings,88870181.0,2024-02-01
333107,CAPITEC BANK,D_term_wholesale,47323692.0,2024-02-01
34118,ABSA BANK LTD,A_operational,363586367.0,2024-02-01
34118,ABSA BANK LTD,B_notice_short,80794371.0,2024-02-01
34118,ABSA BANK LTD,C_savings,261296601.0,2024-02-01
34118,ABSA BANK LTD,D_term_wholesale,423662013.0,2024-02-01
416053,FIRSTRAND BANK LIMITED,A_operational,664815371.437,2024-02-01
416053,FIRSTRAND BANK LIMITED,B_notice_short,168002446.09039998,2024-02-01
416053,FIRSTRAND BANK LIMITED,C_savings,45488123.7643,2024-02-01
416053,FIRSTRAND BANK LIMITED,D_term_wholesale,270101090.2965,2024-02-01
416061,THE STANDARD BANK OF S A LTD,A_operational,757542651.0,2024-02-01
416061,THE STANDARD BANK OF S A LTD,B_notice_short,46444772.0,2024-02-01
416061,THE STANDARD BANK OF S A LTD,C_savings,35738746.0,2024-02-01
416061,THE STANDARD BANK OF S A LTD,D_term_wholesale,336075535.0,2024-02-01
416088,NEDBANK LTD,A_operational,434386804.0,2024-02-01
416088,NEDBANK LTD,B_notice_short,62592686.0,2024-02-01
416088,NEDBANK LTD,C_savings,13704513.0,2024-02-01
416088,NEDBANK LTD,D_term_wholesale,447409340.0,2024-02-01
TOTAL,*TOTAL*,A_operational,2616239028.167,2024-02-01
TOTAL,*TOTAL*,B_notice_short,410301388.61289996,2024-02-01
TOTAL,*TOTAL*,C_savings,472037499.44659996,2024-02-01
TOTAL,*TOTAL*,D_term_wholesale,1774216439.5146,2024-02-01
25054,INVESTEC BANK LTD,A_operational,187831966.0,2024-03-01
25054,INVESTEC BANK LTD,B_notice_short,27138967.0,2024-03-01
25054,INVESTEC BANK LTD,C_savings,10085570.0,2024-03-01
25054,INVESTEC BANK LTD,D_term_wholesale,170194234.0,2024-03-01
333107,CAPITEC BANK,A_operational,15678618.0,2024-03-01
333107,CAPITEC BANK,B_notice_short,2495851.0,2024-03-01
333107,CAPITEC BANK,C_savings,88414223.0,2024-03-01
333107,CAPITEC BANK,D_term_wholesale,47985579.0,2024-03-01
34118,ABSA BANK LTD,A_operational,287412750.0,2024-03-01
34118,ABSA BANK LTD,B_notice_short,165516661.0,2024-03-01
34118,ABSA BANK LTD,C_savings,265328960.0,2024-03-01
34118,ABSA BANK LTD,D_term_wholesale,429058460.0,2024-03-01
416053,FIRSTRAND BANK LIMITED,A_operational,672619398.0258,2024-03-01
416053,FIRSTRAND BANK LIMITED,B_notice_short,180687567.393,2024-03-01
416053,FIRSTRAND BANK LIMITED,C_savings,48263026.0217,2024-03-01
416053,FIRSTRAND BANK LIMITED,D_term_wholesale,261525459.4206,2024-03-01
416061,THE STANDARD BANK OF S A LTD,A_operational,813055154.0,2024-03-01
416061,THE STANDARD BANK OF S A LTD,B_notice_short,53077571.0,2024-03-01
416061,THE STANDARD BANK OF S A LTD,C_savings,36963050.0,2024-03-01
416061,THE STANDARD BANK OF S A LTD,D_term_wholesale,337161078.0,2024-03-01
416088,NEDBANK LTD,A_operational,444211833.0,2024-03-01
416088,NEDBANK LTD,B_notice_short,52714688.0,2024-03-01
416088,NEDBANK LTD,C_savings,14060224.0,2024-03-01
416088,NEDBANK LTD,D_term_wholesale,447737795.0,2024-03-01
TOTAL,*TOTAL*,A_operational,2603650939.8258,2024-03-01
TOTAL,*TOTAL*,B_notice_short,509479613.4038,2024-03-01
TOTAL,*TOTAL*,C_savings,479864709.698,2024-03-01
TOTAL,*TOTAL*,D_term_wholesale,1767981030.7897,2024-03-01
25054,INVESTEC BANK LTD,A_operational,194515783.0,2024-04-01
25054,INVESTEC BANK LTD,B_notice_short,24509733.0,2024-04-01
25054,INVESTEC BANK LTD,C_savings,10250472.0,2024-04-01
25054,INVESTEC BANK LTD,D_term_wholesale,159250907.0,2024-04-01
333107,CAPITEC BANK,A_operational,15228182.0,2024-04-01
333107,CAPITEC BANK,B_notice_short,2537112.0,2024-04-01
333107,CAPITEC BANK,C_savings,89673009.0,2024-04-01
333107,CAPITEC BANK,D_term_wholesale,48798903.0,2024-04-01
34118,ABSA BANK LTD,A_operational,276491051.0,2024-04-01
34118,ABSA BANK LTD,B_notice_short,178900805.0,2024-04-01
34118,ABSA BANK LTD,C_savings,268401384.0,2024-04-01
34118,ABSA BANK LTD,D_term_wholesale,437842713.0,2024-04-01
416053,FIRSTRAND BANK LIMITED,A_operational,656853231.5343,2024-04-01
416053,FIRSTRAND BANK LIMITED,B_notice_short,182975666.48770002,2024-04-01
416053,FIRSTRAND BANK LIMITED,C_savings,49195893.2099,2024-04-01
416053,FIRSTRAND BANK LIMITED,D_term_wholesale,273379922.2033,2024-04-01
416061,THE STANDARD BANK OF S A LTD,A_operational,790640127.0,2024-04-01
416061,THE STANDARD BANK OF S A LTD,B_notice_short,58762667.0,2024-04-01
416061,THE STANDARD BANK OF S A LTD,C_savings,37145958.0,2024-04-01
416061,THE STANDARD BANK OF S A LTD,D_term_wholesale,327585222.0,2024-04-01
416088,NEDBANK LTD,A_operational,440193616.0,2024-04-01
416088,NEDBANK LTD,B_notice_short,52947475.0,2024-04-01
416088,NEDBANK LTD,C_savings,14269831.0,2024-04-01
416088,NEDBANK LTD,D_term_wholesale,449379902.0,2024-04-01
TOTAL,*TOTAL*,A_operational,2562050563.0943,2024-04-01
TOTAL,*TOTAL*,B_notice_short,532041937.45750004,2024-04-01
TOTAL,*TOTAL*,C_savings,486979217.6882,2024-04-01
TOTAL,*TOTAL*,D_term_wholesale,1768871878.6204,2024-04-01
25054,INVESTEC BANK LTD,A_operational,184263756.0,2024-05-01
25054,INVESTEC BANK LTD,B_notice_short,15896352.0,2024-05-01
25054,INVESTEC BANK LTD,C_savings,10238012.0,2024-05-01
25054,INVESTEC BANK LTD,D_term_wholesale,160844505.0,2024-05-01
333107,CAPITEC BANK,A_operational,14766342.0,2024-05-01
333107,CAPITEC BANK,B_notice_short,2873218.0,2024-05-01
333107,CAPITEC BANK,C_savings,91243592.0,2024-05-01
333107,CAPITEC BANK,D_term_wholesale,49051724.0,2024-05-01
34118,ABSA BANK LTD,A_operational,283796252.0,2024-05-01
34118,ABSA BANK LTD,B_notice_short,175155171.0,2024-05-01
34118,ABSA BANK LTD,C_savings,274599276.0,2024-05-01
34118,ABSA BANK LTD,D_term_wholesale,436202121.0,2024-05-01
416053,FIRSTRAND BANK LIMITED,A_operational,650870076.3092,2024-05-01
416053,FIRSTRAND BANK LIMITED,B_notice_short,186398716.1528,2024-05-01
416053,FIRSTRAND BANK LIMITED,C_savings,50471406.3659,2024-05-01
416053,FIRSTRAND BANK LIMITED,D_term_wholesale,267234095.78260002,2024-05-01
416061,THE STANDARD BANK OF S A LTD,A_operational,774985217.0,2024-05-01
416061,THE STANDARD BANK OF S A LTD,B_notice_short,58738293.0,2024-05-01
416061,THE STANDARD BANK OF S A LTD,C_savings,37068658.0,2024-05-01
416061,THE STANDARD BANK OF S A LTD,D_term_wholesale,322802137.0,2024-05-01
416088,NEDBANK LTD,A_operational,439741625.0,2024-05-01
416088,NEDBANK LTD,B_notice_short,52346903.0,2024-05-01
416088,NEDBANK LTD,C_savings,14439748.0,2024-05-01
416088,NEDBANK LTD,D_term_wholesale,451318388.0,2024-05-01
TOTAL,*TOTAL*,A_operational,2539360937.0792,2024-05-01
TOTAL,*TOTAL*,B_notice_short,514691739.5125,2024-05-01
TOTAL,*TOTAL*,C_savings,498565638.43530005,2024-05-01
TOTAL,*TOTAL*,D_term_wholesale,1764788375.2074,2024-05-01
25054,INVESTEC BANK LTD,A_operational,187993432.0,2024-06-01
25054,INVESTEC BANK LTD,B_notice_short,26163097.0,2024-06-01
25054,INVESTEC BANK LTD,C_savings,10473900.0,2024-06-01
25054,INVESTEC BANK LTD,D_term_wholesale,158670609.0,2024-06-01
333107,CAPITEC BANK,A_operational,15194298.0,2024-06-01
333107,CAPITEC BANK,B_notice_short,2880082.0,2024-06-01
333107,CAPITEC BANK,C_savings,91485607.0,2024-06-01
333107,CAPITEC BANK,D_term_wholesale,49061232.0,2024-06-01
34118,ABSA BANK LTD,A_operational,419182397.0,2024-06-01
34118,ABSA BANK LTD,B_notice_short,56208049.0,2024-06-01
34118,ABSA BANK LTD,C_savings,272653851.0,2024-06-01
34118,ABSA BANK LTD,D_term_wholesale,418409168.0,2024-06-01
416053,FIRSTRAND BANK LIMITED,A_operational,696173885.4948,2024-06-01
416053,FIRSTRAND BANK LIMITED,B_notice_short,170267833.7101,2024-06-01
416053,FIRSTRAND BANK LIMITED,C_savings,51870765.876399994,2024-06-01
416053,FIRSTRAND BANK LIMITED,D_term_wholesale,264269315.7804,2024-06-01
416061,THE STANDARD BANK OF S A LTD,A_operational,803787113.0,2024-06-01
416061,THE STANDARD BANK OF S A LTD,B_notice_short,36364002.0,2024-06-01
416061,THE STANDARD BANK OF S A LTD,C_savings,36932720.0,2024-06-01
416061,THE STANDARD BANK OF S A LTD,D_term_wholesale,321499017.0,2024-06-01
416088,NEDBANK LTD,A_operational,455920276.0,2024-06-01
416088,NEDBANK LTD,B_notice_short,54614882.0,2024-06-01
416088,NEDBANK LTD,C_savings,14735048.0,2024-06-01
416088,NEDBANK LTD,D_term_wholesale,459250583.0,2024-06-01
TOTAL,*TOTAL*,A_operational,2764033112.2948,2024-06-01
TOTAL,*TOTAL*,B_notice_short,368421302.8821,2024-06-01
TOTAL,*TOTAL*,C_savings,498603386.5356,2024-06-01
TOTAL,*TOTAL*,D_term_wholesale,1743324455.5894,2024-06-01
25054,INVESTEC BANK LTD,A_operational,190577924.0,2024-07-01
25054,INVESTEC BANK LTD,B_notice_short,20613750.0,2024-07-01
25054,INVESTEC BANK LTD,C_savings,11075151.0,2024-07-01
25054,INVESTEC BANK LTD,D_term_wholesale,166221746.0,2024-07-01
333107,CAPITEC BANK,A_operational,15731216.0,2024-07-01
333107,CAPITEC BANK,B_notice_short,2858779.0,2024-07-01
333107,CAPITEC BANK,C_savings,91071152.0,2024-07-01
333107,CAPITEC BANK,D_term_wholesale,49782360.0,2024-07-01
34118,ABSA BANK LTD,A_operational,389159648.0,2024-07-01
34118,ABSA BANK LTD,B_notice_short,63145690.0,2024-07-01
34118,ABSA BANK LTD,C_savings,285253192.0,2024-07-01
34118,ABSA BANK LTD,D_term_wholesale,433822556.0,2024-07-01
416053,FIRSTRAND BANK LIMITED,A_operational,679728989.0988001,2024-07-01
416053,FIRSTRAND BANK LIMITED,B_notice_short,181646341.4008,2024-07-01
416053,FIRSTRAND BANK LIMITED,C_savings,53722471.7034,2024-07-01
416053,FIRSTRAND BANK LIMITED,D_term_wholesale,270135624.9335,2024-07-01
416061,THE STANDARD BANK OF S A LTD,A_operational,799719442.0,2024-07-01
416061,THE STANDARD BANK OF S A LTD,B_notice_short,58094421.0,2024-07-01
416061,THE STANDARD BANK OF S A LTD,C_savings,37612716.0,2024-07-01
416061,THE STANDARD BANK OF S A LTD,D_term_wholesale,324204834.0,2024-07-01
416088,NEDBANK LTD,A_operational,461973072.0,2024-07-01
416088,NEDBANK LTD,B_notice_short,67047643.0,2024-07-01
416088,NEDBANK LTD,C_savings,14802469.0,2024-07-01
416088,NEDBANK LTD,D_term_wholesale,466086045.0,2024-07-01
TOTAL,*TOTAL*,A_operational,2720041404.9988,2024-07-01
TOTAL,*TOTAL*,B_notice_short,418036141.4297,2024-07-01
TOTAL,*TOTAL*,C_savings,509854207.0163,2024-07-01
TOTAL,*TOTAL*,D_term_wholesale,1786192863.7610002,2024-07-01
25054,INVESTEC BANK LTD,A_operational,178208682.0,2024-08-01
25054,INVESTEC BANK LTD,B_notice_short,21011766.0,2024-08-01
25054,INVESTEC BANK LTD,C_savings,10923147.0,2024-08-01
25054,INVESTEC BANK LTD,D_term_wholesale,170000132.0,2024-08-01
333107,CAPITEC BANK,A_operational,15678595.0,2024-08-01
333107,CAPITEC BANK,B_notice_short,2692384.0,2024-08-01
333107,CAPITEC BANK,C_savings,91727334.0,2024-08-01
333107,CAPITEC BANK,D_term_wholesale,50991954.0,2024-08-01
34118,ABSA BANK LTD,A_operational,288049860.0,2024-08-01
34118,ABSA BANK LTD,B_notice_short,167808987.0,2024-08-01
34118,ABSA BANK LTD,C_savings,286737725.0,2024-08-01
34118,ABSA BANK LTD,D_term_wholesale,441250988.0,2024-08-01
416053,FIRSTRAND BANK LIMITED,A_operational,677266356.3685,2024-08-01
416053,FIRSTRAND BANK LIMITED,B_notice_short,192823685.3272,2024-08-01
416053,FIRSTRAND BANK LIMITED,C_savings,54348732.0401,2024-08-01
416053,FIRSTRAND BANK LIMITED,D_term_wholesale,270822961.7612,2024-08-01
416061,THE STANDARD BANK OF S A LTD,A_operational,812919459.0,2024-08-01
416061,THE STANDARD BANK OF S A LTD,B_notice_short,50469451.0,2024-08-01
416061,THE STANDARD BANK OF S A LTD,C_savings,37559915.0,2024-08-01
416061,THE STANDARD BANK OF S A LTD,D_term_wholesale,338727007.0,2024-08-01
416088,NEDBANK LTD,A_operational,454531528.0,2024-08-01
416088,NEDBANK LTD,B_notice_short,62616198.0,2024-08-01
416088,NEDBANK LTD,C_savings,15052355.0,2024-08-01
416088,NEDBANK LTD,D_term_wholesale,495670887.0,2024-08-01
TOTAL,*TOTAL*,A_operational,2622372057.8085,2024-08-01
TOTAL,*TOTAL*,B_notice_short,518990102.68740004,2024-08-01
TOTAL,*TOTAL*,C_savings,512827454.242,2024-08-01
TOTAL,*TOTAL*,D_term_wholesale,1845825356.6362998,2024-08-01
25054,INVESTEC BANK LTD,A_operational,176862708.0,2024-09-01
25054,INVESTEC BANK LTD,B_notice_short,23944779.0,2024-09-01
25054,INVESTEC BANK LTD,C_savings,11707875.0,2024-09-01
25054,INVESTEC BANK LTD,D_term_wholesale,175948264.0,2024-09-01
333107,CAPITEC BANK,A_operational,15464114.0,2024-09-01
333107,CAPITEC BANK,B_notice_short,3560734.0,2024-09-01
333107,CAPITEC BANK,C_savings,93327007.0,2024-09-01
333107,CAPITEC BANK,D_term_wholesale,51744520.0,2024-09-01
34118,ABSA BANK LTD,A_operational,422808908.0,2024-09-01
34118,ABSA BANK LTD,B_notice_short,39012228.0,2024-09-01
34118,ABSA BANK LTD,C_savings,285217986.0,2024-09-01
34118,ABSA BANK LTD,D_term_wholesale,453250506.0,2024-09-01
416053,FIRSTRAND BANK LIMITED,A_operational,704256411.7263,2024-09-01
416053,FIRSTRAND BANK LIMITED,B_notice_short,185722604.1567,2024-09-01
416053,FIRSTRAND BANK LIMITED,C_savings,55085040.0731,2024-09-01
416053,FIRSTRAND BANK LIMITED,D_term_wholesale,270127696.6874,2024-09-01
416061,THE STANDARD BANK OF S A LTD,A_operational,839089323.0,2024-09-01
416061,THE STANDARD BANK OF S A LTD,B_notice_short,51818551.0,2024-09-01
416061,THE STANDARD BANK OF S A LTD,C_savings,37708620.0,2024-09-01
416061,THE STANDARD BANK OF S A LTD,D_term_wholesale,341742596.0,2024-09-01
416088,NEDBANK LTD,A_operational,477386686.0,2024-09-01
416088,NEDBANK LTD,B_notice_short,61493226.0,2024-09-01
416088,NEDBANK LTD,C_savings,15246467.0,2024-09-01
416088,NEDBANK LTD,D_term_wholesale,482916382.0,2024-09-01
TOTAL,*TOTAL*,A_operational,2822652217.2263002,2024-09-01
TOTAL,*TOTAL*,B_notice_short,384074303.8558,2024-09-01
TOTAL,*TOTAL*,C_savings,515081718.16359997,2024-09-01
TOTAL,*TOTAL*,D_term_wholesale,1852202468.6888,2024-09-01
25054,INVESTEC BANK LTD,A_operational,188616972.0,2024-10-01
25054,INVESTEC BANK LTD,B_notice_short,22796069.0,2024-10-01
25054,INVESTEC BANK LTD,C_savings,11633409.0,2024-10-01
25054,INVESTEC BANK LTD,D_term_wholesale,167149642.0,2024-10-01
333107,CAPITEC BANK,A_operational,15908381.0,2024-10-01
333107,CAPITEC BANK,B_notice_short,4724005.0,2024-10-01
333107,CAPITEC BANK,C_savings,95324217.0,2024-10-01
333107,CAPITEC BANK,D_term_wholesale,51931061.0,2024-10-01
34118,ABSA BANK LTD,A_operational,414051990.0,2024-10-01
34118,ABSA BANK LTD,B_notice_short,50252257.0,2024-10-01
34118,ABSA BANK LTD,C_savings,292476993.0,2024-10-01
34118,ABSA BANK LTD,D_term_wholesale,445726119.0,2024-10-01
416053,FIRSTRAND BANK LIMITED,A_operational,707317118.3863,2024-10-01
416053,FIRSTRAND BANK LIMITED,B_notice_short,177859138.8808,2024-10-01
416053,FIRSTRAND BANK LIMITED,C_savings,56504063.2578,2024-10-01
416053,FIRSTRAND BANK LIMITED,D_term_wholesale,295901739.5985,2024-10-01
416061,THE STANDARD BANK OF S A LTD,A_operational,814524436.0,2024-10-01
416061,THE STANDARD BANK OF S A LTD,B_notice_short,61533049.0,2024-10-01
416061,THE STANDARD BANK OF S A LTD,C_savings,38281423.0,2024-10-01
416061,THE STANDARD BANK OF S A LTD,D_term_wholesale,318489162.0,2024-10-01
416088,NEDBANK LTD,A_operational,478517960.0,2024-10-01
416088,NEDBANK LTD,B_notice_short,62918395.0,2024-10-01
416088,NEDBANK LTD,C_savings,15612844.0,2024-10-01
416088,NEDBANK LTD,D_term_wholesale,469979577.0,2024-10-01
TOTAL,*TOTAL*,A_operational,2811138349.2663,2024-10-01
TOTAL,*TOTAL*,B_notice_short,403345413.653,2024-10-01
TOTAL,*TOTAL*,C_savings,526657165.78029996,2024-10-01
TOTAL,*TOTAL*,D_term_wholesale,1821399079.0395,2024-10-01
25054,INVESTEC BANK LTD,A_operational,191036068.0,2024-11-01
25054,INVESTEC BANK LTD,B_notice_short,19725428.0,2024-11-01
25054,INVESTEC BANK LTD,C_savings,11953768.0,2024-11-01
25054,INVESTEC BANK LTD,D_term_wholesale,176188471.0,2024-11-01
333107,CAPITEC BANK,A_operational,16716509.0,2024-11-01
333107,CAPITEC BANK,B_notice_short,6238298.0,2024-11-01
333107,CAPITEC BANK,C_savings,98196648.0,2024-11-01
333107,CAPITEC BANK,D_term_wholesale,50119732.0,2024-11-01
34118,ABSA BANK LTD,A_operational,302091217.0,2024-11-01
34118,ABSA BANK LTD,B_notice_short,157765138.0,2024-11-01
34118,ABSA BANK LTD,C_savings,297901659.0,2024-11-01
34118,ABSA BANK LTD,D_term_wholesale,439151182.0,2024-11-01
416053,FIRSTRAND BANK LIMITED,A_operational,723842415.8317,2024-11-01
416053,FIRSTRAND BANK LIMITED,B_notice_short,191826411.3864,2024-11-01
416053,FIRSTRAND BANK LIMITED,C_savings,58124959.8141,2024-11-01
416053,FIRSTRAND BANK LIMITED,D_term_wholesale,297991031.211,2024-11-01
416061,THE STANDARD BANK OF S A LTD,A_operational,815223733.0,2024-11-01
416061,THE STANDARD BANK OF S A LTD,B_notice_short,50609249.0,2024-11-01
416061,THE STANDARD BANK OF S A LTD,C_savings,38373015.0,2024-11-01
416061,THE STANDARD BANK OF S A LTD,D_term_wholesale,330558106.0,2024-11-01
416088,NEDBANK LTD,A_operational,488590902.0,2024-11-01
416088,NEDBANK LTD,B_notice_short,66230181.0,2024-11-01
416088,NEDBANK LTD,C_savings,15710932.0,2024-11-01
416088,NEDBANK LTD,D_term_wholesale,462947465.0,2024-11-01
TOTAL,*TOTAL*,A_operational,2719804417.9217,2024-11-01
TOTAL,*TOTAL*,B_notice_short,518854178.25920004,2024-11-01
TOTAL,*TOTAL*,C_savings,539008138.1087,2024-11-01
TOTAL,*TOTAL*,D_term_wholesale,1830468808.415,2024-11-01
25054,INVESTEC BANK LTD,A_operational,187320728.0,2024-12-01
25054,INVESTEC BANK LTD,B_notice_short,27789143.0,2024-12-01
25054,INVESTEC BANK LTD,C_savings,12486799.0,2024-12-01
25054,INVESTEC BANK LTD,D_term_wholesale,175216177.0,2024-12-01
333107,CAPITEC BANK,A_operational,16726056.0,2024-12-01
333107,CAPITEC BANK,B_notice_short,5787326.0,2024-12-01
333107,CAPITEC BANK,C_savings,92965740.0,2024-12-01
333107,CAPITEC BANK,D_term_wholesale,49888306.0,2024-12-01
34118,ABSA BANK LTD,A_operational,298765232.0,2024-12-01
34118,ABSA BANK LTD,B_notice_short,183726124.0,2024-12-01
34118,ABSA BANK LTD,C_savings,301073244.0,2024-12-01
34118,ABSA BANK LTD,D_term_wholesale,421425595.0,2024-12-01
416053,FIRSTRAND BANK LIMITED,A_operational,725125596.9523,2024-12-01
416053,FIRSTRAND BANK LIMITED,B_notice_short,194480113.3036,2024-12-01
416053,FIRSTRAND BANK LIMITED,C_savings,59559652.6214,2024-12-01
416053,FIRSTRAND BANK LIMITED,D_term_wholesale,297748982.9023,2024-12-01
416061,THE STANDARD BANK OF S A LTD,A_operational,830961481.0,2024-12-01
416061,THE STANDARD BANK OF S A LTD,B_notice_short,85800810.0,2024-12-01
416061,THE STANDARD BANK OF S A LTD,C_savings,38017799.0,2024-12-01
416061,THE STANDARD BANK OF S A LTD,D_term_wholesale,315875207.0,2024-12-01
416088,NEDBANK LTD,A_operational,501873282.0,2024-12-01
416088,NEDBANK LTD,B_notice_short,48848294.0,2024-12-01
416088,NEDBANK LTD,C_savings,14641163.0,2024-12-01
416088,NEDBANK LTD,D_term_wholesale,465122777.0,2024-12-01
TOTAL,*TOTAL*,A_operational,2738025446.5423,2024-12-01
TOTAL,*TOTAL*,B_notice_short,577045777.8411,2024-12-01
TOTAL,*TOTAL*,C_savings,536853325.7278,2024-12-01
TOTAL,*TOTAL*,D_term_wholesale,1797317358.8645,2024-12-01
25054,INVESTEC BANK LTD,A_operational,190786395.0,2025-01-01
25054,INVESTEC BANK LTD,B_notice_short,29781070.0,2025-01-01
25054,INVESTEC BANK LTD,C_savings,12305842.0,2025-01-01
25054,INVESTEC BANK LTD,D_term_wholesale,172115478.0,2025-01-01
333107,CAPITEC BANK,A_operational,16047917.0,2025-01-01
333107,CAPITEC BANK,B_notice_short,5687143.0,2025-01-01
333107,CAPITEC BANK,C_savings,91960878.0,2025-01-01
333107,CAPITEC BANK,D_term_wholesale,51198035.0,2025-01-01
34118,ABSA BANK LTD,A_operational,275872839.0,2025-01-01
34118,ABSA BANK LTD,B_notice_short,195484466.0,2025-01-01
34118,ABSA BANK LTD,C_savings,304926075.0,2025-01-01
34118,ABSA BANK LTD,D_term_wholesale,413956388.0,2025-01-01
416053,FIRSTRAND BANK LIMITED,A_operational,707307518.6547,2025-01-01
416053,FIRSTRAND BANK LIMITED,B_notice_short,201024930.2309,2025-01-01
416053,FIRSTRAND BANK LIMITED,C_savings,56998749.927099995,2025-01-01
416053,FIRSTRAND BANK LIMITED,D_term_wholesale,303762456.9667,2025-01-01
416061,THE STANDARD BANK OF S A LTD,A_operational,815778801.0,2025-01-01
416061,THE STANDARD BANK OF S A LTD,B_notice_short,66674354.0,2025-01-01
416061,THE STANDARD BANK OF S A LTD,C_savings,37055305.0,2025-01-01
416061,THE STANDARD BANK OF S A LTD,D_term_wholesale,315009185.0,2025-01-01
416088,NEDBANK LTD,A_operational,485446108.0,2025-01-01
416088,NEDBANK LTD,B_notice_short,60467255.0,2025-01-01
416088,NEDBANK LTD,C_savings,14086252.0,2025-01-01
416088,NEDBANK LTD,D_term_wholesale,469083557.0,2025-01-01
TOTAL,*TOTAL*,A_operational,2679931412.6547,2025-01-01
TOTAL,*TOTAL*,B_notice_short,588241756.7929,2025-01-01
TOTAL,*TOTAL*,C_savings,534252241.77250004,2025-01-01
TOTAL,*TOTAL*,D_term_wholesale,1797365782.8393,2025-01-01
25054,INVESTEC BANK LTD,A_operational,197551610.0,2025-02-01
25054,INVESTEC BANK LTD,B_notice_short,28693712.0,2025-02-01
25054,INVESTEC BANK LTD,C_savings,11648154.0,2025-02-01
25054,INVESTEC BANK LTD,D_term_wholesale,177730449.0,2025-02-01
333107,CAPITEC BANK,A_operational,16453982.0,2025-02-01
333107,CAPITEC BANK,B_notice_short,5641901.0,2025-02-01
333107,CAPITEC BANK,C_savings,96421991.0,2025-02-01
333107,CAPITEC BANK,D_term_wholesale,52834860.0,2025-02-01
34118,ABSA BANK LTD,A_operational,282912410.0,2025-02-01
34118,ABSA BANK LTD,B_notice_short,187214144.0,2025-02-01
34118,ABSA BANK LTD,C_savings,298172528.0,2025-02-01
34118,ABSA BANK LTD,D_term_wholesale,399358669.0,2025-02-01
416053,FIRSTRAND BANK LIMITED,A_operational,721994188.2303,2025-02-01
416053,FIRSTRAND BANK LIMITED,B_notice_short,198077901.81689999,2025-02-01
416053,FIRSTRAND BANK LIMITED,C_savings,56510327.1016,2025-02-01
416053,FIRSTRAND BANK LIMITED,D_term_wholesale,295302749.3925,2025-02-01
416061,THE STANDARD BANK OF S A LTD,A_operational,812540756.0,2025-02-01
416061,THE STANDARD BANK OF S A LTD,B_notice_short,65540733.0,2025-02-01
416061,THE STANDARD BANK OF S A LTD,C_savings,36480444.0,2025-02-01
416061,THE STANDARD BANK OF S A LTD,D_term_wholesale,317458710.0,2025-02-01
416088,NEDBANK LTD,A_operational,491879479.0,2025-02-01
416088,NEDBANK LTD,B_notice_short,64987183.0,2025-02-01
416088,NEDBANK LTD,C_savings,14277743.0,2025-02-01
416088,NEDBANK LTD,D_term_wholesale,464741230.0,2025-02-01
TOTAL,*TOTAL*,A_operational,2706863637.6503,2025-02-01
TOTAL,*TOTAL*,B_notice_short,575395985.9402,2025-02-01
TOTAL,*TOTAL*,C_savings,532064199.5439,2025-02-01
TOTAL,*TOTAL*,D_term_wholesale,1779889706.0549,2025-02-01
25054,INVESTEC BANK LTD,A_operational,196096654.0,2025-03-01
25054,INVESTEC BANK LTD,B_notice_short,26472224.0,2025-03-01
25054,INVESTEC BANK LTD,C_savings,12253045.0,2025-03-01
25054,INVESTEC BANK LTD,D_term_wholesale,178805645.0,2025-03-01
333107,CAPITEC BANK,A_operational,16844755.0,2025-03-01
333107,CAPITEC BANK,B_notice_short,6571033.0,2025-03-01
333107,CAPITEC BANK,C_savings,91165793.0,2025-03-01
333107,CAPITEC BANK,D_term_wholesale,54056805.0,2025-03-01
34118,ABSA BANK LTD,A_operational,419973285.0,2025-03-01
34118,ABSA BANK LTD,B_notice_short,48809970.0,2025-03-01
34118,ABSA BANK LTD,C_savings,298597975.0,2025-03-01
34118,ABSA BANK LTD,D_term_wholesale,406359159.0,2025-03-01
416053,FIRSTRAND BANK LIMITED,A_operational,739362121.8179001,2025-03-01
416053,FIRSTRAND BANK LIMITED,B_notice_short,199430275.1644,2025-03-01
416053,FIRSTRAND BANK LIMITED,C_savings,57106857.8662,2025-03-01
416053,FIRSTRAND BANK LIMITED,D_term_wholesale,284406380.1001,2025-03-01
416061,THE STANDARD BANK OF S A LTD,A_operational,840460881.0,2025-03-01
416061,THE STANDARD BANK OF S A LTD,B_notice_short,52285892.0,2025-03-01
416061,THE STANDARD BANK OF S A LTD,C_savings,36652050.0,2025-03-01
416061,THE STANDARD BANK OF S A LTD,D_term_wholesale,333705065.0,2025-03-01
416088,NEDBANK LTD,A_operational,501468461.0,2025-03-01
416088,NEDBANK LTD,B_notice_short,56944010.0,2025-03-01
416088,NEDBANK LTD,C_savings,14522046.0,2025-03-01
416088,NEDBANK LTD,D_term_wholesale,488780665.0,2025-03-01
TOTAL,*TOTAL*,A_operational,2892743234.0479,2025-03-01
TOTAL,*TOTAL*,B_notice_short,424109489.55550003,2025-03-01
TOTAL,*TOTAL*,C_savings,529443889.6817,2025-03-01
TOTAL,*TOTAL*,D_term_wholesale,1818443828.3655,2025-03-01
25054,INVESTEC BANK LTD,A_operational,201083173.0,2025-04-01
25054,INVESTEC BANK LTD,B_notice_short,22877223.0,2025-04-01
25054,INVESTEC BANK LTD,C_savings,12678067.0,2025-04-01
25054,INVESTEC BANK LTD,D_term_wholesale,180013989.0,2025-04-01
333107,CAPITEC BANK,A_operational,19863442.0,2025-04-01
333107,CAPITEC BANK,B_notice_short,6671083.0,2025-04-01
333107,CAPITEC BANK,C_savings,94699580.0,2025-04-01
333107,CAPITEC BANK,D_term_wholesale,54931579.0,2025-04-01
34118,ABSA BANK LTD,A_operational,286309125.0,2025-04-01
34118,ABSA BANK LTD,B_notice_short,170671994.0,2025-04-01
34118,ABSA BANK LTD,C_savings,306967248.0,2025-04-01
34118,ABSA BANK LTD,D_term_wholesale,423557106.0,2025-04-01
416053,FIRSTRAND BANK LIMITED,A_operational,719482395.1801,2025-04-01
416053,FIRSTRAND BANK LIMITED,B_notice_short,209489358.3142,2025-04-01
416053,FIRSTRAND BANK LIMITED,C_savings,58560588.505,2025-04-01
416053,FIRSTRAND BANK LIMITED,D_term_wholesale,276474523.7106,2025-04-01
416061,THE STANDARD BANK OF S A LTD,A_operational,835361877.0,2025-04-01
416061,THE STANDARD BANK OF S A LTD,B_notice_short,68816496.0,2025-04-01
416061,THE STANDARD BANK OF S A LTD,C_savings,37061981.0,2025-04-01
416061,THE STANDARD BANK OF S A LTD,D_term_wholesale,327947064.0,2025-04-01
416088,NEDBANK LTD,A_operational,495350054.0,2025-04-01
416088,NEDBANK LTD,B_notice_short,70407229.0,2025-04-01
416088,NEDBANK LTD,C_savings,14672266.0,2025-04-01
416088,NEDBANK LTD,D_term_wholesale,488152493.0,2025-04-01
TOTAL,*TOTAL*,A_operational,2747084122.3401,2025-04-01
TOTAL,*TOTAL*,B_notice_short,582563617.9853,2025-04-01
TOTAL,*TOTAL*,C_savings,543567308.2459,2025-04-01
TOTAL,*TOTAL*,D_term_wholesale,1824367488.8179,2025-04-01
25054,INVESTEC BANK LTD,A_operational,197958125.0,2025-05-01
25054,INVESTEC BANK LTD,B_notice_short,26170423.0,2025-05-01
25054,INVESTEC BANK LTD,C_savings,13247003.0,2025-05-01
25054,INVESTEC BANK LTD,D_term_wholesale,178315707.0,2025-05-01
333107,CAPITEC BANK,A_operational,19109689.0,2025-05-01
333107,CAPITEC BANK,B_notice_short,7336122.0,2025-05-01
333107,CAPITEC BANK,C_savings,91303314.0,2025-05-01
333107,CAPITEC BANK,D_term_wholesale,56352052.0,2025-05-01
34118,ABSA BANK LTD,A_operational,294108967.0,2025-05-01
34118,ABSA BANK LTD,B_notice_short,174409471.0,2025-05-01
34118,ABSA BANK LTD,C_savings,309259731.0,2025-05-01
34118,ABSA BANK LTD,D_term_wholesale,411570106.0,2025-05-01
416053,FIRSTRAND BANK LIMITED,A_operational,715862556.1589,2025-05-01
416053,FIRSTRAND BANK LIMITED,B_notice_short,206516757.7922,2025-05-01
416053,FIRSTRAND BANK LIMITED,C_savings,59543569.1294,2025-05-01
416053,FIRSTRAND BANK LIMITED,D_term_wholesale,286169951.3068,2025-05-01
416061,THE STANDARD BANK OF S A LTD,A_operational,844414412.0,2025-05-01
416061,THE STANDARD BANK OF S A LTD,B_notice_short,61414148.0,2025-05-01
416061,THE STANDARD BANK OF S A LTD,C_savings,37624219.0,2025-05-01
416061,THE STANDARD BANK OF S A LTD,D_term_wholesale,339981421.0,2025-05-01
416088,NEDBANK LTD,A_operational,497629469.0,2025-05-01
416088,NEDBANK LTD,B_notice_short,66879615.0,2025-05-01
416088,NEDBANK LTD,C_savings,14890320.0,2025-05-01
416088,NEDBANK LTD,D_term_wholesale,504048494.0,2025-05-01
TOTAL,*TOTAL*,A_operational,2760034437.3089,2025-05-01
TOTAL,*TOTAL*,B_notice_short,578676439.3333,2025-05-01
TOTAL,*TOTAL*,C_savings,543895510.6281,2025-05-01
TOTAL,*TOTAL*,D_term_wholesale,1850422353.2904,2025-05-01
25054,INVESTEC BANK LTD,A_operational,199737010.0,2025-06-01
25054,INVESTEC BANK LTD,B_notice_short,25461922.0,2025-06-01
25054,INVESTEC BANK LTD,C_savings,13323328.0,2025-06-01
25054,INVESTEC BANK LTD,D_term_wholesale,176598402.0,2025-06-01
333107,CAPITEC BANK,A_operational,19197615.0,2025-06-01
333107,CAPITEC BANK,B_notice_short,7688728.0,2025-06-01
333107,CAPITEC BANK,C_savings,92861071.0,2025-06-01
333107,CAPITEC BANK,D_term_wholesale,57414798.0,2025-06-01
34118,ABSA BANK LTD,A_operational,429862007.0,2025-06-01
34118,ABSA BANK LTD,B_notice_short,58038742.0,2025-06-01
34118,ABSA BANK LTD,C_savings,309297874.0,2025-06-01
34118,ABSA BANK LTD,D_term_wholesale,409932474.0,2025-06-01
416053,FIRSTRAND BANK LIMITED,A_operational,742817354.5208,2025-06-01
416053,FIRSTRAND BANK LIMITED,B_notice_short,206820008.044,2025-06-01
416053,FIRSTRAND BANK LIMITED,C_savings,60000047.859699994,2025-06-01
416053,FIRSTRAND BANK LIMITED,D_term_wholesale,278162772.7655,2025-06-01
416061,THE STANDARD BANK OF S A LTD,A_operational,879586981.0,2025-06-01
416061,THE STANDARD BANK OF S A LTD,B_notice_short,57234828.0,2025-06-01
416061,THE STANDARD BANK OF S A LTD,C_savings,37989841.0,2025-06-01
416061,THE STANDARD BANK OF S A LTD,D_term_wholesale,349990009.0,2025-06-01
416088,NEDBANK LTD,A_operational,523858998.0,2025-06-01
416088,NEDBANK LTD,B_notice_short,56770062.0,2025-06-01
416088,NEDBANK LTD,C_savings,15067946.0,2025-06-01
416088,NEDBANK LTD,D_term_wholesale,488294644.0,2025-06-01
TOTAL,*TOTAL*,A_operational,2993287352.2008,2025-06-01
TOTAL,*TOTAL*,B_notice_short,437622203.7226,2025-06-01
TOTAL,*TOTAL*,C_savings,547456716.0152,2025-06-01
TOTAL,*TOTAL*,D_term_wholesale,1837000194.3204,2025-06-01
25054,INVESTEC BANK LTD,A_operational,196911339.0,2025-07-01
25054,INVESTEC BANK LTD,B_notice_short,28937800.0,2025-07-01
25054,INVESTEC BANK LTD,C_savings,14248244.0,2025-07-01
25054,INVESTEC BANK LTD,D_term_wholesale,174726376.0,2025-07-01
333107,CAPITEC BANK,A_operational,18911330.0,2025-07-01
333107,CAPITEC BANK,B_notice_short,7785841.0,2025-07-01
333107,CAPITEC BANK,C_savings,93636289.0,2025-07-01
333107,CAPITEC BANK,D_term_wholesale,58633636.0,2025-07-01
34118,ABSA BANK LTD,A_operational,402964454.0,2025-07-01
34118,ABSA BANK LTD,B_notice_short,56121649.0,2025-07-01
34118,ABSA BANK LTD,C_savings,319837250.0,2025-07-01
34118,ABSA BANK LTD,D_term_wholesale,427342995.0,2025-07-01
416053,FIRSTRAND BANK LIMITED,A_operational,728155118.1733,2025-07-01
416053,FIRSTRAND BANK LIMITED,B_notice_short,205970237.9777,2025-07-01
416053,FIRSTRAND BANK LIMITED,C_savings,62572296.081999995,2025-07-01
416053,FIRSTRAND BANK LIMITED,D_term_wholesale,290275542.7899,2025-07-01
416061,THE STANDARD BANK OF S A LTD,A_operational,863624410.0,2025-07-01
416061,THE STANDARD BANK OF S A LTD,B_notice_short,75838542.0,2025-07-01
416061,THE STANDARD BANK OF S A LTD,C_savings,37854113.0,2025-07-01
416061,THE STANDARD BANK OF S A LTD,D_term_wholesale,353057809.0,2025-07-01
416088,NEDBANK LTD,A_operational,510861759.0,2025-07-01
416088,NEDBANK LTD,B_notice_short,54409980.0,2025-07-01
416088,NEDBANK LTD,C_savings,15348718.0,2025-07-01
416088,NEDBANK LTD,D_term_wholesale,497400422.0,2025-07-01
TOTAL,*TOTAL*,A_operational,2904250587.3933,2025-07-01
TOTAL,*TOTAL*,B_notice_short,456294846.6269,2025-07-01
TOTAL,*TOTAL*,C_savings,562535063.5515,2025-07-01
TOTAL,*TOTAL*,D_term_wholesale,1878260892.0884001,2025-07-01
25054,INVESTEC BANK LTD,A_operational,195522464.0,2025-08-01
25054,INVESTEC BANK LTD,B_notice_short,25083532.0,2025-08-01
25054,INVESTEC BANK LTD,C_savings,14323915.0,2025-08-01
25054,INVESTEC BANK LTD,D_term_wholesale,175199506.0,2025-08-01
333107,CAPITEC BANK,A_operational,19973032.0,2025-08-01
333107,CAPITEC BANK,B_notice_short,8228927.0,2025-08-01
333107,CAPITEC BANK,C_savings,93512405.0,2025-08-01
333107,CAPITEC BANK,D_term_wholesale,59447830.0,2025-08-01
34118,ABSA BANK LTD,A_operational,428477623.0,2025-08-01
34118,ABSA BANK LTD,B_notice_short,68693720.0,2025-08-01
34118,ABSA BANK LTD,C_savings,316475624.0,2025-08-01
34118,ABSA BANK LTD,D_term_wholesale,417560382.0,2025-08-01
416053,FIRSTRAND BANK LIMITED,A_operational,740122071.2261,2025-08-01
416053,FIRSTRAND BANK LIMITED,B_notice_short,220650706.2875,2025-08-01
416053,FIRSTRAND BANK LIMITED,C_savings,64693838.4582,2025-08-01
416053,FIRSTRAND BANK LIMITED,D_term_wholesale,276111142.837,2025-08-01
416061,THE STANDARD BANK OF S A LTD,A_operational,890031516.0,2025-08-01
416061,THE STANDARD BANK OF S A LTD,B_notice_short,74589413.0,2025-08-01
416061,THE STANDARD BANK OF S A LTD,C_savings,37813178.0,2025-08-01
416061,THE STANDARD BANK OF S A LTD,D_term_wholesale,352230804.0,2025-08-01
416088,NEDBANK LTD,A_operational,513138304.0,2025-08-01
416088,NEDBANK LTD,B_notice_short,47783556.0,2025-08-01
416088,NEDBANK LTD,C_savings,15612113.0,2025-08-01
416088,NEDBANK LTD,D_term_wholesale,514571180.0,2025-08-01
TOTAL,*TOTAL*,A_operational,2972426417.2661,2025-08-01
TOTAL,*TOTAL*,B_notice_short,476211624.3561,2025-08-01
TOTAL,*TOTAL*,C_savings,561636071.316,2025-08-01
TOTAL,*TOTAL*,D_term_wholesale,1865539494.5764,2025-08-01
25054,INVESTEC BANK LTD,A_operational,196032019.0,2025-09-01
25054,INVESTEC BANK LTD,B_notice_short,21252126.0,2025-09-01
25054,INVESTEC BANK LTD,C_savings,14104776.0,2025-09-01
25054,INVESTEC BANK LTD,D_term_wholesale,195180349.0,2025-09-01
333107,CAPITEC BANK,A_operational,19482284.0,2025-09-01
333107,CAPITEC BANK,B_notice_short,8370912.0,2025-09-01
333107,CAPITEC BANK,C_savings,94149348.0,2025-09-01
333107,CAPITEC BANK,D_term_wholesale,59546686.0,2025-09-01
34118,ABSA BANK LTD,A_operational,411023658.0,2025-09-01
34118,ABSA BANK LTD,B_notice_short,56396358.0,2025-09-01
34118,ABSA BANK LTD,C_savings,312627069.0,2025-09-01
34118,ABSA BANK LTD,D_term_wholesale,436195225.0,2025-09-01
416053,FIRSTRAND BANK LIMITED,A_operational,759017192.7719,2025-09-01
416053,FIRSTRAND BANK LIMITED,B_notice_short,196961165.169,2025-09-01
416053,FIRSTRAND BANK LIMITED,C_savings,65353893.6172,2025-09-01
416053,FIRSTRAND BANK LIMITED,D_term_wholesale,296373273.0234,2025-09-01
416061,THE STANDARD BANK OF S A LTD,A_operational,906607734.0,2025-09-01
416061,THE STANDARD BANK OF S A LTD,B_notice_short,63802744.0,2025-09-01
416061,THE STANDARD BANK OF S A LTD,C_savings,38214880.0,2025-09-01
416061,THE STANDARD BANK OF S A LTD,D_term_wholesale,359530709.0,2025-09-01
416088,NEDBANK LTD,A_operational,527311438.0,2025-09-01
416088,NEDBANK LTD,B_notice_short,39920088.0,2025-09-01
416088,NEDBANK LTD,C_savings,15745293.0,2025-09-01
416088,NEDBANK LTD,D_term_wholesale,519678905.0,2025-09-01
TOTAL,*TOTAL*,A_operational,3012157748.2118998,2025-09-01
TOTAL,*TOTAL*,B_notice_short,414581229.8122,2025-09-01
TOTAL,*TOTAL*,C_savings,559678716.8494,2025-09-01
TOTAL,*TOTAL*,D_term_wholesale,1941511848.3988,2025-09-01
25054,INVESTEC BANK LTD,A_operational,195527920.0,2025-10-01
25054,INVESTEC BANK LTD,B_notice_short,26162207.0,2025-10-01
25054,INVESTEC BANK LTD,C_savings,14546590.0,2025-10-01
25054,INVESTEC BANK LTD,D_term_wholesale,203291416.0,2025-10-01
333107,CAPITEC BANK,A_operational,20061813.0,2025-10-01
333107,CAPITEC BANK,B_notice_short,9780089.0,2025-10-01
333107,CAPITEC BANK,C_savings,97284484.0,2025-10-01
333107,CAPITEC BANK,D_term_wholesale,59414063.0,2025-10-01
34118,ABSA BANK LTD,A_operational,300109147.0,2025-10-01
34118,ABSA BANK LTD,B_notice_short,172448767.0,2025-10-01
34118,ABSA BANK LTD,C_savings,320158974.0,2025-10-01
34118,ABSA BANK LTD,D_term_wholesale,450578803.0,2025-10-01
416053,FIRSTRAND BANK LIMITED,A_operational,758021395.1582,2025-10-01
416053,FIRSTRAND BANK LIMITED,B_notice_short,214115275.3643,2025-10-01
416053,FIRSTRAND BANK LIMITED,C_savings,67521180.1604,2025-10-01
416053,FIRSTRAND BANK LIMITED,D_term_wholesale,285165556.4594,2025-10-01
416061,THE STANDARD BANK OF S A LTD,A_operational,889886055.0,2025-10-01
416061,THE STANDARD BANK OF S A LTD,B_notice_short,82102935.0,2025-10-01
416061,THE STANDARD BANK OF S A LTD,C_savings,38648617.0,2025-10-01
416061,THE STANDARD BANK OF S A LTD,D_term_wholesale,370464214.0,2025-10-01
416088,NEDBANK LTD,A_operational,521756751.0,2025-10-01
416088,NEDBANK LTD,B_notice_short,35565714.0,2025-10-01
416088,NEDBANK LTD,C_savings,16076492.0,2025-10-01
416088,NEDBANK LTD,D_term_wholesale,529049439.0,2025-10-01
TOTAL,*TOTAL*,A_operational,2870164610.4482,2025-10-01
TOTAL,*TOTAL*,B_notice_short,572589569.2457,2025-10-01
TOTAL,*TOTAL*,C_savings,573753474.0885,2025-10-01
TOTAL,*TOTAL*,D_term_wholesale,1975391166.3817,2025-10-01
25054,INVESTEC BANK LTD,A_operational,197508049.0,2025-11-01
25054,INVESTEC BANK LTD,B_notice_short,22990199.0,2025-11-01
25054,INVESTEC BANK LTD,C_savings,14783392.0,2025-11-01
25054,INVESTEC BANK LTD,D_term_wholesale,201515598.0,2025-11-01
333107,CAPITEC BANK,A_operational,21271944.0,2025-11-01
333107,CAPITEC BANK,B_notice_short,11589163.0,2025-11-01
333107,CAPITEC BANK,C_savings,99493914.0,2025-11-01
333107,CAPITEC BANK,D_term_wholesale,57219859.0,2025-11-01
34118,ABSA BANK LTD,A_operational,450421168.0,2025-11-01
34118,ABSA BANK LTD,B_notice_short,38110795.0,2025-11-01
34118,ABSA BANK LTD,C_savings,322208195.0,2025-11-01
34118,ABSA BANK LTD,D_term_wholesale,462818780.0,2025-11-01
416053,FIRSTRAND BANK LIMITED,A_operational,793128910.4537,2025-11-01
416053,FIRSTRAND BANK LIMITED,B_notice_short,194276281.813,2025-11-01
416053,FIRSTRAND BANK LIMITED,C_savings,68990140.6106,2025-11-01
416053,FIRSTRAND BANK LIMITED,D_term_wholesale,288370114.4011,2025-11-01
416061,THE STANDARD BANK OF S A LTD,A_operational,936922543.0,2025-11-01
416061,THE STANDARD BANK OF S A LTD,B_notice_short,125370829.0,2025-11-01
416061,THE STANDARD BANK OF S A LTD,C_savings,38674421.0,2025-11-01
416061,THE STANDARD BANK OF S A LTD,D_term_wholesale,339358772.0,2025-11-01
416088,NEDBANK LTD,A_operational,548960030.0,2025-11-01
416088,NEDBANK LTD,B_notice_short,47600780.0,2025-11-01
416088,NEDBANK LTD,C_savings,16225328.0,2025-11-01
416088,NEDBANK LTD,D_term_wholesale,518466287.0,2025-11-01
TOTAL,*TOTAL*,A_operational,3138083157.5337,2025-11-01
TOTAL,*TOTAL*,B_notice_short,471516153.7153,2025-11-01
TOTAL,*TOTAL*,C_savings,582604306.7175,2025-11-01
TOTAL,*TOTAL*,D_term_wholesale,1948276001.859,2025-11-01
25054,INVESTEC BANK LTD,A_operational,198153634.0,2025-12-01
25054,INVESTEC BANK LTD,B_notice_short,31087334.0,2025-12-01
25054,INVESTEC BANK LTD,C_savings,15330830.0,2025-12-01
25054,INVESTEC BANK LTD,D_term_wholesale,198501698.0,2025-12-01
333107,CAPITEC BANK,A_operational,21599652.0,2025-12-01
333107,CAPITEC BANK,B_notice_short,10661164.0,2025-12-01
333107,CAPITEC BANK,C_savings,95601413.0,2025-12-01
333107,CAPITEC BANK,D_term_wholesale,57308343.0,2025-12-01
34118,ABSA BANK LTD,A_operational,324543119.0,2025-12-01
34118,ABSA BANK LTD,B_notice_short,198513251.0,2025-12-01
34118,ABSA BANK LTD,C_savings,323535629.0,2025-12-01
34118,ABSA BANK LTD,D_term_wholesale,438455425.0,2025-12-01
416053,FIRSTRAND BANK LIMITED,A_operational,787213843.0777,2025-12-01
416053,FIRSTRAND BANK LIMITED,B_notice_short,202056662.9461,2025-12-01
416053,FIRSTRAND BANK LIMITED,C_savings,69422433.448,2025-12-01
416053,FIRSTRAND BANK LIMITED,D_term_wholesale,295414732.3388,2025-12-01
416061,THE STANDARD BANK OF S A LTD,A_operational,916621808.0,2025-12-01
416061,THE STANDARD BANK OF S A LTD,B_notice_short,126385129.0,2025-12-01
416061,THE STANDARD BANK OF S A LTD,C_savings,37855424.0,2025-12-01
416061,THE STANDARD BANK OF S A LTD,D_term_wholesale,334537607.0,2025-12-01
416088,NEDBANK LTD,A_operational,551398843.0,2025-12-01
416088,NEDBANK LTD,B_notice_short,48900278.0,2025-12-01
416088,NEDBANK LTD,C_savings,15096634.0,2025-12-01
416088,NEDBANK LTD,D_term_wholesale,512127493.0,2025-12-01
TOTAL,*TOTAL*,A_operational,2985939534.3277,2025-12-01
TOTAL,*TOTAL*,B_notice_short,654351754.1824,2025-12-01
TOTAL,*TOTAL*,C_savings,580916814.7593,2025-12-01
TOTAL,*TOTAL*,D_term_wholesale,1908186143.9582,2025-12-01
25054,INVESTEC BANK LTD,A_operational,203397338.0,2026-01-01
25054,INVESTEC BANK LTD,B_notice_short,30498692.0,2026-01-01
25054,INVESTEC BANK LTD,C_savings,15215471.0,2026-01-01
25054,INVESTEC BANK LTD,D_term_wholesale,193750702.0,2026-01-01
333107,CAPITEC BANK,A_operational,21970340.0,2026-01-01
333107,CAPITEC BANK,B_notice_short,9975464.0,2026-01-01
333107,CAPITEC BANK,C_savings,92462822.0,2026-01-01
333107,CAPITEC BANK,D_term_wholesale,58436634.0,2026-01-01
34118,ABSA BANK LTD,A_operational,308035146.0,2026-01-01
34118,ABSA BANK LTD,B_notice_short,187699716.0,2026-01-01
34118,ABSA BANK LTD,C_savings,326484067.0,2026-01-01
34118,ABSA BANK LTD,D_term_wholesale,446018828.0,2026-01-01
416053,FIRSTRAND BANK LIMITED,A_operational,779545150.0505999,2026-01-01
416053,FIRSTRAND BANK LIMITED,B_notice_short,212559410.2794,2026-01-01
416053,FIRSTRAND BANK LIMITED,C_savings,67044438.018699996,2026-01-01
416053,FIRSTRAND BANK LIMITED,D_term_wholesale,301588537.0536,2026-01-01
416061,THE STANDARD BANK OF S A LTD,A_operational,910898242.0,2026-01-01
416061,THE STANDARD BANK OF S A LTD,B_notice_short,86245595.0,2026-01-01
416061,THE STANDARD BANK OF S A LTD,C_savings,36476620.0,2026-01-01
416061,THE STANDARD BANK OF S A LTD,D_term_wholesale,361133069.0,2026-01-01
416088,NEDBANK LTD,A_operational,534253550.0,2026-01-01
416088,NEDBANK LTD,B_notice_short,48892127.0,2026-01-01
416088,NEDBANK LTD,C_savings,14570775.0,2026-01-01
416088,NEDBANK LTD,D_term_wholesale,532714413.0,2026-01-01
TOTAL,*TOTAL*,A_operational,2938285067.7306,2026-01-01
TOTAL,*TOTAL*,B_notice_short,605045076.5408,2026-01-01
TOTAL,*TOTAL*,C_savings,571528995.5605999,2026-01-01
TOTAL,*TOTAL*,D_term_wholesale,1969560951.0913,2026-01-01
25054,INVESTEC BANK LTD,A_operational,205502576.0,2026-02-01
25054,INVESTEC BANK LTD,B_notice_short,32042766.0,2026-02-01
25054,INVESTEC BANK LTD,C_savings,14651098.0,2026-02-01
25054,INVESTEC BANK LTD,D_term_wholesale,195715507.0,2026-02-01
333107,CAPITEC BANK,A_operational,21961462.0,2026-02-01
333107,CAPITEC BANK,B_notice_short,10084888.0,2026-02-01
333107,CAPITEC BANK,C_savings,97881098.0,2026-02-01
333107,CAPITEC BANK,D_term_wholesale,58810605.0,2026-02-01
34118,ABSA BANK LTD,A_operational,319515036.0,2026-02-01
34118,ABSA BANK LTD,B_notice_short,185772853.0,2026-02-01
34118,ABSA BANK LTD,C_savings,318585148.0,2026-02-01
34118,ABSA BANK LTD,D_term_wholesale,453296895.0,2026-02-01
416053,FIRSTRAND BANK LIMITED,A_operational,775859146.1967,2026-02-01
416053,FIRSTRAND BANK LIMITED,B_notice_short,202327723.87170002,2026-02-01
416053,FIRSTRAND BANK LIMITED,C_savings,65849848.3315,2026-02-01
416053,FIRSTRAND BANK LIMITED,D_term_wholesale,303512646.2405,2026-02-01
416061,THE STANDARD BANK OF S A LTD,A_operational,902037815.0,2026-02-01
416061,THE STANDARD BANK OF S A LTD,B_notice_short,91748600.0,2026-02-01
416061,THE STANDARD BANK OF S A LTD,C_savings,36018284.0,2026-02-01
416061,THE STANDARD BANK OF S A LTD,D_term_wholesale,392173323.0,2026-02-01
416088,NEDBANK LTD,A_operational,534349522.0,2026-02-01
416088,NEDBANK LTD,B_notice_short,49109434.0,2026-02-01
416088,NEDBANK LTD,C_savings,14780105.0,2026-02-01
416088,NEDBANK LTD,D_term_wholesale,545841310.0,2026-02-01
TOTAL,*TOTAL*,A_operational,2936906164.6367,2026-02-01
TOTAL,*TOTAL*,B_notice_short,590636877.2218,2026-02-01
TOTAL,*TOTAL*,C_savings,566227166.8560001,2026-02-01
TOTAL,*TOTAL*,D_term_wholesale,2028311529.3751,2026-02-01
25054,INVESTEC BANK LTD,A_operational,216452937.0,2026-03-01
25054,INVESTEC BANK LTD,B_notice_short,24263512.0,2026-03-01
25054,INVESTEC BANK LTD,C_savings,14954847.0,2026-03-01
25054,INVESTEC BANK LTD,D_term_wholesale,198542183.0,2026-03-01
333107,CAPITEC BANK,A_operational,21849973.0,2026-03-01
333107,CAPITEC BANK,B_notice_short,10006672.0,2026-03-01
333107,CAPITEC BANK,C_savings,97630831.0,2026-03-01
333107,CAPITEC BANK,D_term_wholesale,59856470.0,2026-03-01
34118,ABSA BANK LTD,A_operational,415052128.0,2026-03-01
34118,ABSA BANK LTD,B_notice_short,51011273.0,2026-03-01
34118,ABSA BANK LTD,C_savings,325606672.0,2026-03-01
34118,ABSA BANK LTD,D_term_wholesale,466237632.0,2026-03-01
416053,FIRSTRAND BANK LIMITED,A_operational,794564463.4169999,2026-03-01
416053,FIRSTRAND BANK LIMITED,B_notice_short,207965320.3829,2026-03-01
416053,FIRSTRAND BANK LIMITED,C_savings,67854086.152,2026-03-01
416053,FIRSTRAND BANK LIMITED,D_term_wholesale,306637360.0601,2026-03-01
416061,THE STANDARD BANK OF S A LTD,A_operational,944401470.0,2026-03-01
416061,THE STANDARD BANK OF S A LTD,B_notice_short,64856009.0,2026-03-01
416061,THE STANDARD BANK OF S A LTD,C_savings,36773612.0,2026-03-01
416061,THE STANDARD BANK OF S A LTD,D_term_wholesale,395799979.0,2026-03-01
416088,NEDBANK LTD,A_operational,549467170.0,2026-03-01
416088,NEDBANK LTD,B_notice_short,60126181.0,2026-03-01
416088,NEDBANK LTD,C_savings,15154945.0,2026-03-01
416088,NEDBANK LTD,D_term_wholesale,515222693.0,2026-03-01
TOTAL,*TOTAL*,A_operational,3131788011.357,2026-03-01
TOTAL,*TOTAL*,B_notice_short,439390127.5648,2026-03-01
TOTAL,*TOTAL*,C_savings,579174351.6769,2026-03-01
TOTAL,*TOTAL*,D_term_wholesale,2022107934.3971,2026-03-01
25054,INVESTEC BANK LTD,A_operational,220047613.0,2026-04-01
25054,INVESTEC BANK LTD,B_notice_short,29261804.0,2026-04-01
25054,INVESTEC BANK LTD,C_savings,15475483.0,2026-04-01
25054,INVESTEC BANK LTD,D_term_wholesale,213112365.0,2026-04-01
333107,CAPITEC BANK,A_operational,24508590.0,2026-04-01
333107,CAPITEC BANK,B_notice_short,10051590.0,2026-04-01
333107,CAPITEC BANK,C_savings,99451325.0,2026-04-01
333107,CAPITEC BANK,D_term_wholesale,61014833.0,2026-04-01
34118,ABSA BANK LTD,A_operational,297771569.0,2026-04-01
34118,ABSA BANK LTD,B_notice_short,197253767.0,2026-04-01
34118,ABSA BANK LTD,C_savings,328714129.0,2026-04-01
34118,ABSA BANK LTD,D_term_wholesale,456267327.0,2026-04-01
416053,FIRSTRAND BANK LIMITED,A_operational,764351629.4865,2026-04-01
416053,FIRSTRAND BANK LIMITED,B_notice_short,205467448.7757,2026-04-01
416053,FIRSTRAND BANK LIMITED,C_savings,68665568.0139,2026-04-01
416053,FIRSTRAND BANK LIMITED,D_term_wholesale,320798280.1534,2026-04-01
416061,THE STANDARD BANK OF S A LTD,A_operational,944368716.0,2026-04-01
416061,THE STANDARD BANK OF S A LTD,B_notice_short,116746945.0,2026-04-01
416061,THE STANDARD BANK OF S A LTD,C_savings,36954168.0,2026-04-01
416061,THE STANDARD BANK OF S A LTD,D_term_wholesale,382524672.0,2026-04-01
416088,NEDBANK LTD,A_operational,524413558.0,2026-04-01
416088,NEDBANK LTD,B_notice_short,50672283.0,2026-04-01
416088,NEDBANK LTD,C_savings,15357072.0,2026-04-01
416088,NEDBANK LTD,D_term_wholesale,541229472.0,2026-04-01
TOTAL,*TOTAL*,A_operational,2961121848.7565,2026-04-01
TOTAL,*TOTAL*,B_notice_short,630799888.7182,2026-04-01
TOTAL,*TOTAL*,C_savings,585530294.4791,2026-04-01
TOTAL,*TOTAL*,D_term_wholesale,2052733353.6907,2026-04-01
