Period,KBP,Value
2008-01-01,KBP1485M,11.0
2008-02-01,KBP1485M,11.0
2008-03-01,KBP1485M,11.0
2008-04-01,KBP1485M,11.5
2008-05-01,KBP1485M,11.5
2008-06-01,KBP1485M,12.0
2008-07-01,KBP1485M,12.0
2008-08-01,KBP1485M,12.0
2008-09-01,KBP1485M,12.0
2008-10-01,KBP1485M,12.0
2008-11-01,KBP1485M,12.0
2008-12-01,KBP1485M,11.5
2009-01-01,KBP1485M,11.5
2009-02-01,KBP1485M,10.5
2009-03-01,KBP1485M,9.5
2009-04-01,KBP1485M,9.5
2009-05-01,KBP1485M,7.5
2009-06-01,KBP1485M,7.5
2009-07-01,KBP1485M,7.5
2009-08-01,KBP1485M,7.0
2009-09-01,KBP1485M,7.0
2009-10-01,KBP1485M,7.0
2009-11-01,KBP1485M,7.0
2009-12-01,KBP1485M,7.0
2010-01-01,KBP1485M,7.0
2010-02-01,KBP1485M,7.0
2010-03-01,KBP1485M,6.5
2010-04-01,KBP1485M,6.5
2010-05-01,KBP1485M,6.5
2010-06-01,KBP1485M,6.5
2010-07-01,KBP1485M,6.5
2010-08-01,KBP1485M,6.5
2010-09-01,KBP1485M,6.0
2010-10-01,KBP1485M,6.0
2010-11-01,KBP1485M,5.5
2010-12-01,KBP1485M,5.5
2011-01-01,KBP1485M,5.5
2011-02-01,KBP1485M,5.5
2011-03-01,KBP1485M,5.5
2011-04-01,KBP1485M,5.5
2011-05-01,KBP1485M,5.5
2011-06-01,KBP1485M,5.5
2011-07-01,KBP1485M,5.5
2011-08-01,KBP1485M,5.5
2011-09-01,KBP1485M,5.5
2011-10-01,KBP1485M,5.5
2011-11-01,KBP1485M,5.5
2011-12-01,KBP1485M,5.5
2012-01-01,KBP1485M,5.5
2012-02-01,KBP1485M,5.5
2012-03-01,KBP1485M,5.5
2012-04-01,KBP1485M,5.5
2012-05-01,KBP1485M,5.5
2012-06-01,KBP1485M,5.5
2012-07-01,KBP1485M,5.0
2012-08-01,KBP1485M,5.0
2012-09-01,KBP1485M,5.0
2012-10-01,KBP1485M,5.0
2012-11-01,KBP1485M,5.0
2012-12-01,KBP1485M,5.0
2013-01-01,KBP1600M,1.89
2013-01-01,KBP1601M,4.14
2013-01-01,KBP1602M,4.81
2013-01-01,KBP1603M,4.4
2013-01-01,KBP1604M,0.66
2013-01-01,KBP1605M,3.86
2013-01-01,KBP1606M,4.0
2013-01-01,KBP1607M,4.17
2013-01-01,KBP1608M,4.63
2013-01-01,KBP1609M,5.21
2013-01-01,KBP1610M,6.19
2013-01-01,KBP1611M,7.94
2013-01-01,KBP1612M,8.77
2013-01-01,KBP1613M,2.15
2013-01-01,KBP1614M,3.45
2013-01-01,KBP1615M,2.53
2013-01-01,KBP1616M,4.44
2013-01-01,KBP1617M,4.93
2013-01-01,KBP1618M,5.08
2013-01-01,KBP1619M,5.31
2013-01-01,KBP1620M,5.38
2013-01-01,KBP1621M,6.49
2013-01-01,KBP1622M,7.18
2013-01-01,KBP1623M,7.82
2013-01-01,KBP1624M,5.46
2013-01-01,KBP1625M,4.85
2013-01-01,KBP1485M,5.0
2013-02-01,KBP1600M,2.02
2013-02-01,KBP1601M,4.16
2013-02-01,KBP1602M,4.8
2013-02-01,KBP1603M,4.4
2013-02-01,KBP1604M,0.67
2013-02-01,KBP1605M,3.88
2013-02-01,KBP1606M,4.01
2013-02-01,KBP1607M,4.33
2013-02-01,KBP1608M,4.81
2013-02-01,KBP1609M,5.23
2013-02-01,KBP1610M,6.22
2013-02-01,KBP1611M,7.87
2013-02-01,KBP1612M,8.75
2013-02-01,KBP1613M,1.97
2013-02-01,KBP1614M,3.45
2013-02-01,KBP1615M,2.68
2013-02-01,KBP1616M,4.47
2013-02-01,KBP1617M,4.83
2013-02-01,KBP1618M,5.07
2013-02-01,KBP1619M,5.33
2013-02-01,KBP1620M,5.38
2013-02-01,KBP1621M,6.47
2013-02-01,KBP1622M,7.08
2013-02-01,KBP1623M,7.67
2013-02-01,KBP1624M,5.45
2013-02-01,KBP1625M,4.85
2013-02-01,KBP1485M,5.0
2013-03-01,KBP1600M,1.97
2013-03-01,KBP1601M,4.21
2013-03-01,KBP1602M,4.77
2013-03-01,KBP1603M,4.38
2013-03-01,KBP1604M,0.68
2013-03-01,KBP1605M,3.88
2013-03-01,KBP1606M,4.01
2013-03-01,KBP1607M,5.11
2013-03-01,KBP1608M,4.82
2013-03-01,KBP1609M,5.22
2013-03-01,KBP1610M,6.21
2013-03-01,KBP1611M,7.78
2013-03-01,KBP1612M,8.69
2013-03-01,KBP1613M,2.09
2013-03-01,KBP1614M,3.46
2013-03-01,KBP1615M,2.6
2013-03-01,KBP1616M,4.49
2013-03-01,KBP1617M,4.9
2013-03-01,KBP1618M,5.13
2013-03-01,KBP1619M,5.34
2013-03-01,KBP1620M,5.38
2013-03-01,KBP1621M,6.47
2013-03-01,KBP1622M,7.12
2013-03-01,KBP1623M,7.65
2013-03-01,KBP1624M,5.44
2013-03-01,KBP1625M,4.82
2013-03-01,KBP1485M,5.0
2013-04-01,KBP1600M,1.86
2013-04-01,KBP1601M,4.14
2013-04-01,KBP1602M,4.86
2013-04-01,KBP1603M,4.4
2013-04-01,KBP1604M,0.65
2013-04-01,KBP1605M,3.88
2013-04-01,KBP1606M,3.98
2013-04-01,KBP1607M,4.3
2013-04-01,KBP1608M,4.84
2013-04-01,KBP1609M,5.18
2013-04-01,KBP1610M,6.19
2013-04-01,KBP1611M,7.86
2013-04-01,KBP1612M,8.51
2013-04-01,KBP1613M,2.01
2013-04-01,KBP1614M,3.49
2013-04-01,KBP1615M,2.45
2013-04-01,KBP1616M,4.48
2013-04-01,KBP1617M,4.98
2013-04-01,KBP1618M,5.1
2013-04-01,KBP1619M,5.33
2013-04-01,KBP1620M,5.36
2013-04-01,KBP1621M,6.39
2013-04-01,KBP1622M,6.89
2013-04-01,KBP1623M,7.48
2013-04-01,KBP1624M,5.45
2013-04-01,KBP1625M,4.82
2013-04-01,KBP1485M,5.0
2013-05-01,KBP1600M,1.83
2013-05-01,KBP1601M,4.25
2013-05-01,KBP1602M,4.85
2013-05-01,KBP1603M,4.4
2013-05-01,KBP1604M,0.67
2013-05-01,KBP1605M,3.88
2013-05-01,KBP1606M,4.03
2013-05-01,KBP1607M,4.54
2013-05-01,KBP1608M,4.75
2013-05-01,KBP1609M,5.13
2013-05-01,KBP1610M,6.16
2013-05-01,KBP1611M,7.84
2013-05-01,KBP1612M,8.76
2013-05-01,KBP1613M,2.22
2013-05-01,KBP1614M,3.5
2013-05-01,KBP1615M,2.41
2013-05-01,KBP1616M,4.46
2013-05-01,KBP1617M,4.96
2013-05-01,KBP1618M,5.1
2013-05-01,KBP1619M,5.28
2013-05-01,KBP1620M,5.33
2013-05-01,KBP1621M,6.43
2013-05-01,KBP1622M,7.03
2013-05-01,KBP1623M,7.45
2013-05-01,KBP1624M,5.45
2013-05-01,KBP1625M,4.79
2013-05-01,KBP1485M,5.0
2013-06-01,KBP1600M,1.86
2013-06-01,KBP1601M,4.24
2013-06-01,KBP1602M,4.83
2013-06-01,KBP1603M,4.4
2013-06-01,KBP1604M,0.66
2013-06-01,KBP1605M,3.91
2013-06-01,KBP1606M,4.06
2013-06-01,KBP1607M,4.51
2013-06-01,KBP1608M,4.49
2013-06-01,KBP1609M,5.18
2013-06-01,KBP1610M,6.13
2013-06-01,KBP1611M,7.81
2013-06-01,KBP1612M,8.74
2013-06-01,KBP1613M,2.31
2013-06-01,KBP1614M,3.5
2013-06-01,KBP1615M,2.41
2013-06-01,KBP1616M,4.49
2013-06-01,KBP1617M,4.95
2013-06-01,KBP1618M,5.11
2013-06-01,KBP1619M,5.4
2013-06-01,KBP1620M,5.35
2013-06-01,KBP1621M,6.28
2013-06-01,KBP1622M,7.07
2013-06-01,KBP1623M,7.48
2013-06-01,KBP1624M,5.44
2013-06-01,KBP1625M,4.79
2013-06-01,KBP1485M,5.0
2013-07-01,KBP1600M,1.88
2013-07-01,KBP1601M,4.16
2013-07-01,KBP1602M,4.83
2013-07-01,KBP1603M,4.37
2013-07-01,KBP1604M,0.64
2013-07-01,KBP1605M,3.88
2013-07-01,KBP1606M,4.05
2013-07-01,KBP1607M,4.63
2013-07-01,KBP1608M,4.12
2013-07-01,KBP1609M,5.18
2013-07-01,KBP1610M,6.13
2013-07-01,KBP1611M,7.78
2013-07-01,KBP1612M,8.68
2013-07-01,KBP1613M,2.32
2013-07-01,KBP1614M,3.5
2013-07-01,KBP1615M,2.33
2013-07-01,KBP1616M,4.42
2013-07-01,KBP1617M,4.96
2013-07-01,KBP1618M,5.11
2013-07-01,KBP1619M,5.4
2013-07-01,KBP1620M,5.32
2013-07-01,KBP1621M,6.31
2013-07-01,KBP1622M,6.95
2013-07-01,KBP1623M,7.46
2013-07-01,KBP1624M,5.46
2013-07-01,KBP1625M,4.76
2013-07-01,KBP1485M,5.0
2013-08-01,KBP1600M,1.84
2013-08-01,KBP1601M,4.23
2013-08-01,KBP1602M,4.84
2013-08-01,KBP1603M,4.39
2013-08-01,KBP1604M,0.64
2013-08-01,KBP1605M,3.88
2013-08-01,KBP1606M,4.06
2013-08-01,KBP1607M,4.64
2013-08-01,KBP1608M,4.1
2013-08-01,KBP1609M,5.2
2013-08-01,KBP1610M,6.13
2013-08-01,KBP1611M,7.75
2013-08-01,KBP1612M,8.54
2013-08-01,KBP1613M,2.24
2013-08-01,KBP1614M,3.51
2013-08-01,KBP1615M,2.31
2013-08-01,KBP1616M,4.49
2013-08-01,KBP1617M,4.95
2013-08-01,KBP1618M,5.12
2013-08-01,KBP1619M,5.43
2013-08-01,KBP1620M,5.35
2013-08-01,KBP1621M,6.35
2013-08-01,KBP1622M,6.96
2013-08-01,KBP1623M,7.5
2013-08-01,KBP1624M,5.46
2013-08-01,KBP1625M,4.79
2013-08-01,KBP1485M,5.0
2013-09-01,KBP1600M,1.85
2013-09-01,KBP1601M,4.17
2013-09-01,KBP1602M,4.85
2013-09-01,KBP1603M,4.37
2013-09-01,KBP1604M,0.66
2013-09-01,KBP1605M,3.89
2013-09-01,KBP1606M,4.07
2013-09-01,KBP1607M,4.66
2013-09-01,KBP1608M,4.04
2013-09-01,KBP1609M,5.18
2013-09-01,KBP1610M,6.16
2013-09-01,KBP1611M,7.75
2013-09-01,KBP1612M,8.64
2013-09-01,KBP1613M,2.13
2013-09-01,KBP1614M,3.52
2013-09-01,KBP1615M,2.3
2013-09-01,KBP1616M,4.44
2013-09-01,KBP1617M,4.93
2013-09-01,KBP1618M,5.14
2013-09-01,KBP1619M,5.48
2013-09-01,KBP1620M,5.24
2013-09-01,KBP1621M,6.4
2013-09-01,KBP1622M,6.9
2013-09-01,KBP1623M,7.53
2013-09-01,KBP1624M,5.45
2013-09-01,KBP1625M,4.74
2013-09-01,KBP1485M,5.0
2013-10-01,KBP1600M,1.83
2013-10-01,KBP1601M,4.17
2013-10-01,KBP1602M,4.87
2013-10-01,KBP1603M,4.39
2013-10-01,KBP1604M,0.66
2013-10-01,KBP1605M,3.91
2013-10-01,KBP1606M,4.09
2013-10-01,KBP1607M,4.66
2013-10-01,KBP1608M,3.99
2013-10-01,KBP1609M,5.18
2013-10-01,KBP1610M,6.17
2013-10-01,KBP1611M,7.77
2013-10-01,KBP1612M,8.57
2013-10-01,KBP1613M,2.14
2013-10-01,KBP1614M,3.52
2013-10-01,KBP1615M,2.22
2013-10-01,KBP1616M,4.44
2013-10-01,KBP1617M,4.97
2013-10-01,KBP1618M,5.15
2013-10-01,KBP1619M,5.49
2013-10-01,KBP1620M,5.35
2013-10-01,KBP1621M,6.42
2013-10-01,KBP1622M,6.89
2013-10-01,KBP1623M,7.54
2013-10-01,KBP1624M,5.52
2013-10-01,KBP1625M,4.78
2013-10-01,KBP1485M,5.0
2013-11-01,KBP1600M,1.76
2013-11-01,KBP1601M,4.22
2013-11-01,KBP1602M,4.9
2013-11-01,KBP1603M,4.39
2013-11-01,KBP1604M,0.63
2013-11-01,KBP1605M,3.91
2013-11-01,KBP1606M,4.09
2013-11-01,KBP1607M,4.68
2013-11-01,KBP1608M,3.99
2013-11-01,KBP1609M,5.18
2013-11-01,KBP1610M,6.19
2013-11-01,KBP1611M,7.77
2013-11-01,KBP1612M,8.61
2013-11-01,KBP1613M,2.12
2013-11-01,KBP1614M,3.5
2013-11-01,KBP1615M,2.19
2013-11-01,KBP1616M,4.48
2013-11-01,KBP1617M,4.95
2013-11-01,KBP1618M,5.17
2013-11-01,KBP1619M,5.55
2013-11-01,KBP1620M,5.34
2013-11-01,KBP1621M,6.58
2013-11-01,KBP1622M,7.14
2013-11-01,KBP1623M,7.46
2013-11-01,KBP1624M,5.57
2013-11-01,KBP1625M,4.8
2013-11-01,KBP1485M,5.0
2013-12-01,KBP1600M,1.84
2013-12-01,KBP1601M,4.27
2013-12-01,KBP1602M,4.92
2013-12-01,KBP1603M,4.4
2013-12-01,KBP1604M,0.59
2013-12-01,KBP1605M,3.93
2013-12-01,KBP1606M,4.14
2013-12-01,KBP1607M,4.67
2013-12-01,KBP1608M,4.27
2013-12-01,KBP1609M,5.19
2013-12-01,KBP1610M,6.2
2013-12-01,KBP1611M,7.76
2013-12-01,KBP1612M,8.61
2013-12-01,KBP1613M,1.94
2013-12-01,KBP1614M,3.52
2013-12-01,KBP1615M,2.52
2013-12-01,KBP1616M,4.53
2013-12-01,KBP1617M,5.0
2013-12-01,KBP1618M,5.2
2013-12-01,KBP1619M,5.6
2013-12-01,KBP1620M,5.37
2013-12-01,KBP1621M,6.59
2013-12-01,KBP1622M,7.2
2013-12-01,KBP1623M,7.61
2013-12-01,KBP1624M,5.52
2013-12-01,KBP1625M,4.81
2013-12-01,KBP1485M,5.0
2014-01-01,KBP1600M,2.0
2014-01-01,KBP1601M,4.52
2014-01-01,KBP1602M,5.0
2014-01-01,KBP1603M,4.55
2014-01-01,KBP1604M,0.71
2014-01-01,KBP1605M,4.22
2014-01-01,KBP1606M,4.51
2014-01-01,KBP1607M,4.62
2014-01-01,KBP1608M,4.7
2014-01-01,KBP1609M,5.25
2014-01-01,KBP1610M,6.24
2014-01-01,KBP1611M,7.73
2014-01-01,KBP1612M,8.61
2014-01-01,KBP1613M,2.2
2014-01-01,KBP1614M,3.7
2014-01-01,KBP1615M,2.56
2014-01-01,KBP1616M,4.74
2014-01-01,KBP1617M,5.26
2014-01-01,KBP1618M,5.31
2014-01-01,KBP1619M,5.81
2014-01-01,KBP1620M,5.28
2014-01-01,KBP1621M,6.85
2014-01-01,KBP1622M,7.05
2014-01-01,KBP1623M,7.91
2014-01-01,KBP1624M,5.58
2014-01-01,KBP1625M,4.91
2014-01-01,KBP1485M,5.5
2014-02-01,KBP1600M,2.02
2014-02-01,KBP1601M,4.7
2014-02-01,KBP1602M,5.13
2014-02-01,KBP1603M,4.7
2014-02-01,KBP1604M,0.74
2014-02-01,KBP1605M,4.4
2014-02-01,KBP1606M,4.64
2014-02-01,KBP1607M,4.7
2014-02-01,KBP1608M,4.98
2014-02-01,KBP1609M,5.35
2014-02-01,KBP1610M,6.29
2014-02-01,KBP1611M,7.73
2014-02-01,KBP1612M,8.63
2014-02-01,KBP1613M,2.08
2014-02-01,KBP1614M,3.85
2014-02-01,KBP1615M,2.59
2014-02-01,KBP1616M,4.92
2014-02-01,KBP1617M,5.39
2014-02-01,KBP1618M,5.59
2014-02-01,KBP1619M,6.28
2014-02-01,KBP1620M,5.64
2014-02-01,KBP1621M,6.84
2014-02-01,KBP1622M,6.83
2014-02-01,KBP1623M,7.93
2014-02-01,KBP1624M,5.71
2014-02-01,KBP1625M,5.07
2014-02-01,KBP1485M,5.5
2014-03-01,KBP1600M,1.99
2014-03-01,KBP1601M,4.69
2014-03-01,KBP1602M,5.03
2014-03-01,KBP1603M,4.65
2014-03-01,KBP1604M,0.76
2014-03-01,KBP1605M,4.42
2014-03-01,KBP1606M,4.65
2014-03-01,KBP1607M,4.83
2014-03-01,KBP1608M,4.98
2014-03-01,KBP1609M,5.42
2014-03-01,KBP1610M,6.29
2014-03-01,KBP1611M,7.73
2014-03-01,KBP1612M,8.66
2014-03-01,KBP1613M,2.22
2014-03-01,KBP1614M,3.85
2014-03-01,KBP1615M,2.5
2014-03-01,KBP1616M,4.89
2014-03-01,KBP1617M,5.45
2014-03-01,KBP1618M,5.67
2014-03-01,KBP1619M,6.37
2014-03-01,KBP1620M,5.76
2014-03-01,KBP1621M,6.87
2014-03-01,KBP1622M,6.96
2014-03-01,KBP1623M,7.93
2014-03-01,KBP1624M,5.75
2014-03-01,KBP1625M,5.06
2014-03-01,KBP1485M,5.5
2014-04-01,KBP1600M,1.96
2014-04-01,KBP1601M,4.7
2014-04-01,KBP1602M,5.19
2014-04-01,KBP1603M,4.72
2014-04-01,KBP1604M,0.74
2014-04-01,KBP1605M,4.44
2014-04-01,KBP1606M,4.66
2014-04-01,KBP1607M,4.89
2014-04-01,KBP1608M,4.95
2014-04-01,KBP1609M,5.51
2014-04-01,KBP1610M,6.33
2014-04-01,KBP1611M,7.75
2014-04-01,KBP1612M,8.65
2014-04-01,KBP1613M,2.47
2014-04-01,KBP1614M,3.88
2014-04-01,KBP1615M,2.48
2014-04-01,KBP1616M,4.94
2014-04-01,KBP1617M,5.5
2014-04-01,KBP1618M,5.73
2014-04-01,KBP1619M,6.32
2014-04-01,KBP1620M,5.84
2014-04-01,KBP1621M,7.07
2014-04-01,KBP1622M,7.05
2014-04-01,KBP1623M,7.77
2014-04-01,KBP1624M,5.92
2014-04-01,KBP1625M,5.16
2014-04-01,KBP1485M,5.5
2014-05-01,KBP1600M,2.15
2014-05-01,KBP1601M,4.68
2014-05-01,KBP1602M,5.52
2014-05-01,KBP1603M,4.86
2014-05-01,KBP1604M,0.77
2014-05-01,KBP1605M,4.46
2014-05-01,KBP1606M,4.68
2014-05-01,KBP1607M,4.99
2014-05-01,KBP1608M,5.04
2014-05-01,KBP1609M,5.57
2014-05-01,KBP1610M,6.36
2014-05-01,KBP1611M,7.76
2014-05-01,KBP1612M,8.67
2014-05-01,KBP1613M,2.52
2014-05-01,KBP1614M,3.92
2014-05-01,KBP1615M,2.46
2014-05-01,KBP1616M,4.89
2014-05-01,KBP1617M,5.44
2014-05-01,KBP1618M,5.8
2014-05-01,KBP1619M,6.37
2014-05-01,KBP1620M,5.89
2014-05-01,KBP1621M,7.2
2014-05-01,KBP1622M,7.15
2014-05-01,KBP1623M,7.74
2014-05-01,KBP1624M,5.99
2014-05-01,KBP1625M,5.17
2014-05-01,KBP1485M,5.5
2014-06-01,KBP1600M,2.21
2014-06-01,KBP1601M,4.71
2014-06-01,KBP1602M,5.54
2014-06-01,KBP1603M,4.89
2014-06-01,KBP1604M,0.74
2014-06-01,KBP1605M,4.46
2014-06-01,KBP1606M,4.68
2014-06-01,KBP1607M,5.08
2014-06-01,KBP1608M,4.8
2014-06-01,KBP1609M,5.63
2014-06-01,KBP1610M,6.4
2014-06-01,KBP1611M,7.76
2014-06-01,KBP1612M,8.67
2014-06-01,KBP1613M,2.42
2014-06-01,KBP1614M,3.93
2014-06-01,KBP1615M,2.49
2014-06-01,KBP1616M,4.94
2014-06-01,KBP1617M,5.53
2014-06-01,KBP1618M,5.81
2014-06-01,KBP1619M,6.31
2014-06-01,KBP1620M,5.93
2014-06-01,KBP1621M,7.0
2014-06-01,KBP1622M,7.21
2014-06-01,KBP1623M,7.75
2014-06-01,KBP1624M,6.08
2014-06-01,KBP1625M,5.21
2014-06-01,KBP1485M,5.5
2014-07-01,KBP1600M,2.23
2014-07-01,KBP1601M,4.89
2014-07-01,KBP1602M,5.47
2014-07-01,KBP1603M,4.95
2014-07-01,KBP1604M,0.77
2014-07-01,KBP1605M,4.65
2014-07-01,KBP1606M,4.87
2014-07-01,KBP1607M,5.22
2014-07-01,KBP1608M,4.92
2014-07-01,KBP1609M,5.79
2014-07-01,KBP1610M,6.3
2014-07-01,KBP1611M,7.9
2014-07-01,KBP1612M,8.68
2014-07-01,KBP1613M,2.14
2014-07-01,KBP1614M,4.03
2014-07-01,KBP1615M,2.57
2014-07-01,KBP1616M,5.15
2014-07-01,KBP1617M,5.65
2014-07-01,KBP1618M,5.94
2014-07-01,KBP1619M,6.39
2014-07-01,KBP1620M,6.03
2014-07-01,KBP1621M,6.91
2014-07-01,KBP1622M,7.26
2014-07-01,KBP1623M,7.74
2014-07-01,KBP1624M,6.17
2014-07-01,KBP1625M,5.34
2014-07-01,KBP1485M,5.75
2014-08-01,KBP1600M,2.03
2014-08-01,KBP1601M,4.79
2014-08-01,KBP1602M,5.48
2014-08-01,KBP1603M,4.94
2014-08-01,KBP1604M,0.76
2014-08-01,KBP1605M,4.76
2014-08-01,KBP1606M,4.92
2014-08-01,KBP1607M,5.19
2014-08-01,KBP1608M,4.94
2014-08-01,KBP1609M,5.88
2014-08-01,KBP1610M,6.42
2014-08-01,KBP1611M,7.96
2014-08-01,KBP1612M,8.69
2014-08-01,KBP1613M,2.21
2014-08-01,KBP1614M,4.1
2014-08-01,KBP1615M,2.58
2014-08-01,KBP1616M,5.1
2014-08-01,KBP1617M,5.72
2014-08-01,KBP1618M,6.1
2014-08-01,KBP1619M,6.54
2014-08-01,KBP1620M,6.15
2014-08-01,KBP1621M,7.08
2014-08-01,KBP1622M,7.31
2014-08-01,KBP1623M,7.84
2014-08-01,KBP1624M,6.21
2014-08-01,KBP1625M,5.37
2014-08-01,KBP1485M,5.75
2014-09-01,KBP1600M,2.3
2014-09-01,KBP1601M,4.83
2014-09-01,KBP1602M,5.37
2014-09-01,KBP1603M,4.96
2014-09-01,KBP1604M,0.76
2014-09-01,KBP1605M,4.79
2014-09-01,KBP1606M,4.93
2014-09-01,KBP1607M,5.32
2014-09-01,KBP1608M,5.06
2014-09-01,KBP1609M,5.9
2014-09-01,KBP1610M,6.36
2014-09-01,KBP1611M,8.04
2014-09-01,KBP1612M,8.69
2014-09-01,KBP1613M,2.18
2014-09-01,KBP1614M,4.08
2014-09-01,KBP1615M,2.63
2014-09-01,KBP1616M,5.15
2014-09-01,KBP1617M,5.79
2014-09-01,KBP1618M,6.17
2014-09-01,KBP1619M,6.67
2014-09-01,KBP1620M,6.15
2014-09-01,KBP1621M,7.31
2014-09-01,KBP1622M,7.39
2014-09-01,KBP1623M,7.83
2014-09-01,KBP1624M,6.11
2014-09-01,KBP1625M,5.36
2014-09-01,KBP1485M,5.75
2014-10-01,KBP1600M,2.25
2014-10-01,KBP1601M,4.88
2014-10-01,KBP1602M,5.45
2014-10-01,KBP1603M,4.98
2014-10-01,KBP1604M,0.76
2014-10-01,KBP1605M,4.64
2014-10-01,KBP1606M,4.93
2014-10-01,KBP1607M,5.14
2014-10-01,KBP1608M,5.01
2014-10-01,KBP1609M,5.96
2014-10-01,KBP1610M,6.38
2014-10-01,KBP1611M,8.1
2014-10-01,KBP1612M,8.7
2014-10-01,KBP1613M,2.34
2014-10-01,KBP1614M,4.01
2014-10-01,KBP1615M,2.63
2014-10-01,KBP1616M,5.2
2014-10-01,KBP1617M,5.78
2014-10-01,KBP1618M,6.11
2014-10-01,KBP1619M,6.64
2014-10-01,KBP1620M,6.22
2014-10-01,KBP1621M,7.08
2014-10-01,KBP1622M,7.45
2014-10-01,KBP1623M,7.86
2014-10-01,KBP1624M,6.21
2014-10-01,KBP1625M,5.4
2014-10-01,KBP1485M,5.75
2014-11-01,KBP1600M,2.24
2014-11-01,KBP1601M,4.9
2014-11-01,KBP1602M,5.41
2014-11-01,KBP1603M,4.95
2014-11-01,KBP1604M,0.78
2014-11-01,KBP1605M,4.77
2014-11-01,KBP1606M,4.95
2014-11-01,KBP1607M,5.29
2014-11-01,KBP1608M,5.38
2014-11-01,KBP1609M,6.03
2014-11-01,KBP1610M,6.39
2014-11-01,KBP1611M,8.01
2014-11-01,KBP1612M,8.65
2014-11-01,KBP1613M,2.21
2014-11-01,KBP1614M,4.02
2014-11-01,KBP1615M,2.64
2014-11-01,KBP1616M,5.23
2014-11-01,KBP1617M,5.68
2014-11-01,KBP1618M,6.14
2014-11-01,KBP1619M,6.78
2014-11-01,KBP1620M,6.23
2014-11-01,KBP1621M,6.99
2014-11-01,KBP1622M,7.36
2014-11-01,KBP1623M,7.82
2014-11-01,KBP1624M,6.22
2014-11-01,KBP1625M,5.37
2014-11-01,KBP1485M,5.75
2014-12-01,KBP1600M,1.66
2014-12-01,KBP1601M,5.0
2014-12-01,KBP1602M,5.45
2014-12-01,KBP1603M,4.95
2014-12-01,KBP1604M,0.71
2014-12-01,KBP1605M,4.87
2014-12-01,KBP1606M,4.98
2014-12-01,KBP1607M,6.1
2014-12-01,KBP1608M,5.43
2014-12-01,KBP1609M,6.1
2014-12-01,KBP1610M,6.48
2014-12-01,KBP1611M,8.13
2014-12-01,KBP1612M,8.66
2014-12-01,KBP1613M,2.18
2014-12-01,KBP1614M,4.11
2014-12-01,KBP1615M,2.01
2014-12-01,KBP1616M,5.21
2014-12-01,KBP1617M,5.66
2014-12-01,KBP1618M,6.18
2014-12-01,KBP1619M,6.63
2014-12-01,KBP1620M,6.26
2014-12-01,KBP1621M,7.14
2014-12-01,KBP1622M,7.33
2014-12-01,KBP1623M,7.91
2014-12-01,KBP1624M,6.3
2014-12-01,KBP1625M,5.36
2014-12-01,KBP1485M,5.75
2015-01-01,KBP1600M,2.22
2015-01-01,KBP1601M,4.92
2015-01-01,KBP1602M,5.47
2015-01-01,KBP1603M,5.0
2015-01-01,KBP1604M,0.76
2015-01-01,KBP1605M,4.99
2015-01-01,KBP1606M,5.02
2015-01-01,KBP1607M,5.52
2015-01-01,KBP1608M,5.79
2015-01-01,KBP1609M,6.18
2015-01-01,KBP1610M,6.58
2015-01-01,KBP1611M,8.05
2015-01-01,KBP1612M,8.65
2015-01-01,KBP1613M,2.17
2015-01-01,KBP1614M,4.18
2015-01-01,KBP1615M,2.54
2015-01-01,KBP1616M,5.21
2015-01-01,KBP1617M,5.79
2015-01-01,KBP1618M,6.14
2015-01-01,KBP1619M,6.65
2015-01-01,KBP1620M,6.25
2015-01-01,KBP1621M,7.01
2015-01-01,KBP1622M,7.38
2015-01-01,KBP1623M,7.75
2015-01-01,KBP1624M,6.31
2015-01-01,KBP1625M,5.39
2015-01-01,KBP1485M,5.75
2015-02-01,KBP1600M,2.3
2015-02-01,KBP1601M,5.05
2015-02-01,KBP1602M,5.48
2015-02-01,KBP1603M,5.05
2015-02-01,KBP1604M,0.76
2015-02-01,KBP1605M,5.0
2015-02-01,KBP1606M,5.01
2015-02-01,KBP1607M,5.53
2015-02-01,KBP1608M,5.85
2015-02-01,KBP1609M,6.18
2015-02-01,KBP1610M,6.62
2015-02-01,KBP1611M,8.05
2015-02-01,KBP1612M,8.57
2015-02-01,KBP1613M,2.18
2015-02-01,KBP1614M,4.19
2015-02-01,KBP1615M,2.66
2015-02-01,KBP1616M,5.26
2015-02-01,KBP1617M,5.76
2015-02-01,KBP1618M,6.13
2015-02-01,KBP1619M,6.63
2015-02-01,KBP1620M,6.32
2015-02-01,KBP1621M,7.07
2015-02-01,KBP1622M,7.4
2015-02-01,KBP1623M,7.81
2015-02-01,KBP1624M,6.32
2015-02-01,KBP1625M,5.44
2015-02-01,KBP1485M,5.75
2015-03-01,KBP1600M,2.28
2015-03-01,KBP1601M,4.92
2015-03-01,KBP1602M,5.47
2015-03-01,KBP1603M,5.0
2015-03-01,KBP1604M,0.73
2015-03-01,KBP1605M,5.03
2015-03-01,KBP1606M,5.0
2015-03-01,KBP1607M,5.55
2015-03-01,KBP1608M,5.92
2015-03-01,KBP1609M,6.2
2015-03-01,KBP1610M,6.7
2015-03-01,KBP1611M,8.0
2015-03-01,KBP1612M,8.55
2015-03-01,KBP1613M,2.04
2015-03-01,KBP1614M,4.18
2015-03-01,KBP1615M,2.65
2015-03-01,KBP1616M,5.2
2015-03-01,KBP1617M,5.81
2015-03-01,KBP1618M,6.17
2015-03-01,KBP1619M,6.69
2015-03-01,KBP1620M,6.28
2015-03-01,KBP1621M,7.11
2015-03-01,KBP1622M,7.43
2015-03-01,KBP1623M,7.74
2015-03-01,KBP1624M,6.31
2015-03-01,KBP1625M,5.4
2015-03-01,KBP1485M,5.75
2015-04-01,KBP1600M,2.32
2015-04-01,KBP1601M,4.99
2015-04-01,KBP1602M,5.5
2015-04-01,KBP1603M,5.04
2015-04-01,KBP1604M,0.74
2015-04-01,KBP1605M,5.04
2015-04-01,KBP1606M,5.02
2015-04-01,KBP1607M,6.1
2015-04-01,KBP1608M,5.92
2015-04-01,KBP1609M,6.23
2015-04-01,KBP1610M,6.83
2015-04-01,KBP1611M,7.97
2015-04-01,KBP1612M,8.55
2015-04-01,KBP1613M,2.23
2015-04-01,KBP1614M,4.21
2015-04-01,KBP1615M,2.67
2015-04-01,KBP1616M,5.24
2015-04-01,KBP1617M,5.69
2015-04-01,KBP1618M,5.96
2015-04-01,KBP1619M,6.73
2015-04-01,KBP1620M,6.33
2015-04-01,KBP1621M,7.12
2015-04-01,KBP1622M,7.44
2015-04-01,KBP1623M,7.71
2015-04-01,KBP1624M,6.37
2015-04-01,KBP1625M,5.42
2015-04-01,KBP1485M,5.75
2015-05-01,KBP1600M,2.32
2015-05-01,KBP1601M,5.09
2015-05-01,KBP1602M,5.5
2015-05-01,KBP1603M,5.08
2015-05-01,KBP1604M,0.75
2015-05-01,KBP1605M,5.07
2015-05-01,KBP1606M,4.99
2015-05-01,KBP1607M,6.09
2015-05-01,KBP1608M,5.83
2015-05-01,KBP1609M,6.26
2015-05-01,KBP1610M,6.9
2015-05-01,KBP1611M,7.98
2015-05-01,KBP1612M,8.61
2015-05-01,KBP1613M,2.1
2015-05-01,KBP1614M,4.2
2015-05-01,KBP1615M,2.69
2015-05-01,KBP1616M,5.25
2015-05-01,KBP1617M,5.76
2015-05-01,KBP1618M,6.17
2015-05-01,KBP1619M,6.69
2015-05-01,KBP1620M,6.28
2015-05-01,KBP1621M,7.12
2015-05-01,KBP1622M,7.36
2015-05-01,KBP1623M,7.74
2015-05-01,KBP1624M,6.4
2015-05-01,KBP1625M,5.46
2015-05-01,KBP1485M,5.75
2015-06-01,KBP1600M,2.32
2015-06-01,KBP1601M,5.06
2015-06-01,KBP1602M,5.47
2015-06-01,KBP1603M,5.05
2015-06-01,KBP1604M,0.74
2015-06-01,KBP1605M,5.07
2015-06-01,KBP1606M,5.03
2015-06-01,KBP1607M,5.5
2015-06-01,KBP1608M,5.76
2015-06-01,KBP1609M,6.28
2015-06-01,KBP1610M,6.96
2015-06-01,KBP1611M,8.0
2015-06-01,KBP1612M,8.62
2015-06-01,KBP1613M,2.12
2015-06-01,KBP1614M,4.17
2015-06-01,KBP1615M,2.7
2015-06-01,KBP1616M,5.25
2015-06-01,KBP1617M,5.65
2015-06-01,KBP1618M,6.17
2015-06-01,KBP1619M,6.61
2015-06-01,KBP1620M,6.28
2015-06-01,KBP1621M,7.15
2015-06-01,KBP1622M,7.4
2015-06-01,KBP1623M,7.76
2015-06-01,KBP1624M,6.4
2015-06-01,KBP1625M,5.45
2015-06-01,KBP1485M,5.75
2015-07-01,KBP1600M,2.37
2015-07-01,KBP1601M,5.19
2015-07-01,KBP1602M,5.5
2015-07-01,KBP1603M,5.12
2015-07-01,KBP1604M,0.78
2015-07-01,KBP1605M,5.18
2015-07-01,KBP1606M,5.23
2015-07-01,KBP1607M,5.54
2015-07-01,KBP1608M,5.79
2015-07-01,KBP1609M,6.33
2015-07-01,KBP1610M,7.09
2015-07-01,KBP1611M,7.97
2015-07-01,KBP1612M,8.65
2015-07-01,KBP1613M,2.15
2015-07-01,KBP1614M,4.3
2015-07-01,KBP1615M,2.75
2015-07-01,KBP1616M,5.36
2015-07-01,KBP1617M,5.77
2015-07-01,KBP1618M,6.17
2015-07-01,KBP1619M,6.63
2015-07-01,KBP1620M,6.27
2015-07-01,KBP1621M,7.22
2015-07-01,KBP1622M,7.4
2015-07-01,KBP1623M,7.75
2015-07-01,KBP1624M,6.42
2015-07-01,KBP1625M,5.49
2015-07-01,KBP1485M,6.0
2015-08-01,KBP1600M,2.46
2015-08-01,KBP1601M,5.24
2015-08-01,KBP1602M,5.51
2015-08-01,KBP1603M,5.18
2015-08-01,KBP1604M,0.8
2015-08-01,KBP1605M,5.23
2015-08-01,KBP1606M,5.29
2015-08-01,KBP1607M,5.49
2015-08-01,KBP1608M,5.71
2015-08-01,KBP1609M,6.36
2015-08-01,KBP1610M,7.13
2015-08-01,KBP1611M,8.02
2015-08-01,KBP1612M,8.67
2015-08-01,KBP1613M,1.99
2015-08-01,KBP1614M,4.38
2015-08-01,KBP1615M,2.82
2015-08-01,KBP1616M,5.41
2015-08-01,KBP1617M,5.86
2015-08-01,KBP1618M,6.03
2015-08-01,KBP1619M,6.76
2015-08-01,KBP1620M,6.37
2015-08-01,KBP1621M,7.26
2015-08-01,KBP1622M,7.56
2015-08-01,KBP1623M,7.82
2015-08-01,KBP1624M,6.41
2015-08-01,KBP1625M,5.53
2015-08-01,KBP1485M,6.0
2015-09-01,KBP1600M,2.39
2015-09-01,KBP1601M,5.26
2015-09-01,KBP1602M,5.5
2015-09-01,KBP1603M,5.17
2015-09-01,KBP1604M,0.81
2015-09-01,KBP1605M,5.19
2015-09-01,KBP1606M,5.31
2015-09-01,KBP1607M,5.63
2015-09-01,KBP1608M,5.41
2015-09-01,KBP1609M,6.38
2015-09-01,KBP1610M,7.16
2015-09-01,KBP1611M,8.07
2015-09-01,KBP1612M,8.76
2015-09-01,KBP1613M,1.98
2015-09-01,KBP1614M,4.38
2015-09-01,KBP1615M,2.78
2015-09-01,KBP1616M,5.42
2015-09-01,KBP1617M,5.85
2015-09-01,KBP1618M,6.09
2015-09-01,KBP1619M,6.61
2015-09-01,KBP1620M,6.37
2015-09-01,KBP1621M,7.3
2015-09-01,KBP1622M,7.65
2015-09-01,KBP1623M,8.03
2015-09-01,KBP1624M,6.41
2015-09-01,KBP1625M,5.52
2015-09-01,KBP1485M,6.0
2015-10-01,KBP1600M,2.44
2015-10-01,KBP1601M,5.4
2015-10-01,KBP1602M,5.56
2015-10-01,KBP1603M,5.23
2015-10-01,KBP1604M,0.82
2015-10-01,KBP1605M,5.23
2015-10-01,KBP1606M,5.33
2015-10-01,KBP1607M,5.6
2015-10-01,KBP1608M,5.0
2015-10-01,KBP1609M,6.4
2015-10-01,KBP1610M,7.18
2015-10-01,KBP1611M,8.12
2015-10-01,KBP1612M,8.74
2015-10-01,KBP1613M,1.81
2015-10-01,KBP1614M,4.43
2015-10-01,KBP1615M,2.8
2015-10-01,KBP1616M,5.63
2015-10-01,KBP1617M,5.93
2015-10-01,KBP1618M,6.02
2015-10-01,KBP1619M,6.57
2015-10-01,KBP1620M,6.43
2015-10-01,KBP1621M,7.31
2015-10-01,KBP1622M,7.71
2015-10-01,KBP1623M,7.82
2015-10-01,KBP1624M,6.46
2015-10-01,KBP1625M,5.59
2015-10-01,KBP1485M,6.0
2015-11-01,KBP1600M,2.5
2015-11-01,KBP1601M,5.52
2015-11-01,KBP1602M,5.6
2015-11-01,KBP1603M,5.28
2015-11-01,KBP1604M,0.83
2015-11-01,KBP1605M,5.37
2015-11-01,KBP1606M,5.54
2015-11-01,KBP1607M,5.69
2015-11-01,KBP1608M,4.65
2015-11-01,KBP1609M,6.45
2015-11-01,KBP1610M,7.23
2015-11-01,KBP1611M,8.14
2015-11-01,KBP1612M,8.76
2015-11-01,KBP1613M,2.05
2015-11-01,KBP1614M,4.52
2015-11-01,KBP1615M,2.88
2015-11-01,KBP1616M,5.74
2015-11-01,KBP1617M,5.95
2015-11-01,KBP1618M,6.31
2015-11-01,KBP1619M,6.86
2015-11-01,KBP1620M,6.47
2015-11-01,KBP1621M,7.38
2015-11-01,KBP1622M,7.77
2015-11-01,KBP1623M,7.87
2015-11-01,KBP1624M,6.51
2015-11-01,KBP1625M,5.63
2015-11-01,KBP1485M,6.25
2015-12-01,KBP1600M,2.54
2015-12-01,KBP1601M,5.62
2015-12-01,KBP1602M,5.64
2015-12-01,KBP1603M,5.34
2015-12-01,KBP1604M,0.8
2015-12-01,KBP1605M,5.49
2015-12-01,KBP1606M,5.65
2015-12-01,KBP1607M,5.99
2015-12-01,KBP1608M,4.96
2015-12-01,KBP1609M,6.53
2015-12-01,KBP1610M,7.28
2015-12-01,KBP1611M,8.18
2015-12-01,KBP1612M,8.8
2015-12-01,KBP1613M,1.88
2015-12-01,KBP1614M,4.62
2015-12-01,KBP1615M,2.88
2015-12-01,KBP1616M,5.81
2015-12-01,KBP1617M,6.25
2015-12-01,KBP1618M,6.49
2015-12-01,KBP1619M,7.15
2015-12-01,KBP1620M,6.46
2015-12-01,KBP1621M,7.19
2015-12-01,KBP1622M,7.1
2015-12-01,KBP1623M,7.94
2015-12-01,KBP1624M,6.55
2015-12-01,KBP1625M,5.66
2015-12-01,KBP1485M,6.25
2016-01-01,KBP1600M,2.67
2016-01-01,KBP1601M,5.89
2016-01-01,KBP1602M,5.77
2016-01-01,KBP1603M,5.55
2016-01-01,KBP1604M,0.89
2016-01-01,KBP1605M,5.7
2016-01-01,KBP1606M,5.68
2016-01-01,KBP1607M,6.04
2016-01-01,KBP1608M,5.73
2016-01-01,KBP1609M,6.62
2016-01-01,KBP1610M,7.33
2016-01-01,KBP1611M,8.24
2016-01-01,KBP1612M,8.83
2016-01-01,KBP1613M,1.87
2016-01-01,KBP1614M,4.75
2016-01-01,KBP1615M,3.02
2016-01-01,KBP1616M,6.11
2016-01-01,KBP1617M,6.28
2016-01-01,KBP1618M,6.61
2016-01-01,KBP1619M,7.36
2016-01-01,KBP1620M,6.58
2016-01-01,KBP1621M,7.62
2016-01-01,KBP1622M,7.96
2016-01-01,KBP1623M,7.94
2016-01-01,KBP1624M,6.67
2016-01-01,KBP1625M,5.89
2016-01-01,KBP1485M,6.75
2016-02-01,KBP1600M,2.82
2016-02-01,KBP1601M,6.1
2016-02-01,KBP1602M,5.9
2016-02-01,KBP1603M,5.74
2016-02-01,KBP1604M,0.97
2016-02-01,KBP1605M,5.97
2016-02-01,KBP1606M,6.12
2016-02-01,KBP1607M,6.33
2016-02-01,KBP1608M,5.34
2016-02-01,KBP1609M,6.73
2016-02-01,KBP1610M,7.39
2016-02-01,KBP1611M,8.31
2016-02-01,KBP1612M,8.97
2016-02-01,KBP1613M,2.0
2016-02-01,KBP1614M,4.94
2016-02-01,KBP1615M,3.21
2016-02-01,KBP1616M,6.29
2016-02-01,KBP1617M,6.66
2016-02-01,KBP1618M,6.9
2016-02-01,KBP1619M,7.64
2016-02-01,KBP1620M,6.76
2016-02-01,KBP1621M,7.72
2016-02-01,KBP1622M,8.18
2016-02-01,KBP1623M,8.31
2016-02-01,KBP1624M,6.79
2016-02-01,KBP1625M,6.08
2016-02-01,KBP1485M,6.75
2016-03-01,KBP1600M,2.79
2016-03-01,KBP1601M,6.3
2016-03-01,KBP1602M,6.02
2016-03-01,KBP1603M,5.86
2016-03-01,KBP1604M,0.94
2016-03-01,KBP1605M,6.17
2016-03-01,KBP1606M,6.35
2016-03-01,KBP1607M,7.08
2016-03-01,KBP1608M,5.43
2016-03-01,KBP1609M,6.92
2016-03-01,KBP1610M,7.47
2016-03-01,KBP1611M,8.39
2016-03-01,KBP1612M,9.0
2016-03-01,KBP1613M,2.14
2016-03-01,KBP1614M,5.11
2016-03-01,KBP1615M,3.17
2016-03-01,KBP1616M,6.46
2016-03-01,KBP1617M,6.92
2016-03-01,KBP1618M,7.09
2016-03-01,KBP1619M,7.78
2016-03-01,KBP1620M,6.99
2016-03-01,KBP1621M,7.72
2016-03-01,KBP1622M,8.21
2016-03-01,KBP1623M,7.79
2016-03-01,KBP1624M,6.89
2016-03-01,KBP1625M,6.18
2016-03-01,KBP1485M,7.0
2016-04-01,KBP1600M,2.85
2016-04-01,KBP1601M,6.33
2016-04-01,KBP1602M,6.08
2016-04-01,KBP1603M,5.92
2016-04-01,KBP1604M,0.97
2016-04-01,KBP1605M,6.25
2016-04-01,KBP1606M,6.39
2016-04-01,KBP1607M,7.2
2016-04-01,KBP1608M,5.43
2016-04-01,KBP1609M,7.04
2016-04-01,KBP1610M,7.55
2016-04-01,KBP1611M,8.48
2016-04-01,KBP1612M,9.06
2016-04-01,KBP1613M,2.17
2016-04-01,KBP1614M,5.18
2016-04-01,KBP1615M,3.22
2016-04-01,KBP1616M,6.5
2016-04-01,KBP1617M,7.01
2016-04-01,KBP1618M,7.28
2016-04-01,KBP1619M,7.84
2016-04-01,KBP1620M,7.0
2016-04-01,KBP1621M,7.9
2016-04-01,KBP1622M,8.38
2016-04-01,KBP1623M,7.94
2016-04-01,KBP1624M,6.97
2016-04-01,KBP1625M,6.24
2016-04-01,KBP1485M,7.0
2016-05-01,KBP1600M,2.76
2016-05-01,KBP1601M,6.34
2016-05-01,KBP1602M,6.18
2016-05-01,KBP1603M,5.96
2016-05-01,KBP1604M,0.99
2016-05-01,KBP1605M,6.26
2016-05-01,KBP1606M,6.4
2016-05-01,KBP1607M,7.21
2016-05-01,KBP1608M,5.57
2016-05-01,KBP1609M,7.14
2016-05-01,KBP1610M,7.61
2016-05-01,KBP1611M,8.59
2016-05-01,KBP1612M,9.14
2016-05-01,KBP1613M,2.18
2016-05-01,KBP1614M,5.22
2016-05-01,KBP1615M,3.17
2016-05-01,KBP1616M,6.51
2016-05-01,KBP1617M,6.95
2016-05-01,KBP1618M,7.16
2016-05-01,KBP1619M,7.9
2016-05-01,KBP1620M,7.01
2016-05-01,KBP1621M,8.03
2016-05-01,KBP1622M,8.44
2016-05-01,KBP1623M,8.08
2016-05-01,KBP1624M,7.05
2016-05-01,KBP1625M,6.29
2016-05-01,KBP1485M,7.0
2016-06-01,KBP1600M,2.74
2016-06-01,KBP1601M,6.38
2016-06-01,KBP1602M,6.2
2016-06-01,KBP1603M,6.0
2016-06-01,KBP1604M,0.99
2016-06-01,KBP1605M,6.29
2016-06-01,KBP1606M,6.41
2016-06-01,KBP1607M,7.25
2016-06-01,KBP1608M,5.33
2016-06-01,KBP1609M,7.26
2016-06-01,KBP1610M,7.68
2016-06-01,KBP1611M,8.68
2016-06-01,KBP1612M,9.25
2016-06-01,KBP1613M,2.25
2016-06-01,KBP1614M,5.25
2016-06-01,KBP1615M,3.17
2016-06-01,KBP1616M,6.53
2016-06-01,KBP1617M,6.95
2016-06-01,KBP1618M,7.21
2016-06-01,KBP1619M,7.8
2016-06-01,KBP1620M,7.16
2016-06-01,KBP1621M,8.28
2016-06-01,KBP1622M,8.57
2016-06-01,KBP1623M,8.04
2016-06-01,KBP1624M,7.08
2016-06-01,KBP1625M,6.34
2016-06-01,KBP1485M,7.0
2016-07-01,KBP1600M,2.67
2016-07-01,KBP1601M,6.36
2016-07-01,KBP1602M,6.27
2016-07-01,KBP1603M,6.0
2016-07-01,KBP1604M,0.97
2016-07-01,KBP1605M,6.29
2016-07-01,KBP1606M,6.42
2016-07-01,KBP1607M,7.25
2016-07-01,KBP1608M,5.52
2016-07-01,KBP1609M,7.34
2016-07-01,KBP1610M,7.78
2016-07-01,KBP1611M,8.78
2016-07-01,KBP1612M,9.39
2016-07-01,KBP1613M,1.8
2016-07-01,KBP1614M,5.28
2016-07-01,KBP1615M,3.13
2016-07-01,KBP1616M,6.53
2016-07-01,KBP1617M,6.75
2016-07-01,KBP1618M,7.17
2016-07-01,KBP1619M,7.83
2016-07-01,KBP1620M,7.21
2016-07-01,KBP1621M,8.36
2016-07-01,KBP1622M,8.56
2016-07-01,KBP1623M,8.13
2016-07-01,KBP1624M,7.16
2016-07-01,KBP1625M,6.34
2016-07-01,KBP1485M,7.0
2016-08-01,KBP1600M,2.78
2016-08-01,KBP1601M,6.37
2016-08-01,KBP1602M,6.37
2016-08-01,KBP1603M,6.07
2016-08-01,KBP1604M,0.96
2016-08-01,KBP1605M,6.31
2016-08-01,KBP1606M,6.44
2016-08-01,KBP1607M,7.27
2016-08-01,KBP1608M,5.51
2016-08-01,KBP1609M,7.39
2016-08-01,KBP1610M,7.88
2016-08-01,KBP1611M,8.87
2016-08-01,KBP1612M,9.48
2016-08-01,KBP1613M,1.81
2016-08-01,KBP1614M,5.39
2016-08-01,KBP1615M,3.21
2016-08-01,KBP1616M,6.54
2016-08-01,KBP1617M,6.91
2016-08-01,KBP1618M,7.28
2016-08-01,KBP1619M,7.72
2016-08-01,KBP1620M,7.23
2016-08-01,KBP1621M,8.34
2016-08-01,KBP1622M,8.7
2016-08-01,KBP1623M,8.32
2016-08-01,KBP1624M,7.16
2016-08-01,KBP1625M,6.38
2016-08-01,KBP1485M,7.0
2016-09-01,KBP1600M,2.68
2016-09-01,KBP1601M,6.4
2016-09-01,KBP1602M,6.4
2016-09-01,KBP1603M,6.12
2016-09-01,KBP1604M,0.91
2016-09-01,KBP1605M,6.32
2016-09-01,KBP1606M,6.46
2016-09-01,KBP1607M,7.33
2016-09-01,KBP1608M,5.53
2016-09-01,KBP1609M,7.52
2016-09-01,KBP1610M,7.96
2016-09-01,KBP1611M,8.95
2016-09-01,KBP1612M,9.53
2016-09-01,KBP1613M,2.15
2016-09-01,KBP1614M,5.45
2016-09-01,KBP1615M,3.15
2016-09-01,KBP1616M,6.56
2016-09-01,KBP1617M,6.97
2016-09-01,KBP1618M,7.33
2016-09-01,KBP1619M,7.77
2016-09-01,KBP1620M,7.43
2016-09-01,KBP1621M,8.42
2016-09-01,KBP1622M,8.7
2016-09-01,KBP1623M,8.23
2016-09-01,KBP1624M,7.16
2016-09-01,KBP1625M,6.43
2016-09-01,KBP1485M,7.0
2016-10-01,KBP1600M,2.65
2016-10-01,KBP1601M,6.39
2016-10-01,KBP1602M,6.7
2016-10-01,KBP1603M,6.22
2016-10-01,KBP1604M,0.91
2016-10-01,KBP1605M,6.34
2016-10-01,KBP1606M,6.48
2016-10-01,KBP1607M,7.32
2016-10-01,KBP1608M,5.63
2016-10-01,KBP1609M,7.52
2016-10-01,KBP1610M,8.07
2016-10-01,KBP1611M,9.02
2016-10-01,KBP1612M,9.62
2016-10-01,KBP1613M,2.18
2016-10-01,KBP1614M,5.52
2016-10-01,KBP1615M,3.15
2016-10-01,KBP1616M,6.52
2016-10-01,KBP1617M,7.05
2016-10-01,KBP1618M,7.32
2016-10-01,KBP1619M,7.75
2016-10-01,KBP1620M,7.5
2016-10-01,KBP1621M,8.48
2016-10-01,KBP1622M,8.7
2016-10-01,KBP1623M,8.27
2016-10-01,KBP1624M,7.42
2016-10-01,KBP1625M,6.53
2016-10-01,KBP1485M,7.0
2016-11-01,KBP1600M,2.36
2016-11-01,KBP1601M,6.42
2016-11-01,KBP1602M,6.75
2016-11-01,KBP1603M,6.19
2016-11-01,KBP1604M,0.91
2016-11-01,KBP1605M,6.38
2016-11-01,KBP1606M,6.5
2016-11-01,KBP1607M,7.38
2016-11-01,KBP1608M,5.62
2016-11-01,KBP1609M,7.6
2016-11-01,KBP1610M,8.16
2016-11-01,KBP1611M,9.07
2016-11-01,KBP1612M,9.67
2016-11-01,KBP1613M,2.29
2016-11-01,KBP1614M,5.52
2016-11-01,KBP1615M,3.0
2016-11-01,KBP1616M,6.56
2016-11-01,KBP1617M,6.99
2016-11-01,KBP1618M,7.38
2016-11-01,KBP1619M,7.82
2016-11-01,KBP1620M,7.55
2016-11-01,KBP1621M,8.58
2016-11-01,KBP1622M,8.74
2016-11-01,KBP1623M,8.36
2016-11-01,KBP1624M,7.48
2016-11-01,KBP1625M,6.53
2016-11-01,KBP1485M,7.0
2016-12-01,KBP1600M,2.32
2016-12-01,KBP1601M,6.41
2016-12-01,KBP1602M,6.65
2016-12-01,KBP1603M,6.14
2016-12-01,KBP1604M,0.82
2016-12-01,KBP1605M,6.38
2016-12-01,KBP1606M,6.55
2016-12-01,KBP1607M,7.35
2016-12-01,KBP1608M,6.11
2016-12-01,KBP1609M,7.61
2016-12-01,KBP1610M,8.25
2016-12-01,KBP1611M,9.12
2016-12-01,KBP1612M,9.72
2016-12-01,KBP1613M,2.07
2016-12-01,KBP1614M,5.54
2016-12-01,KBP1615M,2.96
2016-12-01,KBP1616M,6.55
2016-12-01,KBP1617M,7.02
2016-12-01,KBP1618M,7.44
2016-12-01,KBP1619M,7.89
2016-12-01,KBP1620M,7.49
2016-12-01,KBP1621M,8.52
2016-12-01,KBP1622M,8.75
2016-12-01,KBP1623M,8.29
2016-12-01,KBP1624M,7.38
2016-12-01,KBP1625M,6.45
2016-12-01,KBP1485M,7.0
2017-01-01,KBP1600M,2.34
2017-01-01,KBP1601M,6.42
2017-01-01,KBP1602M,6.63
2017-01-01,KBP1603M,6.15
2017-01-01,KBP1604M,0.87
2017-01-01,KBP1605M,6.4
2017-01-01,KBP1606M,6.55
2017-01-01,KBP1607M,7.33
2017-01-01,KBP1608M,6.13
2017-01-01,KBP1609M,7.66
2017-01-01,KBP1610M,8.34
2017-01-01,KBP1611M,9.18
2017-01-01,KBP1612M,9.76
2017-01-01,KBP1613M,2.05
2017-01-01,KBP1614M,5.59
2017-01-01,KBP1615M,3.0
2017-01-01,KBP1616M,6.55
2017-01-01,KBP1617M,7.01
2017-01-01,KBP1618M,7.4
2017-01-01,KBP1619M,7.87
2017-01-01,KBP1620M,7.44
2017-01-01,KBP1621M,8.5
2017-01-01,KBP1622M,8.72
2017-01-01,KBP1623M,8.35
2017-01-01,KBP1624M,7.34
2017-01-01,KBP1625M,6.46
2017-01-01,KBP1485M,7.0
2017-02-01,KBP1600M,2.29
2017-02-01,KBP1601M,6.39
2017-02-01,KBP1602M,6.65
2017-02-01,KBP1603M,6.15
2017-02-01,KBP1604M,0.87
2017-02-01,KBP1605M,6.39
2017-02-01,KBP1606M,6.56
2017-02-01,KBP1607M,7.33
2017-02-01,KBP1608M,6.16
2017-02-01,KBP1609M,7.69
2017-02-01,KBP1610M,8.42
2017-02-01,KBP1611M,9.22
2017-02-01,KBP1612M,9.81
2017-02-01,KBP1613M,1.93
2017-02-01,KBP1614M,5.6
2017-02-01,KBP1615M,2.94
2017-02-01,KBP1616M,6.52
2017-02-01,KBP1617M,7.03
2017-02-01,KBP1618M,7.41
2017-02-01,KBP1619M,7.92
2017-02-01,KBP1620M,7.45
2017-02-01,KBP1621M,8.49
2017-02-01,KBP1622M,8.73
2017-02-01,KBP1623M,8.26
2017-02-01,KBP1624M,7.38
2017-02-01,KBP1625M,6.47
2017-02-01,KBP1485M,7.0
2017-03-01,KBP1600M,2.31
2017-03-01,KBP1601M,6.43
2017-03-01,KBP1602M,6.64
2017-03-01,KBP1603M,6.17
2017-03-01,KBP1604M,0.91
2017-03-01,KBP1605M,6.4
2017-03-01,KBP1606M,6.54
2017-03-01,KBP1607M,7.34
2017-03-01,KBP1608M,5.7
2017-03-01,KBP1609M,7.74
2017-03-01,KBP1610M,8.48
2017-03-01,KBP1611M,9.27
2017-03-01,KBP1612M,9.83
2017-03-01,KBP1613M,2.74
2017-03-01,KBP1614M,5.65
2017-03-01,KBP1615M,2.93
2017-03-01,KBP1616M,6.57
2017-03-01,KBP1617M,7.04
2017-03-01,KBP1618M,7.44
2017-03-01,KBP1619M,7.85
2017-03-01,KBP1620M,7.47
2017-03-01,KBP1621M,8.52
2017-03-01,KBP1622M,8.77
2017-03-01,KBP1623M,8.31
2017-03-01,KBP1624M,7.34
2017-03-01,KBP1625M,6.47
2017-03-01,KBP1485M,7.0
2017-04-01,KBP1600M,2.36
2017-04-01,KBP1601M,6.44
2017-04-01,KBP1602M,6.65
2017-04-01,KBP1603M,6.19
2017-04-01,KBP1604M,0.91
2017-04-01,KBP1605M,6.41
2017-04-01,KBP1606M,6.55
2017-04-01,KBP1607M,7.31
2017-04-01,KBP1608M,6.05
2017-04-01,KBP1609M,7.8
2017-04-01,KBP1610M,8.5
2017-04-01,KBP1611M,9.24
2017-04-01,KBP1612M,9.74
2017-04-01,KBP1613M,2.42
2017-04-01,KBP1614M,5.69
2017-04-01,KBP1615M,2.98
2017-04-01,KBP1616M,6.58
2017-04-01,KBP1617M,7.06
2017-04-01,KBP1618M,7.42
2017-04-01,KBP1619M,7.86
2017-04-01,KBP1620M,7.53
2017-04-01,KBP1621M,8.49
2017-04-01,KBP1622M,8.83
2017-04-01,KBP1623M,8.16
2017-04-01,KBP1624M,7.34
2017-04-01,KBP1625M,6.48
2017-04-01,KBP1485M,7.0
2017-05-01,KBP1600M,2.39
2017-05-01,KBP1601M,6.42
2017-05-01,KBP1602M,6.67
2017-05-01,KBP1603M,6.21
2017-05-01,KBP1604M,0.93
2017-05-01,KBP1605M,6.41
2017-05-01,KBP1606M,6.56
2017-05-01,KBP1607M,7.32
2017-05-01,KBP1608M,5.85
2017-05-01,KBP1609M,7.77
2017-05-01,KBP1610M,8.53
2017-05-01,KBP1611M,9.26
2017-05-01,KBP1612M,9.75
2017-05-01,KBP1613M,2.4
2017-05-01,KBP1614M,5.71
2017-05-01,KBP1615M,3.0
2017-05-01,KBP1616M,6.55
2017-05-01,KBP1617M,7.05
2017-05-01,KBP1618M,7.51
2017-05-01,KBP1619M,7.79
2017-05-01,KBP1620M,7.43
2017-05-01,KBP1621M,8.48
2017-05-01,KBP1622M,8.84
2017-05-01,KBP1623M,8.27
2017-05-01,KBP1624M,7.33
2017-05-01,KBP1625M,6.48
2017-05-01,KBP1485M,7.0
2017-06-01,KBP1600M,2.35
2017-06-01,KBP1601M,6.45
2017-06-01,KBP1602M,6.67
2017-06-01,KBP1603M,6.17
2017-06-01,KBP1604M,0.9
2017-06-01,KBP1605M,6.42
2017-06-01,KBP1606M,6.56
2017-06-01,KBP1607M,7.31
2017-06-01,KBP1608M,5.73
2017-06-01,KBP1609M,7.72
2017-06-01,KBP1610M,8.52
2017-06-01,KBP1611M,9.29
2017-06-01,KBP1612M,9.78
2017-06-01,KBP1613M,2.47
2017-06-01,KBP1614M,5.69
2017-06-01,KBP1615M,2.99
2017-06-01,KBP1616M,6.59
2017-06-01,KBP1617M,7.04
2017-06-01,KBP1618M,7.51
2017-06-01,KBP1619M,7.8
2017-06-01,KBP1620M,7.45
2017-06-01,KBP1621M,8.44
2017-06-01,KBP1622M,8.87
2017-06-01,KBP1623M,8.26
2017-06-01,KBP1624M,7.35
2017-06-01,KBP1625M,6.46
2017-06-01,KBP1485M,7.0
2017-07-01,KBP1600M,2.3
2017-07-01,KBP1601M,6.29
2017-07-01,KBP1602M,6.72
2017-07-01,KBP1603M,6.13
2017-07-01,KBP1604M,0.86
2017-07-01,KBP1605M,6.28
2017-07-01,KBP1606M,6.36
2017-07-01,KBP1607M,7.15
2017-07-01,KBP1608M,5.55
2017-07-01,KBP1609M,7.71
2017-07-01,KBP1610M,8.57
2017-07-01,KBP1611M,9.36
2017-07-01,KBP1612M,9.79
2017-07-01,KBP1613M,2.51
2017-07-01,KBP1614M,5.62
2017-07-01,KBP1615M,2.95
2017-07-01,KBP1616M,6.44
2017-07-01,KBP1617M,6.91
2017-07-01,KBP1618M,7.31
2017-07-01,KBP1619M,7.65
2017-07-01,KBP1620M,7.32
2017-07-01,KBP1621M,8.46
2017-07-01,KBP1622M,8.86
2017-07-01,KBP1623M,8.3
2017-07-01,KBP1624M,7.4
2017-07-01,KBP1625M,6.43
2017-07-01,KBP1485M,6.75
2017-08-01,KBP1600M,2.28
2017-08-01,KBP1601M,6.24
2017-08-01,KBP1602M,6.66
2017-08-01,KBP1603M,6.1
2017-08-01,KBP1604M,0.85
2017-08-01,KBP1605M,6.22
2017-08-01,KBP1606M,6.34
2017-08-01,KBP1607M,7.13
2017-08-01,KBP1608M,5.43
2017-08-01,KBP1609M,7.71
2017-08-01,KBP1610M,8.58
2017-08-01,KBP1611M,9.39
2017-08-01,KBP1612M,9.86
2017-08-01,KBP1613M,2.09
2017-08-01,KBP1614M,5.62
2017-08-01,KBP1615M,2.92
2017-08-01,KBP1616M,6.38
2017-08-01,KBP1617M,6.84
2017-08-01,KBP1618M,7.13
2017-08-01,KBP1619M,7.44
2017-08-01,KBP1620M,7.26
2017-08-01,KBP1621M,8.37
2017-08-01,KBP1622M,8.73
2017-08-01,KBP1623M,8.19
2017-08-01,KBP1624M,7.33
2017-08-01,KBP1625M,6.39
2017-08-01,KBP1485M,6.75
2017-09-01,KBP1600M,2.37
2017-09-01,KBP1601M,6.29
2017-09-01,KBP1602M,6.62
2017-09-01,KBP1603M,6.07
2017-09-01,KBP1604M,0.87
2017-09-01,KBP1605M,6.32
2017-09-01,KBP1606M,6.34
2017-09-01,KBP1607M,7.12
2017-09-01,KBP1608M,5.43
2017-09-01,KBP1609M,7.69
2017-09-01,KBP1610M,8.57
2017-09-01,KBP1611M,9.35
2017-09-01,KBP1612M,9.83
2017-09-01,KBP1613M,2.26
2017-09-01,KBP1614M,5.66
2017-09-01,KBP1615M,3.02
2017-09-01,KBP1616M,6.39
2017-09-01,KBP1617M,6.78
2017-09-01,KBP1618M,7.16
2017-09-01,KBP1619M,7.35
2017-09-01,KBP1620M,7.21
2017-09-01,KBP1621M,8.27
2017-09-01,KBP1622M,8.66
2017-09-01,KBP1623M,8.1
2017-09-01,KBP1624M,7.27
2017-09-01,KBP1625M,6.32
2017-09-01,KBP1485M,6.75
2017-10-01,KBP1600M,2.25
2017-10-01,KBP1601M,6.22
2017-10-01,KBP1602M,6.53
2017-10-01,KBP1603M,6.0
2017-10-01,KBP1604M,0.84
2017-10-01,KBP1605M,6.2
2017-10-01,KBP1606M,6.34
2017-10-01,KBP1607M,7.08
2017-10-01,KBP1608M,5.4
2017-10-01,KBP1609M,7.67
2017-10-01,KBP1610M,8.57
2017-10-01,KBP1611M,9.36
2017-10-01,KBP1612M,9.88
2017-10-01,KBP1613M,2.27
2017-10-01,KBP1614M,5.62
2017-10-01,KBP1615M,2.87
2017-10-01,KBP1616M,6.34
2017-10-01,KBP1617M,6.85
2017-10-01,KBP1618M,7.03
2017-10-01,KBP1619M,7.05
2017-10-01,KBP1620M,7.25
2017-10-01,KBP1621M,8.27
2017-10-01,KBP1622M,8.58
2017-10-01,KBP1623M,8.14
2017-10-01,KBP1624M,7.22
2017-10-01,KBP1625M,6.25
2017-10-01,KBP1485M,6.75
2017-11-01,KBP1600M,2.23
2017-11-01,KBP1601M,6.24
2017-11-01,KBP1602M,6.56
2017-11-01,KBP1603M,5.99
2017-11-01,KBP1604M,0.85
2017-11-01,KBP1605M,6.2
2017-11-01,KBP1606M,6.35
2017-11-01,KBP1607M,7.06
2017-11-01,KBP1608M,5.45
2017-11-01,KBP1609M,7.67
2017-11-01,KBP1610M,8.56
2017-11-01,KBP1611M,9.34
2017-11-01,KBP1612M,9.89
2017-11-01,KBP1613M,2.55
2017-11-01,KBP1614M,5.6
2017-11-01,KBP1615M,2.85
2017-11-01,KBP1616M,6.35
2017-11-01,KBP1617M,6.87
2017-11-01,KBP1618M,7.12
2017-11-01,KBP1619M,7.23
2017-11-01,KBP1620M,7.19
2017-11-01,KBP1621M,8.28
2017-11-01,KBP1622M,8.61
2017-11-01,KBP1623M,7.94
2017-11-01,KBP1624M,7.28
2017-11-01,KBP1625M,6.24
2017-11-01,KBP1485M,6.75
2017-12-01,KBP1600M,2.25
2017-12-01,KBP1601M,6.27
2017-12-01,KBP1602M,6.52
2017-12-01,KBP1603M,5.98
2017-12-01,KBP1604M,0.8
2017-12-01,KBP1605M,6.22
2017-12-01,KBP1606M,6.37
2017-12-01,KBP1607M,7.1
2017-12-01,KBP1608M,5.75
2017-12-01,KBP1609M,7.66
2017-12-01,KBP1610M,8.57
2017-12-01,KBP1611M,9.37
2017-12-01,KBP1612M,9.9
2017-12-01,KBP1613M,2.36
2017-12-01,KBP1614M,5.62
2017-12-01,KBP1615M,2.87
2017-12-01,KBP1616M,6.37
2017-12-01,KBP1617M,6.83
2017-12-01,KBP1618M,7.2
2017-12-01,KBP1619M,7.44
2017-12-01,KBP1620M,7.13
2017-12-01,KBP1621M,8.34
2017-12-01,KBP1622M,8.61
2017-12-01,KBP1623M,7.98
2017-12-01,KBP1624M,7.21
2017-12-01,KBP1625M,6.21
2017-12-01,KBP1485M,6.75
2018-01-01,KBP1600M,2.41
2018-01-01,KBP1601M,6.33
2018-01-01,KBP1602M,6.55
2018-01-01,KBP1603M,6.08
2018-01-01,KBP1604M,0.84
2018-01-01,KBP1605M,6.23
2018-01-01,KBP1606M,6.38
2018-01-01,KBP1607M,7.11
2018-01-01,KBP1608M,5.68
2018-01-01,KBP1609M,7.67
2018-01-01,KBP1610M,8.57
2018-01-01,KBP1611M,9.36
2018-01-01,KBP1612M,9.9
2018-01-01,KBP1613M,2.41
2018-01-01,KBP1614M,5.66
2018-01-01,KBP1615M,2.89
2018-01-01,KBP1616M,6.38
2018-01-01,KBP1617M,6.81
2018-01-01,KBP1618M,7.19
2018-01-01,KBP1619M,7.55
2018-01-01,KBP1620M,7.18
2018-01-01,KBP1621M,8.33
2018-01-01,KBP1622M,8.56
2018-01-01,KBP1623M,8.07
2018-01-01,KBP1624M,7.22
2018-01-01,KBP1625M,6.28
2018-01-01,KBP1485M,6.75
2018-02-01,KBP1600M,2.5
2018-02-01,KBP1601M,6.36
2018-02-01,KBP1602M,6.58
2018-02-01,KBP1603M,6.12
2018-02-01,KBP1604M,0.97
2018-02-01,KBP1605M,6.23
2018-02-01,KBP1606M,6.38
2018-02-01,KBP1607M,7.11
2018-02-01,KBP1608M,5.42
2018-02-01,KBP1609M,7.63
2018-02-01,KBP1610M,8.55
2018-02-01,KBP1611M,9.38
2018-02-01,KBP1612M,9.92
2018-02-01,KBP1613M,2.17
2018-02-01,KBP1614M,5.77
2018-02-01,KBP1615M,2.94
2018-02-01,KBP1616M,6.43
2018-02-01,KBP1617M,6.8
2018-02-01,KBP1618M,7.12
2018-02-01,KBP1619M,7.54
2018-02-01,KBP1620M,7.25
2018-02-01,KBP1621M,8.36
2018-02-01,KBP1622M,8.58
2018-02-01,KBP1623M,8.06
2018-02-01,KBP1624M,7.15
2018-02-01,KBP1625M,6.29
2018-02-01,KBP1485M,6.75
2018-03-01,KBP1600M,2.54
2018-03-01,KBP1601M,6.25
2018-03-01,KBP1602M,6.5
2018-03-01,KBP1603M,6.08
2018-03-01,KBP1604M,1.1
2018-03-01,KBP1605M,6.12
2018-03-01,KBP1606M,6.26
2018-03-01,KBP1607M,6.95
2018-03-01,KBP1608M,5.39
2018-03-01,KBP1609M,7.57
2018-03-01,KBP1610M,8.53
2018-03-01,KBP1611M,9.38
2018-03-01,KBP1612M,9.92
2018-03-01,KBP1613M,2.19
2018-03-01,KBP1614M,5.79
2018-03-01,KBP1615M,2.86
2018-03-01,KBP1616M,6.28
2018-03-01,KBP1617M,6.69
2018-03-01,KBP1618M,7.03
2018-03-01,KBP1619M,7.48
2018-03-01,KBP1620M,7.21
2018-03-01,KBP1621M,8.26
2018-03-01,KBP1622M,8.56
2018-03-01,KBP1623M,8.07
2018-03-01,KBP1624M,7.11
2018-03-01,KBP1625M,6.2
2018-03-01,KBP1485M,6.5
2018-04-01,KBP1600M,2.48
2018-04-01,KBP1601M,6.16
2018-04-01,KBP1602M,6.58
2018-04-01,KBP1603M,6.07
2018-04-01,KBP1604M,1.07
2018-04-01,KBP1605M,6.05
2018-04-01,KBP1606M,6.12
2018-04-01,KBP1607M,6.9
2018-04-01,KBP1608M,5.43
2018-04-01,KBP1609M,7.51
2018-04-01,KBP1610M,8.5
2018-04-01,KBP1611M,9.37
2018-04-01,KBP1612M,9.95
2018-04-01,KBP1613M,2.13
2018-04-01,KBP1614M,5.75
2018-04-01,KBP1615M,2.8
2018-04-01,KBP1616M,6.2
2018-04-01,KBP1617M,6.6
2018-04-01,KBP1618M,6.99
2018-04-01,KBP1619M,7.29
2018-04-01,KBP1620M,7.23
2018-04-01,KBP1621M,8.23
2018-04-01,KBP1622M,8.53
2018-04-01,KBP1623M,7.99
2018-04-01,KBP1624M,7.19
2018-04-01,KBP1625M,6.21
2018-04-01,KBP1485M,6.5
2018-05-01,KBP1600M,2.52
2018-05-01,KBP1601M,6.13
2018-05-01,KBP1602M,6.59
2018-05-01,KBP1603M,6.08
2018-05-01,KBP1604M,1.08
2018-05-01,KBP1605M,6.05
2018-05-01,KBP1606M,6.16
2018-05-01,KBP1607M,6.88
2018-05-01,KBP1608M,5.44
2018-05-01,KBP1609M,7.5
2018-05-01,KBP1610M,8.45
2018-05-01,KBP1611M,9.37
2018-05-01,KBP1612M,9.91
2018-05-01,KBP1613M,1.94
2018-05-01,KBP1614M,5.75
2018-05-01,KBP1615M,2.86
2018-05-01,KBP1616M,6.17
2018-05-01,KBP1617M,6.68
2018-05-01,KBP1618M,6.94
2018-05-01,KBP1619M,7.39
2018-05-01,KBP1620M,7.15
2018-05-01,KBP1621M,8.16
2018-05-01,KBP1622M,8.46
2018-05-01,KBP1623M,8.01
2018-05-01,KBP1624M,7.22
2018-05-01,KBP1625M,6.24
2018-05-01,KBP1485M,6.5
2018-06-01,KBP1600M,2.67
2018-06-01,KBP1601M,6.13
2018-06-01,KBP1602M,6.57
2018-06-01,KBP1603M,6.09
2018-06-01,KBP1604M,1.03
2018-06-01,KBP1605M,6.05
2018-06-01,KBP1606M,6.1
2018-06-01,KBP1607M,6.88
2018-06-01,KBP1608M,5.27
2018-06-01,KBP1609M,7.45
2018-06-01,KBP1610M,8.44
2018-06-01,KBP1611M,9.27
2018-06-01,KBP1612M,9.89
2018-06-01,KBP1613M,1.95
2018-06-01,KBP1614M,5.72
2018-06-01,KBP1615M,2.76
2018-06-01,KBP1616M,6.17
2018-06-01,KBP1617M,6.59
2018-06-01,KBP1618M,6.95
2018-06-01,KBP1619M,7.36
2018-06-01,KBP1620M,7.15
2018-06-01,KBP1621M,8.08
2018-06-01,KBP1622M,8.46
2018-06-01,KBP1623M,8.08
2018-06-01,KBP1624M,7.21
2018-06-01,KBP1625M,6.21
2018-06-01,KBP1485M,6.5
2018-07-01,KBP1600M,2.33
2018-07-01,KBP1601M,6.15
2018-07-01,KBP1602M,6.51
2018-07-01,KBP1603M,6.05
2018-07-01,KBP1604M,1.03
2018-07-01,KBP1605M,6.06
2018-07-01,KBP1606M,6.18
2018-07-01,KBP1607M,6.89
2018-07-01,KBP1608M,5.53
2018-07-01,KBP1609M,7.35
2018-07-01,KBP1610M,8.33
2018-07-01,KBP1611M,9.18
2018-07-01,KBP1612M,9.89
2018-07-01,KBP1613M,1.9
2018-07-01,KBP1614M,5.71
2018-07-01,KBP1615M,2.67
2018-07-01,KBP1616M,6.2
2018-07-01,KBP1617M,6.68
2018-07-01,KBP1618M,6.99
2018-07-01,KBP1619M,7.3
2018-07-01,KBP1620M,7.14
2018-07-01,KBP1621M,8.12
2018-07-01,KBP1622M,8.46
2018-07-01,KBP1623M,8.21
2018-07-01,KBP1624M,7.12
2018-07-01,KBP1625M,6.21
2018-07-01,KBP1485M,6.5
2018-08-01,KBP1600M,2.42
2018-08-01,KBP1601M,6.15
2018-08-01,KBP1602M,6.55
2018-08-01,KBP1603M,6.08
2018-08-01,KBP1604M,1.07
2018-08-01,KBP1605M,6.04
2018-08-01,KBP1606M,6.15
2018-08-01,KBP1607M,6.86
2018-08-01,KBP1608M,5.86
2018-08-01,KBP1609M,7.37
2018-08-01,KBP1610M,8.35
2018-08-01,KBP1611M,9.19
2018-08-01,KBP1612M,9.9
2018-08-01,KBP1613M,1.9
2018-08-01,KBP1614M,5.72
2018-08-01,KBP1615M,2.77
2018-08-01,KBP1616M,6.21
2018-08-01,KBP1617M,6.64
2018-08-01,KBP1618M,7.05
2018-08-01,KBP1619M,7.38
2018-08-01,KBP1620M,7.12
2018-08-01,KBP1621M,8.13
2018-08-01,KBP1622M,8.49
2018-08-01,KBP1623M,8.27
2018-08-01,KBP1624M,7.18
2018-08-01,KBP1625M,6.25
2018-08-01,KBP1485M,6.5
2018-09-01,KBP1600M,2.53
2018-09-01,KBP1601M,6.15
2018-09-01,KBP1602M,6.54
2018-09-01,KBP1603M,6.1
2018-09-01,KBP1604M,1.09
2018-09-01,KBP1605M,6.08
2018-09-01,KBP1606M,6.16
2018-09-01,KBP1607M,6.9
2018-09-01,KBP1608M,5.82
2018-09-01,KBP1609M,7.43
2018-09-01,KBP1610M,8.38
2018-09-01,KBP1611M,9.28
2018-09-01,KBP1612M,9.89
2018-09-01,KBP1613M,2.05
2018-09-01,KBP1614M,5.76
2018-09-01,KBP1615M,2.88
2018-09-01,KBP1616M,6.19
2018-09-01,KBP1617M,6.74
2018-09-01,KBP1618M,6.84
2018-09-01,KBP1619M,7.41
2018-09-01,KBP1620M,7.22
2018-09-01,KBP1621M,8.17
2018-09-01,KBP1622M,8.52
2018-09-01,KBP1623M,8.34
2018-09-01,KBP1624M,7.15
2018-09-01,KBP1625M,6.25
2018-09-01,KBP1485M,6.5
2018-10-01,KBP1600M,2.44
2018-10-01,KBP1601M,6.18
2018-10-01,KBP1602M,6.55
2018-10-01,KBP1603M,6.1
2018-10-01,KBP1604M,1.14
2018-10-01,KBP1605M,6.11
2018-10-01,KBP1606M,6.13
2018-10-01,KBP1607M,6.89
2018-10-01,KBP1608M,5.8
2018-10-01,KBP1609M,7.46
2018-10-01,KBP1610M,8.42
2018-10-01,KBP1611M,9.3
2018-10-01,KBP1612M,9.9
2018-10-01,KBP1613M,2.05
2018-10-01,KBP1614M,5.77
2018-10-01,KBP1615M,2.76
2018-10-01,KBP1616M,6.22
2018-10-01,KBP1617M,6.73
2018-10-01,KBP1618M,6.88
2018-10-01,KBP1619M,7.41
2018-10-01,KBP1620M,7.19
2018-10-01,KBP1621M,8.19
2018-10-01,KBP1622M,8.57
2018-10-01,KBP1623M,8.41
2018-10-01,KBP1624M,7.16
2018-10-01,KBP1625M,6.25
2018-10-01,KBP1485M,6.5
2018-11-01,KBP1600M,2.49
2018-11-01,KBP1601M,6.28
2018-11-01,KBP1602M,6.55
2018-11-01,KBP1603M,6.11
2018-11-01,KBP1604M,1.2
2018-11-01,KBP1605M,6.21
2018-11-01,KBP1606M,6.32
2018-11-01,KBP1607M,7.02
2018-11-01,KBP1608M,5.94
2018-11-01,KBP1609M,7.5
2018-11-01,KBP1610M,8.44
2018-11-01,KBP1611M,9.32
2018-11-01,KBP1612M,9.9
2018-11-01,KBP1613M,2.13
2018-11-01,KBP1614M,5.88
2018-11-01,KBP1615M,2.8
2018-11-01,KBP1616M,6.33
2018-11-01,KBP1617M,6.75
2018-11-01,KBP1618M,7.15
2018-11-01,KBP1619M,7.48
2018-11-01,KBP1620M,7.18
2018-11-01,KBP1621M,8.17
2018-11-01,KBP1622M,8.58
2018-11-01,KBP1623M,8.73
2018-11-01,KBP1624M,7.13
2018-11-01,KBP1625M,6.23
2018-11-01,KBP1485M,6.75
2018-12-01,KBP1600M,2.48
2018-12-01,KBP1601M,6.38
2018-12-01,KBP1602M,6.6
2018-12-01,KBP1603M,6.16
2018-12-01,KBP1604M,1.16
2018-12-01,KBP1605M,6.3
2018-12-01,KBP1606M,6.41
2018-12-01,KBP1607M,7.03
2018-12-01,KBP1608M,5.67
2018-12-01,KBP1609M,7.55
2018-12-01,KBP1610M,8.46
2018-12-01,KBP1611M,9.33
2018-12-01,KBP1612M,9.91
2018-12-01,KBP1613M,2.21
2018-12-01,KBP1614M,5.95
2018-12-01,KBP1615M,2.79
2018-12-01,KBP1616M,6.43
2018-12-01,KBP1617M,6.78
2018-12-01,KBP1618M,7.22
2018-12-01,KBP1619M,7.62
2018-12-01,KBP1620M,7.19
2018-12-01,KBP1621M,8.2
2018-12-01,KBP1622M,8.58
2018-12-01,KBP1623M,8.85
2018-12-01,KBP1624M,7.14
2018-12-01,KBP1625M,6.27
2018-12-01,KBP1485M,6.75
2019-01-01,KBP1600M,2.54
2019-01-01,KBP1601M,6.4
2019-01-01,KBP1602M,6.62
2019-01-01,KBP1603M,6.22
2019-01-01,KBP1604M,1.24
2019-01-01,KBP1605M,6.33
2019-01-01,KBP1606M,6.43
2019-01-01,KBP1607M,7.09
2019-01-01,KBP1608M,5.87
2019-01-01,KBP1609M,7.6
2019-01-01,KBP1610M,8.49
2019-01-01,KBP1611M,9.33
2019-01-01,KBP1612M,9.95
2019-01-01,KBP1613M,2.18
2019-01-01,KBP1614M,5.99
2019-01-01,KBP1615M,2.86
2019-01-01,KBP1616M,6.44
2019-01-01,KBP1617M,6.84
2019-01-01,KBP1618M,7.23
2019-01-01,KBP1619M,7.65
2019-01-01,KBP1620M,7.21
2019-01-01,KBP1621M,8.23
2019-01-01,KBP1622M,8.59
2019-01-01,KBP1623M,8.9
2019-01-01,KBP1624M,7.14
2019-01-01,KBP1625M,6.32
2019-01-01,KBP1485M,6.75
2019-02-01,KBP1600M,2.53
2019-02-01,KBP1601M,6.42
2019-02-01,KBP1602M,6.62
2019-02-01,KBP1603M,6.24
2019-02-01,KBP1604M,1.31
2019-02-01,KBP1605M,6.33
2019-02-01,KBP1606M,6.44
2019-02-01,KBP1607M,7.08
2019-02-01,KBP1608M,5.8
2019-02-01,KBP1609M,7.6
2019-02-01,KBP1610M,8.5
2019-02-01,KBP1611M,9.29
2019-02-01,KBP1612M,9.99
2019-02-01,KBP1613M,2.16
2019-02-01,KBP1614M,5.99
2019-02-01,KBP1615M,2.85
2019-02-01,KBP1616M,6.47
2019-02-01,KBP1617M,6.83
2019-02-01,KBP1618M,7.16
2019-02-01,KBP1619M,7.64
2019-02-01,KBP1620M,7.25
2019-02-01,KBP1621M,8.23
2019-02-01,KBP1622M,8.6
2019-02-01,KBP1623M,8.9
2019-02-01,KBP1624M,7.15
2019-02-01,KBP1625M,6.36
2019-02-01,KBP1485M,6.75
2019-03-01,KBP1600M,2.58
2019-03-01,KBP1601M,6.43
2019-03-01,KBP1602M,6.65
2019-03-01,KBP1603M,6.26
2019-03-01,KBP1604M,1.37
2019-03-01,KBP1605M,6.33
2019-03-01,KBP1606M,6.43
2019-03-01,KBP1607M,7.07
2019-03-01,KBP1608M,5.98
2019-03-01,KBP1609M,7.62
2019-03-01,KBP1610M,8.44
2019-03-01,KBP1611M,9.29
2019-03-01,KBP1612M,9.98
2019-03-01,KBP1613M,2.19
2019-03-01,KBP1614M,6.03
2019-03-01,KBP1615M,2.88
2019-03-01,KBP1616M,6.49
2019-03-01,KBP1617M,6.84
2019-03-01,KBP1618M,7.23
2019-03-01,KBP1619M,7.64
2019-03-01,KBP1620M,7.22
2019-03-01,KBP1621M,8.22
2019-03-01,KBP1622M,8.59
2019-03-01,KBP1623M,8.89
2019-03-01,KBP1624M,7.17
2019-03-01,KBP1625M,6.38
2019-03-01,KBP1485M,6.75
2019-04-01,KBP1600M,2.52
2019-04-01,KBP1601M,6.5
2019-04-01,KBP1602M,6.44
2019-04-01,KBP1603M,6.11
2019-04-01,KBP1604M,1.11
2019-04-01,KBP1605M,6.34
2019-04-01,KBP1606M,6.46
2019-04-01,KBP1607M,7.12
2019-04-01,KBP1608M,5.74
2019-04-01,KBP1609M,7.64
2019-04-01,KBP1610M,8.48
2019-04-01,KBP1611M,9.32
2019-04-01,KBP1612M,9.78
2019-04-01,KBP1613M,2.24
2019-04-01,KBP1614M,5.75
2019-04-01,KBP1615M,2.95
2019-04-01,KBP1616M,6.6
2019-04-01,KBP1617M,6.87
2019-04-01,KBP1618M,7.23
2019-04-01,KBP1619M,7.64
2019-04-01,KBP1620M,7.24
2019-04-01,KBP1621M,8.21
2019-04-01,KBP1622M,8.59
2019-04-01,KBP1623M,8.91
2019-04-01,KBP1624M,7.07
2019-04-01,KBP1625M,6.29
2019-04-01,KBP1485M,6.75
2019-05-01,KBP1600M,2.49
2019-05-01,KBP1601M,6.44
2019-05-01,KBP1602M,6.58
2019-05-01,KBP1603M,6.12
2019-05-01,KBP1604M,0.93
2019-05-01,KBP1605M,6.3
2019-05-01,KBP1606M,6.45
2019-05-01,KBP1607M,7.11
2019-05-01,KBP1608M,6.04
2019-05-01,KBP1609M,7.55
2019-05-01,KBP1610M,8.34
2019-05-01,KBP1611M,9.07
2019-05-01,KBP1612M,9.34
2019-05-01,KBP1613M,2.21
2019-05-01,KBP1614M,5.71
2019-05-01,KBP1615M,2.97
2019-05-01,KBP1616M,6.53
2019-05-01,KBP1617M,6.93
2019-05-01,KBP1618M,6.95
2019-05-01,KBP1619M,7.61
2019-05-01,KBP1620M,7.21
2019-05-01,KBP1621M,8.13
2019-05-01,KBP1622M,8.59
2019-05-01,KBP1623M,8.91
2019-05-01,KBP1624M,7.2
2019-05-01,KBP1625M,6.33
2019-05-01,KBP1485M,6.75
2019-06-01,KBP1600M,2.49
2019-06-01,KBP1601M,6.45
2019-06-01,KBP1602M,6.53
2019-06-01,KBP1603M,6.05
2019-06-01,KBP1604M,0.94
2019-06-01,KBP1605M,6.39
2019-06-01,KBP1606M,6.4
2019-06-01,KBP1607M,7.11
2019-06-01,KBP1608M,5.81
2019-06-01,KBP1609M,7.55
2019-06-01,KBP1610M,8.34
2019-06-01,KBP1611M,9.09
2019-06-01,KBP1612M,9.34
2019-06-01,KBP1613M,2.19
2019-06-01,KBP1614M,5.74
2019-06-01,KBP1615M,2.94
2019-06-01,KBP1616M,6.5
2019-06-01,KBP1617M,6.81
2019-06-01,KBP1618M,7.18
2019-06-01,KBP1619M,7.45
2019-06-01,KBP1620M,7.35
2019-06-01,KBP1621M,8.07
2019-06-01,KBP1622M,8.56
2019-06-01,KBP1623M,8.9
2019-06-01,KBP1624M,7.13
2019-06-01,KBP1625M,6.22
2019-06-01,KBP1485M,6.75
2019-07-01,KBP1600M,2.39
2019-07-01,KBP1601M,6.34
2019-07-01,KBP1602M,6.61
2019-07-01,KBP1603M,6.07
2019-07-01,KBP1604M,0.93
2019-07-01,KBP1605M,6.31
2019-07-01,KBP1606M,6.28
2019-07-01,KBP1607M,6.93
2019-07-01,KBP1608M,5.72
2019-07-01,KBP1609M,7.5
2019-07-01,KBP1610M,8.3
2019-07-01,KBP1611M,9.09
2019-07-01,KBP1612M,9.34
2019-07-01,KBP1613M,2.15
2019-07-01,KBP1614M,5.69
2019-07-01,KBP1615M,2.84
2019-07-01,KBP1616M,6.35
2019-07-01,KBP1617M,6.64
2019-07-01,KBP1618M,7.06
2019-07-01,KBP1619M,7.35
2019-07-01,KBP1620M,7.29
2019-07-01,KBP1621M,8.02
2019-07-01,KBP1622M,8.5
2019-07-01,KBP1623M,8.87
2019-07-01,KBP1624M,7.24
2019-07-01,KBP1625M,6.26
2019-07-01,KBP1485M,6.5
2019-08-01,KBP1600M,2.39
2019-08-01,KBP1601M,6.3
2019-08-01,KBP1602M,6.49
2019-08-01,KBP1603M,6.01
2019-08-01,KBP1604M,0.97
2019-08-01,KBP1605M,6.32
2019-08-01,KBP1606M,6.22
2019-08-01,KBP1607M,6.91
2019-08-01,KBP1608M,5.71
2019-08-01,KBP1609M,7.49
2019-08-01,KBP1610M,8.26
2019-08-01,KBP1611M,9.09
2019-08-01,KBP1612M,9.33
2019-08-01,KBP1613M,1.94
2019-08-01,KBP1614M,5.7
2019-08-01,KBP1615M,2.84
2019-08-01,KBP1616M,6.28
2019-08-01,KBP1617M,6.6
2019-08-01,KBP1618M,7.05
2019-08-01,KBP1619M,7.29
2019-08-01,KBP1620M,7.31
2019-08-01,KBP1621M,7.93
2019-08-01,KBP1622M,8.38
2019-08-01,KBP1623M,8.76
2019-08-01,KBP1624M,7.08
2019-08-01,KBP1625M,6.18
2019-08-01,KBP1485M,6.5
2019-09-01,KBP1600M,2.46
2019-09-01,KBP1601M,6.21
2019-09-01,KBP1602M,6.51
2019-09-01,KBP1603M,5.98
2019-09-01,KBP1604M,1.0
2019-09-01,KBP1605M,6.08
2019-09-01,KBP1606M,6.21
2019-09-01,KBP1607M,6.87
2019-09-01,KBP1608M,5.32
2019-09-01,KBP1609M,7.5
2019-09-01,KBP1610M,8.28
2019-09-01,KBP1611M,9.32
2019-09-01,KBP1612M,10.06
2019-09-01,KBP1613M,1.99
2019-09-01,KBP1614M,5.7
2019-09-01,KBP1615M,2.89
2019-09-01,KBP1616M,6.29
2019-09-01,KBP1617M,6.6
2019-09-01,KBP1618M,6.99
2019-09-01,KBP1619M,7.2
2019-09-01,KBP1620M,7.25
2019-09-01,KBP1621M,7.89
2019-09-01,KBP1622M,8.34
2019-09-01,KBP1623M,8.76
2019-09-01,KBP1624M,7.05
2019-09-01,KBP1625M,6.13
2019-09-01,KBP1485M,6.5
2019-10-01,KBP1600M,2.38
2019-10-01,KBP1601M,6.22
2019-10-01,KBP1602M,6.52
2019-10-01,KBP1603M,5.99
2019-10-01,KBP1604M,0.95
2019-10-01,KBP1605M,6.17
2019-10-01,KBP1606M,6.21
2019-10-01,KBP1607M,6.85
2019-10-01,KBP1608M,5.53
2019-10-01,KBP1609M,7.47
2019-10-01,KBP1610M,8.22
2019-10-01,KBP1611M,9.34
2019-10-01,KBP1612M,10.05
2019-10-01,KBP1613M,1.9
2019-10-01,KBP1614M,5.71
2019-10-01,KBP1615M,2.81
2019-10-01,KBP1616M,6.24
2019-10-01,KBP1617M,6.68
2019-10-01,KBP1618M,6.67
2019-10-01,KBP1619M,7.16
2019-10-01,KBP1620M,7.21
2019-10-01,KBP1621M,7.87
2019-10-01,KBP1622M,8.29
2019-10-01,KBP1623M,8.72
2019-10-01,KBP1624M,7.07
2019-10-01,KBP1625M,6.13
2019-10-01,KBP1485M,6.5
2019-11-01,KBP1600M,2.34
2019-11-01,KBP1601M,6.26
2019-11-01,KBP1602M,6.49
2019-11-01,KBP1603M,5.95
2019-11-01,KBP1604M,0.94
2019-11-01,KBP1605M,6.28
2019-11-01,KBP1606M,6.26
2019-11-01,KBP1607M,6.85
2019-11-01,KBP1608M,5.4
2019-11-01,KBP1609M,7.41
2019-11-01,KBP1610M,8.17
2019-11-01,KBP1611M,9.32
2019-11-01,KBP1612M,10.04
2019-11-01,KBP1613M,2.1
2019-11-01,KBP1614M,5.72
2019-11-01,KBP1615M,2.76
2019-11-01,KBP1616M,6.25
2019-11-01,KBP1617M,6.61
2019-11-01,KBP1618M,6.92
2019-11-01,KBP1619M,7.1
2019-11-01,KBP1620M,7.16
2019-11-01,KBP1621M,7.85
2019-11-01,KBP1622M,8.23
2019-11-01,KBP1623M,8.69
2019-11-01,KBP1624M,7.05
2019-11-01,KBP1625M,6.07
2019-11-01,KBP1485M,6.5
2019-12-01,KBP1600M,2.35
2019-12-01,KBP1601M,6.26
2019-12-01,KBP1602M,6.45
2019-12-01,KBP1603M,5.94
2019-12-01,KBP1604M,0.92
2019-12-01,KBP1605M,6.18
2019-12-01,KBP1606M,6.23
2019-12-01,KBP1607M,6.85
2019-12-01,KBP1608M,5.42
2019-12-01,KBP1609M,7.4
2019-12-01,KBP1610M,8.11
2019-12-01,KBP1611M,9.31
2019-12-01,KBP1612M,10.03
2019-12-01,KBP1613M,1.93
2019-12-01,KBP1614M,5.68
2019-12-01,KBP1615M,2.77
2019-12-01,KBP1616M,6.3
2019-12-01,KBP1617M,6.67
2019-12-01,KBP1618M,6.72
2019-12-01,KBP1619M,7.15
2019-12-01,KBP1620M,7.14
2019-12-01,KBP1621M,7.83
2019-12-01,KBP1622M,8.22
2019-12-01,KBP1623M,8.71
2019-12-01,KBP1624M,7.0
2019-12-01,KBP1625M,6.06
2019-12-01,KBP1485M,6.5
2020-01-01,KBP1600M,2.34
2020-01-01,KBP1601M,6.08
2020-01-01,KBP1602M,6.4
2020-01-01,KBP1603M,5.86
2020-01-01,KBP1604M,0.91
2020-01-01,KBP1605M,5.98
2020-01-01,KBP1606M,6.03
2020-01-01,KBP1607M,6.71
2020-01-01,KBP1608M,5.04
2020-01-01,KBP1609M,7.35
2020-01-01,KBP1610M,8.05
2020-01-01,KBP1611M,9.32
2020-01-01,KBP1612M,10.02
2020-01-01,KBP1613M,1.81
2020-01-01,KBP1614M,5.58
2020-01-01,KBP1615M,2.77
2020-01-01,KBP1616M,6.14
2020-01-01,KBP1617M,6.4
2020-01-01,KBP1618M,6.81
2020-01-01,KBP1619M,7.15
2020-01-01,KBP1620M,7.12
2020-01-01,KBP1621M,7.87
2020-01-01,KBP1622M,8.56
2020-01-01,KBP1623M,9.02
2020-01-01,KBP1624M,6.96
2020-01-01,KBP1625M,6.01
2020-01-01,KBP1485M,6.25
2020-02-01,KBP1600M,2.36
2020-02-01,KBP1601M,6.1
2020-02-01,KBP1602M,6.36
2020-02-01,KBP1603M,5.83
2020-02-01,KBP1604M,0.91
2020-02-01,KBP1605M,6.12
2020-02-01,KBP1606M,6.02
2020-02-01,KBP1607M,6.71
2020-02-01,KBP1608M,4.91
2020-02-01,KBP1609M,7.36
2020-02-01,KBP1610M,7.99
2020-02-01,KBP1611M,9.32
2020-02-01,KBP1612M,10.01
2020-02-01,KBP1613M,1.83
2020-02-01,KBP1614M,5.61
2020-02-01,KBP1615M,2.78
2020-02-01,KBP1616M,6.08
2020-02-01,KBP1617M,6.44
2020-02-01,KBP1618M,6.74
2020-02-01,KBP1619M,6.77
2020-02-01,KBP1620M,6.96
2020-02-01,KBP1621M,7.59
2020-02-01,KBP1622M,8.13
2020-02-01,KBP1623M,8.59
2020-02-01,KBP1624M,6.9
2020-02-01,KBP1625M,5.94
2020-02-01,KBP1485M,6.25
2020-03-01,KBP1600M,2.15
2020-03-01,KBP1601M,5.48
2020-03-01,KBP1602M,5.99
2020-03-01,KBP1603M,5.47
2020-03-01,KBP1604M,0.79
2020-03-01,KBP1605M,5.46
2020-03-01,KBP1606M,5.18
2020-03-01,KBP1607M,6.02
2020-03-01,KBP1608M,4.59
2020-03-01,KBP1609M,7.21
2020-03-01,KBP1610M,7.95
2020-03-01,KBP1611M,9.3
2020-03-01,KBP1612M,9.99
2020-03-01,KBP1613M,1.4
2020-03-01,KBP1614M,5.2
2020-03-01,KBP1615M,2.59
2020-03-01,KBP1616M,5.55
2020-03-01,KBP1617M,5.52
2020-03-01,KBP1618M,6.27
2020-03-01,KBP1619M,6.58
2020-03-01,KBP1620M,6.71
2020-03-01,KBP1621M,7.2
2020-03-01,KBP1622M,8.12
2020-03-01,KBP1623M,8.49
2020-03-01,KBP1624M,6.58
2020-03-01,KBP1625M,5.64
2020-03-01,KBP1485M,5.25
2020-04-01,KBP1600M,1.77
2020-04-01,KBP1601M,4.78
2020-04-01,KBP1602M,5.56
2020-04-01,KBP1603M,4.97
2020-04-01,KBP1604M,0.69
2020-04-01,KBP1605M,4.79
2020-04-01,KBP1606M,4.28
2020-04-01,KBP1607M,5.2
2020-04-01,KBP1608M,4.67
2020-04-01,KBP1609M,7.05
2020-04-01,KBP1610M,7.88
2020-04-01,KBP1611M,9.29
2020-04-01,KBP1612M,9.97
2020-04-01,KBP1613M,1.26
2020-04-01,KBP1614M,4.74
2020-04-01,KBP1615M,2.16
2020-04-01,KBP1616M,4.79
2020-04-01,KBP1617M,4.63
2020-04-01,KBP1618M,5.32
2020-04-01,KBP1619M,5.84
2020-04-01,KBP1620M,6.25
2020-04-01,KBP1621M,6.75
2020-04-01,KBP1622M,7.63
2020-04-01,KBP1623M,8.21
2020-04-01,KBP1624M,6.14
2020-04-01,KBP1625M,5.11
2020-04-01,KBP1485M,4.25
2020-05-01,KBP1600M,1.62
2020-05-01,KBP1601M,4.23
2020-05-01,KBP1602M,5.32
2020-05-01,KBP1603M,4.65
2020-05-01,KBP1604M,0.63
2020-05-01,KBP1605M,4.13
2020-05-01,KBP1606M,3.77
2020-05-01,KBP1607M,4.77
2020-05-01,KBP1608M,4.53
2020-05-01,KBP1609M,6.74
2020-05-01,KBP1610M,7.81
2020-05-01,KBP1611M,9.27
2020-05-01,KBP1612M,9.91
2020-05-01,KBP1613M,1.14
2020-05-01,KBP1614M,4.37
2020-05-01,KBP1615M,1.98
2020-05-01,KBP1616M,4.3
2020-05-01,KBP1617M,4.21
2020-05-01,KBP1618M,4.76
2020-05-01,KBP1619M,5.08
2020-05-01,KBP1620M,5.94
2020-05-01,KBP1621M,6.57
2020-05-01,KBP1622M,7.06
2020-05-01,KBP1623M,7.59
2020-05-01,KBP1624M,5.91
2020-05-01,KBP1625M,4.81
2020-05-01,KBP1485M,3.75
2020-06-01,KBP1600M,1.62
2020-06-01,KBP1601M,3.94
2020-06-01,KBP1602M,5.13
2020-06-01,KBP1603M,4.44
2020-06-01,KBP1604M,0.62
2020-06-01,KBP1605M,3.98
2020-06-01,KBP1606M,3.89
2020-06-01,KBP1607M,4.59
2020-06-01,KBP1608M,4.44
2020-06-01,KBP1609M,6.59
2020-06-01,KBP1610M,7.79
2020-06-01,KBP1611M,9.28
2020-06-01,KBP1612M,9.87
2020-06-01,KBP1613M,1.03
2020-06-01,KBP1614M,4.33
2020-06-01,KBP1615M,1.96
2020-06-01,KBP1616M,3.92
2020-06-01,KBP1617M,4.05
2020-06-01,KBP1618M,4.41
2020-06-01,KBP1619M,4.66
2020-06-01,KBP1620M,5.63
2020-06-01,KBP1621M,5.85
2020-06-01,KBP1622M,6.69
2020-06-01,KBP1623M,7.39
2020-06-01,KBP1624M,5.62
2020-06-01,KBP1625M,4.51
2020-06-01,KBP1485M,3.75
2020-07-01,KBP1600M,1.49
2020-07-01,KBP1601M,3.91
2020-07-01,KBP1602M,4.98
2020-07-01,KBP1603M,4.3
2020-07-01,KBP1604M,0.57
2020-07-01,KBP1605M,3.83
2020-07-01,KBP1606M,3.51
2020-07-01,KBP1607M,4.38
2020-07-01,KBP1608M,4.26
2020-07-01,KBP1609M,6.41
2020-07-01,KBP1610M,7.78
2020-07-01,KBP1611M,9.24
2020-07-01,KBP1612M,9.85
2020-07-01,KBP1613M,1.05
2020-07-01,KBP1614M,4.18
2020-07-01,KBP1615M,1.82
2020-07-01,KBP1616M,3.96
2020-07-01,KBP1617M,3.79
2020-07-01,KBP1618M,4.35
2020-07-01,KBP1619M,4.24
2020-07-01,KBP1620M,5.24
2020-07-01,KBP1621M,5.6
2020-07-01,KBP1622M,6.37
2020-07-01,KBP1623M,6.76
2020-07-01,KBP1624M,5.46
2020-07-01,KBP1625M,4.37
2020-07-01,KBP1485M,3.5
2020-08-01,KBP1600M,1.47
2020-08-01,KBP1601M,3.75
2020-08-01,KBP1602M,4.83
2020-08-01,KBP1603M,4.15
2020-08-01,KBP1604M,0.54
2020-08-01,KBP1605M,3.65
2020-08-01,KBP1606M,3.46
2020-08-01,KBP1607M,4.29
2020-08-01,KBP1608M,4.19
2020-08-01,KBP1609M,6.19
2020-08-01,KBP1610M,7.71
2020-08-01,KBP1611M,9.2
2020-08-01,KBP1612M,9.79
2020-08-01,KBP1613M,0.94
2020-08-01,KBP1614M,4.09
2020-08-01,KBP1615M,1.8
2020-08-01,KBP1616M,3.81
2020-08-01,KBP1617M,3.78
2020-08-01,KBP1618M,4.13
2020-08-01,KBP1619M,3.81
2020-08-01,KBP1620M,4.93
2020-08-01,KBP1621M,5.48
2020-08-01,KBP1622M,6.01
2020-08-01,KBP1623M,6.48
2020-08-01,KBP1624M,5.28
2020-08-01,KBP1625M,4.19
2020-08-01,KBP1485M,3.5
2020-09-01,KBP1600M,1.49
2020-09-01,KBP1601M,3.7
2020-09-01,KBP1602M,4.74
2020-09-01,KBP1603M,4.05
2020-09-01,KBP1604M,0.55
2020-09-01,KBP1605M,3.62
2020-09-01,KBP1606M,3.54
2020-09-01,KBP1607M,4.1
2020-09-01,KBP1608M,4.15
2020-09-01,KBP1609M,5.99
2020-09-01,KBP1610M,7.67
2020-09-01,KBP1611M,9.12
2020-09-01,KBP1612M,9.72
2020-09-01,KBP1613M,0.9
2020-09-01,KBP1614M,4.01
2020-09-01,KBP1615M,1.82
2020-09-01,KBP1616M,3.73
2020-09-01,KBP1617M,3.75
2020-09-01,KBP1618M,4.06
2020-09-01,KBP1619M,3.64
2020-09-01,KBP1620M,4.66
2020-09-01,KBP1621M,5.31
2020-09-01,KBP1622M,5.9
2020-09-01,KBP1623M,6.27
2020-09-01,KBP1624M,5.19
2020-09-01,KBP1625M,4.07
2020-09-01,KBP1485M,3.5
2020-10-01,KBP1600M,1.46
2020-10-01,KBP1601M,3.62
2020-10-01,KBP1602M,4.58
2020-10-01,KBP1603M,3.95
2020-10-01,KBP1604M,0.55
2020-10-01,KBP1605M,3.52
2020-10-01,KBP1606M,3.52
2020-10-01,KBP1607M,4.02
2020-10-01,KBP1608M,4.01
2020-10-01,KBP1609M,5.86
2020-10-01,KBP1610M,7.63
2020-10-01,KBP1611M,9.06
2020-10-01,KBP1612M,9.69
2020-10-01,KBP1613M,0.86
2020-10-01,KBP1614M,3.95
2020-10-01,KBP1615M,1.78
2020-10-01,KBP1616M,3.68
2020-10-01,KBP1617M,3.74
2020-10-01,KBP1618M,3.85
2020-10-01,KBP1619M,3.6
2020-10-01,KBP1620M,4.5
2020-10-01,KBP1621M,5.18
2020-10-01,KBP1622M,5.75
2020-10-01,KBP1623M,6.2
2020-10-01,KBP1624M,5.0
2020-10-01,KBP1625M,3.94
2020-10-01,KBP1485M,3.5
2020-11-01,KBP1600M,1.5
2020-11-01,KBP1601M,3.59
2020-11-01,KBP1602M,4.55
2020-11-01,KBP1603M,3.89
2020-11-01,KBP1604M,0.56
2020-11-01,KBP1605M,3.51
2020-11-01,KBP1606M,3.51
2020-11-01,KBP1607M,3.96
2020-11-01,KBP1608M,3.96
2020-11-01,KBP1609M,5.67
2020-11-01,KBP1610M,7.57
2020-11-01,KBP1611M,9.02
2020-11-01,KBP1612M,9.65
2020-11-01,KBP1613M,0.84
2020-11-01,KBP1614M,3.93
2020-11-01,KBP1615M,1.82
2020-11-01,KBP1616M,3.64
2020-11-01,KBP1617M,3.75
2020-11-01,KBP1618M,3.82
2020-11-01,KBP1619M,3.53
2020-11-01,KBP1620M,4.42
2020-11-01,KBP1621M,5.14
2020-11-01,KBP1622M,5.78
2020-11-01,KBP1623M,6.02
2020-11-01,KBP1624M,4.95
2020-11-01,KBP1625M,3.87
2020-11-01,KBP1485M,3.5
2020-12-01,KBP1600M,1.5
2020-12-01,KBP1601M,3.51
2020-12-01,KBP1602M,4.56
2020-12-01,KBP1603M,3.87
2020-12-01,KBP1604M,0.53
2020-12-01,KBP1605M,3.44
2020-12-01,KBP1606M,3.54
2020-12-01,KBP1607M,3.9
2020-12-01,KBP1608M,3.95
2020-12-01,KBP1609M,5.68
2020-12-01,KBP1610M,7.46
2020-12-01,KBP1611M,8.97
2020-12-01,KBP1612M,9.62
2020-12-01,KBP1613M,0.85
2020-12-01,KBP1614M,3.88
2020-12-01,KBP1615M,1.82
2020-12-01,KBP1616M,3.55
2020-12-01,KBP1617M,3.71
2020-12-01,KBP1618M,3.88
2020-12-01,KBP1619M,3.85
2020-12-01,KBP1620M,4.37
2020-12-01,KBP1621M,5.13
2020-12-01,KBP1622M,5.73
2020-12-01,KBP1623M,6.02
2020-12-01,KBP1624M,5.01
2020-12-01,KBP1625M,3.86
2020-12-01,KBP1485M,3.5
2021-01-01,KBP1600M,1.48
2021-01-01,KBP1601M,3.49
2021-01-01,KBP1602M,4.57
2021-01-01,KBP1603M,3.86
2021-01-01,KBP1604M,0.53
2021-01-01,KBP1605M,3.3
2021-01-01,KBP1606M,3.51
2021-01-01,KBP1607M,3.8
2021-01-01,KBP1608M,3.92
2021-01-01,KBP1609M,5.51
2021-01-01,KBP1610M,7.46
2021-01-01,KBP1611M,8.94
2021-01-01,KBP1612M,9.64
2021-01-01,KBP1613M,0.88
2021-01-01,KBP1614M,3.8
2021-01-01,KBP1615M,1.83
2021-01-01,KBP1616M,3.6
2021-01-01,KBP1617M,3.71
2021-01-01,KBP1618M,3.81
2021-01-01,KBP1619M,3.87
2021-01-01,KBP1620M,4.31
2021-01-01,KBP1621M,5.09
2021-01-01,KBP1622M,5.82
2021-01-01,KBP1623M,6.07
2021-01-01,KBP1624M,5.01
2021-01-01,KBP1625M,3.9
2021-01-01,KBP1485M,3.5
2021-02-01,KBP1600M,1.5
2021-02-01,KBP1601M,3.55
2021-02-01,KBP1602M,4.54
2021-02-01,KBP1603M,3.86
2021-02-01,KBP1604M,0.53
2021-02-01,KBP1605M,3.35
2021-02-01,KBP1606M,3.53
2021-02-01,KBP1607M,3.72
2021-02-01,KBP1608M,3.9
2021-02-01,KBP1609M,5.43
2021-02-01,KBP1610M,7.44
2021-02-01,KBP1611M,8.96
2021-02-01,KBP1612M,9.81
2021-02-01,KBP1613M,0.9
2021-02-01,KBP1614M,3.8
2021-02-01,KBP1615M,1.85
2021-02-01,KBP1616M,3.67
2021-02-01,KBP1617M,3.7
2021-02-01,KBP1618M,3.78
2021-02-01,KBP1619M,3.97
2021-02-01,KBP1620M,4.26
2021-02-01,KBP1621M,5.05
2021-02-01,KBP1622M,5.99
2021-02-01,KBP1623M,6.05
2021-02-01,KBP1624M,4.99
2021-02-01,KBP1625M,3.89
2021-02-01,KBP1485M,3.5
2021-03-01,KBP1600M,1.49
2021-03-01,KBP1601M,3.55
2021-03-01,KBP1602M,4.52
2021-03-01,KBP1603M,3.85
2021-03-01,KBP1604M,0.54
2021-03-01,KBP1605M,3.32
2021-03-01,KBP1606M,3.43
2021-03-01,KBP1607M,3.6
2021-03-01,KBP1608M,3.92
2021-03-01,KBP1609M,5.34
2021-03-01,KBP1610M,7.35
2021-03-01,KBP1611M,8.93
2021-03-01,KBP1612M,9.69
2021-03-01,KBP1613M,0.93
2021-03-01,KBP1614M,3.75
2021-03-01,KBP1615M,1.85
2021-03-01,KBP1616M,3.69
2021-03-01,KBP1617M,3.85
2021-03-01,KBP1618M,3.9
2021-03-01,KBP1619M,4.04
2021-03-01,KBP1620M,4.3
2021-03-01,KBP1621M,4.97
2021-03-01,KBP1622M,6.0
2021-03-01,KBP1623M,6.38
2021-03-01,KBP1624M,4.97
2021-03-01,KBP1625M,3.91
2021-03-01,KBP1485M,3.5
2021-04-01,KBP1600M,1.47
2021-04-01,KBP1601M,3.52
2021-04-01,KBP1602M,4.51
2021-04-01,KBP1603M,3.82
2021-04-01,KBP1604M,0.55
2021-04-01,KBP1605M,3.37
2021-04-01,KBP1606M,3.49
2021-04-01,KBP1607M,3.68
2021-04-01,KBP1608M,3.92
2021-04-01,KBP1609M,5.24
2021-04-01,KBP1610M,7.14
2021-04-01,KBP1611M,8.85
2021-04-01,KBP1612M,9.5
2021-04-01,KBP1613M,1.0
2021-04-01,KBP1614M,3.76
2021-04-01,KBP1615M,1.8
2021-04-01,KBP1616M,3.62
2021-04-01,KBP1617M,3.7
2021-04-01,KBP1618M,3.87
2021-04-01,KBP1619M,4.05
2021-04-01,KBP1620M,4.27
2021-04-01,KBP1621M,4.85
2021-04-01,KBP1622M,5.91
2021-04-01,KBP1623M,6.31
2021-04-01,KBP1624M,4.93
2021-04-01,KBP1625M,3.85
2021-04-01,KBP1485M,3.5
2021-05-01,KBP1600M,1.48
2021-05-01,KBP1601M,3.52
2021-05-01,KBP1602M,4.49
2021-05-01,KBP1603M,3.81
2021-05-01,KBP1604M,0.55
2021-05-01,KBP1605M,3.3
2021-05-01,KBP1606M,3.36
2021-05-01,KBP1607M,3.7
2021-05-01,KBP1608M,3.93
2021-05-01,KBP1609M,5.0
2021-05-01,KBP1610M,7.1
2021-05-01,KBP1611M,8.78
2021-05-01,KBP1612M,9.31
2021-05-01,KBP1613M,0.99
2021-05-01,KBP1614M,3.69
2021-05-01,KBP1615M,1.81
2021-05-01,KBP1616M,3.64
2021-05-01,KBP1617M,3.72
2021-05-01,KBP1618M,3.9
2021-05-01,KBP1619M,4.06
2021-05-01,KBP1620M,4.28
2021-05-01,KBP1621M,4.85
2021-05-01,KBP1622M,5.79
2021-05-01,KBP1623M,6.58
2021-05-01,KBP1624M,4.92
2021-05-01,KBP1625M,3.87
2021-05-01,KBP1485M,3.5
2021-06-01,KBP1600M,1.55
2021-06-01,KBP1601M,3.35
2021-06-01,KBP1602M,4.1
2021-06-01,KBP1603M,3.67
2021-06-01,KBP1604M,0.65
2021-06-01,KBP1605M,3.29
2021-06-01,KBP1606M,3.36
2021-06-01,KBP1607M,3.7
2021-06-01,KBP1608M,5.07
2021-06-01,KBP1609M,4.58
2021-06-01,KBP1610M,7.57
2021-06-01,KBP1611M,7.85
2021-06-01,KBP1612M,9.25
2021-06-01,KBP1613M,0.9
2021-06-01,KBP1614M,3.45
2021-06-01,KBP1615M,1.9
2021-06-01,KBP1616M,3.38
2021-06-01,KBP1617M,3.67
2021-06-01,KBP1618M,3.91
2021-06-01,KBP1619M,4.09
2021-06-01,KBP1620M,4.29
2021-06-01,KBP1621M,4.87
2021-06-01,KBP1622M,5.81
2021-06-01,KBP1623M,7.24
2021-06-01,KBP1624M,4.82
2021-06-01,KBP1625M,3.81
2021-06-01,KBP1485M,3.5
2021-07-01,KBP1600M,1.52
2021-07-01,KBP1601M,3.4
2021-07-01,KBP1602M,4.09
2021-07-01,KBP1603M,3.69
2021-07-01,KBP1604M,0.68
2021-07-01,KBP1605M,3.35
2021-07-01,KBP1606M,3.39
2021-07-01,KBP1607M,3.71
2021-07-01,KBP1608M,5.24
2021-07-01,KBP1609M,4.57
2021-07-01,KBP1610M,7.58
2021-07-01,KBP1611M,7.96
2021-07-01,KBP1612M,9.23
2021-07-01,KBP1613M,0.91
2021-07-01,KBP1614M,3.49
2021-07-01,KBP1615M,1.84
2021-07-01,KBP1616M,3.43
2021-07-01,KBP1617M,3.65
2021-07-01,KBP1618M,3.9
2021-07-01,KBP1619M,4.21
2021-07-01,KBP1620M,4.32
2021-07-01,KBP1621M,4.87
2021-07-01,KBP1622M,5.8
2021-07-01,KBP1623M,7.16
2021-07-01,KBP1624M,4.79
2021-07-01,KBP1625M,3.81
2021-07-01,KBP1485M,3.5
2021-08-01,KBP1600M,1.5
2021-08-01,KBP1601M,3.4
2021-08-01,KBP1602M,4.08
2021-08-01,KBP1603M,3.67
2021-08-01,KBP1604M,0.68
2021-08-01,KBP1605M,3.35
2021-08-01,KBP1606M,3.34
2021-08-01,KBP1607M,3.7
2021-08-01,KBP1608M,5.19
2021-08-01,KBP1609M,4.49
2021-08-01,KBP1610M,7.5
2021-08-01,KBP1611M,7.88
2021-08-01,KBP1612M,9.1
2021-08-01,KBP1613M,0.94
2021-08-01,KBP1614M,3.45
2021-08-01,KBP1615M,1.82
2021-08-01,KBP1616M,3.44
2021-08-01,KBP1617M,3.72
2021-08-01,KBP1618M,3.9
2021-08-01,KBP1619M,4.15
2021-08-01,KBP1620M,4.32
2021-08-01,KBP1621M,4.91
2021-08-01,KBP1622M,5.66
2021-08-01,KBP1623M,7.05
2021-08-01,KBP1624M,4.76
2021-08-01,KBP1625M,3.81
2021-08-01,KBP1485M,3.5
2021-09-01,KBP1600M,1.5
2021-09-01,KBP1601M,3.43
2021-09-01,KBP1602M,4.09
2021-09-01,KBP1603M,3.66
2021-09-01,KBP1604M,0.68
2021-09-01,KBP1605M,3.35
2021-09-01,KBP1606M,3.37
2021-09-01,KBP1607M,3.73
2021-09-01,KBP1608M,5.02
2021-09-01,KBP1609M,4.45
2021-09-01,KBP1610M,7.23
2021-09-01,KBP1611M,7.7
2021-09-01,KBP1612M,9.14
2021-09-01,KBP1613M,0.96
2021-09-01,KBP1614M,3.43
2021-09-01,KBP1615M,1.82
2021-09-01,KBP1616M,3.48
2021-09-01,KBP1617M,3.75
2021-09-01,KBP1618M,3.86
2021-09-01,KBP1619M,4.19
2021-09-01,KBP1620M,4.25
2021-09-01,KBP1621M,4.95
2021-09-01,KBP1622M,5.71
2021-09-01,KBP1623M,6.7
2021-09-01,KBP1624M,4.8
2021-09-01,KBP1625M,3.8
2021-09-01,KBP1485M,3.5
2021-10-01,KBP1600M,1.46
2021-10-01,KBP1601M,3.43
2021-10-01,KBP1602M,4.11
2021-10-01,KBP1603M,3.7
2021-10-01,KBP1604M,0.77
2021-10-01,KBP1605M,3.34
2021-10-01,KBP1606M,3.37
2021-10-01,KBP1607M,3.75
2021-10-01,KBP1608M,5.17
2021-10-01,KBP1609M,4.54
2021-10-01,KBP1610M,7.35
2021-10-01,KBP1611M,7.84
2021-10-01,KBP1612M,9.09
2021-10-01,KBP1613M,1.05
2021-10-01,KBP1614M,3.48
2021-10-01,KBP1615M,1.74
2021-10-01,KBP1616M,3.5
2021-10-01,KBP1617M,3.64
2021-10-01,KBP1618M,3.87
2021-10-01,KBP1619M,4.27
2021-10-01,KBP1620M,4.44
2021-10-01,KBP1621M,5.02
2021-10-01,KBP1622M,5.73
2021-10-01,KBP1623M,6.69
2021-10-01,KBP1624M,4.78
2021-10-01,KBP1625M,3.84
2021-10-01,KBP1485M,3.5
2021-11-01,KBP1600M,1.55
2021-11-01,KBP1601M,3.58
2021-11-01,KBP1602M,4.17
2021-11-01,KBP1603M,3.77
2021-11-01,KBP1604M,0.79
2021-11-01,KBP1605M,3.51
2021-11-01,KBP1606M,3.62
2021-11-01,KBP1607M,3.92
2021-11-01,KBP1608M,5.1
2021-11-01,KBP1609M,4.51
2021-11-01,KBP1610M,7.24
2021-11-01,KBP1611M,7.62
2021-11-01,KBP1612M,8.95
2021-11-01,KBP1613M,1.04
2021-11-01,KBP1614M,3.55
2021-11-01,KBP1615M,1.84
2021-11-01,KBP1616M,3.63
2021-11-01,KBP1617M,3.88
2021-11-01,KBP1618M,4.01
2021-11-01,KBP1619M,4.41
2021-11-01,KBP1620M,4.54
2021-11-01,KBP1621M,5.22
2021-11-01,KBP1622M,5.7
2021-11-01,KBP1623M,6.75
2021-11-01,KBP1624M,4.86
2021-11-01,KBP1625M,3.91
2021-11-01,KBP1485M,3.75
2021-12-01,KBP1600M,1.61
2021-12-01,KBP1601M,3.65
2021-12-01,KBP1602M,4.29
2021-12-01,KBP1603M,3.87
2021-12-01,KBP1604M,0.87
2021-12-01,KBP1605M,3.6
2021-12-01,KBP1606M,3.61
2021-12-01,KBP1607M,3.99
2021-12-01,KBP1608M,5.3
2021-12-01,KBP1609M,4.75
2021-12-01,KBP1610M,7.43
2021-12-01,KBP1611M,7.77
2021-12-01,KBP1612M,8.86
2021-12-01,KBP1613M,1.02
2021-12-01,KBP1614M,3.65
2021-12-01,KBP1615M,1.89
2021-12-01,KBP1616M,3.68
2021-12-01,KBP1617M,4.01
2021-12-01,KBP1618M,3.96
2021-12-01,KBP1619M,4.51
2021-12-01,KBP1620M,4.54
2021-12-01,KBP1621M,5.22
2021-12-01,KBP1622M,5.79
2021-12-01,KBP1623M,7.21
2021-12-01,KBP1624M,4.99
2021-12-01,KBP1625M,4.01
2021-12-01,KBP1485M,3.75
2022-01-01,KBP1600M,1.92
2022-01-01,KBP1601M,3.45
2022-01-01,KBP1602M,4.41
2022-01-01,KBP1603M,3.93
2022-01-01,KBP1604M,0.91
2022-01-01,KBP1605M,2.97
2022-01-01,KBP1606M,3.73
2022-01-01,KBP1607M,4.08
2022-01-01,KBP1608M,5.37
2022-01-01,KBP1609M,4.9
2022-01-01,KBP1610M,7.36
2022-01-01,KBP1611M,7.78
2022-01-01,KBP1612M,8.92
2022-01-01,KBP1613M,1.07
2022-01-01,KBP1614M,3.58
2022-01-01,KBP1615M,2.28
2022-01-01,KBP1616M,3.74
2022-01-01,KBP1617M,4.23
2022-01-01,KBP1618M,4.14
2022-01-01,KBP1619M,4.7
2022-01-01,KBP1620M,4.7
2022-01-01,KBP1621M,5.47
2022-01-01,KBP1622M,5.87
2022-01-01,KBP1623M,7.59
2022-01-01,KBP1624M,5.04
2022-01-01,KBP1625M,4.14
2022-01-01,KBP1485M,4.0
2022-02-01,KBP1600M,1.95
2022-02-01,KBP1601M,3.52
2022-02-01,KBP1602M,4.39
2022-02-01,KBP1603M,3.95
2022-02-01,KBP1604M,0.98
2022-02-01,KBP1605M,3.02
2022-02-01,KBP1606M,3.75
2022-02-01,KBP1607M,4.13
2022-02-01,KBP1608M,5.12
2022-02-01,KBP1609M,4.86
2022-02-01,KBP1610M,7.1
2022-02-01,KBP1611M,7.35
2022-02-01,KBP1612M,8.89
2022-02-01,KBP1613M,1.09
2022-02-01,KBP1614M,3.54
2022-02-01,KBP1615M,2.31
2022-02-01,KBP1616M,3.81
2022-02-01,KBP1617M,4.18
2022-02-01,KBP1618M,4.29
2022-02-01,KBP1619M,4.92
2022-02-01,KBP1620M,4.81
2022-02-01,KBP1621M,5.59
2022-02-01,KBP1622M,6.0
2022-02-01,KBP1623M,7.67
2022-02-01,KBP1624M,5.03
2022-02-01,KBP1625M,4.19
2022-02-01,KBP1485M,4.0
2022-03-01,KBP1600M,2.06
2022-03-01,KBP1601M,3.72
2022-03-01,KBP1602M,4.53
2022-03-01,KBP1603M,4.11
2022-03-01,KBP1604M,1.02
2022-03-01,KBP1605M,3.2
2022-03-01,KBP1606M,3.99
2022-03-01,KBP1607M,4.34
2022-03-01,KBP1608M,5.64
2022-03-01,KBP1609M,5.08
2022-03-01,KBP1610M,7.5
2022-03-01,KBP1611M,7.78
2022-03-01,KBP1612M,8.87
2022-03-01,KBP1613M,1.15
2022-03-01,KBP1614M,3.75
2022-03-01,KBP1615M,2.45
2022-03-01,KBP1616M,3.99
2022-03-01,KBP1617M,4.4
2022-03-01,KBP1618M,4.49
2022-03-01,KBP1619M,5.1
2022-03-01,KBP1620M,5.01
2022-03-01,KBP1621M,5.78
2022-03-01,KBP1622M,6.13
2022-03-01,KBP1623M,7.69
2022-03-01,KBP1624M,5.1
2022-03-01,KBP1625M,4.32
2022-03-01,KBP1485M,4.25
2022-04-01,KBP1600M,2.11
2022-04-01,KBP1601M,3.79
2022-04-01,KBP1602M,4.63
2022-04-01,KBP1603M,4.19
2022-04-01,KBP1604M,1.21
2022-04-01,KBP1605M,3.3
2022-04-01,KBP1606M,4.02
2022-04-01,KBP1607M,4.32
2022-04-01,KBP1608M,5.66
2022-04-01,KBP1609M,5.14
2022-04-01,KBP1610M,7.42
2022-04-01,KBP1611M,7.66
2022-04-01,KBP1612M,8.85
2022-04-01,KBP1613M,1.17
2022-04-01,KBP1614M,3.83
2022-04-01,KBP1615M,2.45
2022-04-01,KBP1616M,4.09
2022-04-01,KBP1617M,4.43
2022-04-01,KBP1618M,4.53
2022-04-01,KBP1619M,5.16
2022-04-01,KBP1620M,5.17
2022-04-01,KBP1621M,5.82
2022-04-01,KBP1622M,6.09
2022-04-01,KBP1623M,7.7
2022-04-01,KBP1624M,5.22
2022-04-01,KBP1625M,4.41
2022-04-01,KBP1485M,4.25
2022-05-01,KBP1600M,2.27
2022-05-01,KBP1601M,4.04
2022-05-01,KBP1602M,4.85
2022-05-01,KBP1603M,4.42
2022-05-01,KBP1604M,1.28
2022-05-01,KBP1605M,3.51
2022-05-01,KBP1606M,4.48
2022-05-01,KBP1607M,4.82
2022-05-01,KBP1608M,6.07
2022-05-01,KBP1609M,5.36
2022-05-01,KBP1610M,7.54
2022-05-01,KBP1611M,7.85
2022-05-01,KBP1612M,8.84
2022-05-01,KBP1613M,0.97
2022-05-01,KBP1614M,4.08
2022-05-01,KBP1615M,2.63
2022-05-01,KBP1616M,4.44
2022-05-01,KBP1617M,4.87
2022-05-01,KBP1618M,4.89
2022-05-01,KBP1619M,5.63
2022-05-01,KBP1620M,5.37
2022-05-01,KBP1621M,6.18
2022-05-01,KBP1622M,6.33
2022-05-01,KBP1623M,7.84
2022-05-01,KBP1624M,5.4
2022-05-01,KBP1625M,4.65
2022-05-01,KBP1485M,4.75
2022-06-01,KBP1600M,2.36
2022-06-01,KBP1601M,4.21
2022-06-01,KBP1602M,5.03
2022-06-01,KBP1603M,4.59
2022-06-01,KBP1604M,1.55
2022-06-01,KBP1605M,3.71
2022-06-01,KBP1606M,4.5
2022-06-01,KBP1607M,4.53
2022-06-01,KBP1608M,6.1
2022-06-01,KBP1609M,5.43
2022-06-01,KBP1610M,7.46
2022-06-01,KBP1611M,7.77
2022-06-01,KBP1612M,8.83
2022-06-01,KBP1613M,1.22
2022-06-01,KBP1614M,4.18
2022-06-01,KBP1615M,2.68
2022-06-01,KBP1616M,4.51
2022-06-01,KBP1617M,4.95
2022-06-01,KBP1618M,4.7
2022-06-01,KBP1619M,5.72
2022-06-01,KBP1620M,5.59
2022-06-01,KBP1621M,6.44
2022-06-01,KBP1622M,6.59
2022-06-01,KBP1623M,7.9
2022-06-01,KBP1624M,5.59
2022-06-01,KBP1625M,4.81
2022-06-01,KBP1485M,4.75
2022-07-01,KBP1600M,2.6
2022-07-01,KBP1601M,4.6
2022-07-01,KBP1602M,5.29
2022-07-01,KBP1603M,4.92
2022-07-01,KBP1604M,1.66
2022-07-01,KBP1605M,3.96
2022-07-01,KBP1606M,5.17
2022-07-01,KBP1607M,5.04
2022-07-01,KBP1608M,6.55
2022-07-01,KBP1609M,5.74
2022-07-01,KBP1610M,7.62
2022-07-01,KBP1611M,7.98
2022-07-01,KBP1612M,8.82
2022-07-01,KBP1613M,1.36
2022-07-01,KBP1614M,4.51
2022-07-01,KBP1615M,2.95
2022-07-01,KBP1616M,4.98
2022-07-01,KBP1617M,5.53
2022-07-01,KBP1618M,5.17
2022-07-01,KBP1619M,6.1
2022-07-01,KBP1620M,5.97
2022-07-01,KBP1621M,6.81
2022-07-01,KBP1622M,7.07
2022-07-01,KBP1623M,8.01
2022-07-01,KBP1624M,5.79
2022-07-01,KBP1625M,5.13
2022-07-01,KBP1485M,5.5
2022-08-01,KBP1600M,2.71
2022-08-01,KBP1601M,4.85
2022-08-01,KBP1602M,5.5
2022-08-01,KBP1603M,5.1
2022-08-01,KBP1604M,1.92
2022-08-01,KBP1605M,4.24
2022-08-01,KBP1606M,5.19
2022-08-01,KBP1607M,4.71
2022-08-01,KBP1608M,6.72
2022-08-01,KBP1609M,5.9
2022-08-01,KBP1610M,7.68
2022-08-01,KBP1611M,8.06
2022-08-01,KBP1612M,8.86
2022-08-01,KBP1613M,1.37
2022-08-01,KBP1614M,4.71
2022-08-01,KBP1615M,3.01
2022-08-01,KBP1616M,5.22
2022-08-01,KBP1617M,5.61
2022-08-01,KBP1618M,5.48
2022-08-01,KBP1619M,6.24
2022-08-01,KBP1620M,6.29
2022-08-01,KBP1621M,7.02
2022-08-01,KBP1622M,7.07
2022-08-01,KBP1623M,8.22
2022-08-01,KBP1624M,5.97
2022-08-01,KBP1625M,5.32
2022-08-01,KBP1485M,5.5
2022-09-01,KBP1600M,2.98
2022-09-01,KBP1601M,5.35
2022-09-01,KBP1602M,5.73
2022-09-01,KBP1603M,5.44
2022-09-01,KBP1604M,2.09
2022-09-01,KBP1605M,4.7
2022-09-01,KBP1606M,5.93
2022-09-01,KBP1607M,5.25
2022-09-01,KBP1608M,6.63
2022-09-01,KBP1609M,6.1
2022-09-01,KBP1610M,7.65
2022-09-01,KBP1611M,8.03
2022-09-01,KBP1612M,8.88
2022-09-01,KBP1613M,1.55
2022-09-01,KBP1614M,5.03
2022-09-01,KBP1615M,3.31
2022-09-01,KBP1616M,5.76
2022-09-01,KBP1617M,6.3
2022-09-01,KBP1618M,5.59
2022-09-01,KBP1619M,6.67
2022-09-01,KBP1620M,6.63
2022-09-01,KBP1621M,7.27
2022-09-01,KBP1622M,7.55
2022-09-01,KBP1623M,8.34
2022-09-01,KBP1624M,6.2
2022-09-01,KBP1625M,5.67
2022-09-01,KBP1485M,6.25
2022-10-01,KBP1600M,3.18
2022-10-01,KBP1601M,5.99
2022-10-01,KBP1602M,6.0
2022-10-01,KBP1603M,5.78
2022-10-01,KBP1604M,2.35
2022-10-01,KBP1605M,5.94
2022-10-01,KBP1606M,6.21
2022-10-01,KBP1607M,5.24
2022-10-01,KBP1608M,6.99
2022-10-01,KBP1609M,6.46
2022-10-01,KBP1610M,7.66
2022-10-01,KBP1611M,8.3
2022-10-01,KBP1612M,8.94
2022-10-01,KBP1613M,1.45
2022-10-01,KBP1614M,5.61
2022-10-01,KBP1615M,3.49
2022-10-01,KBP1616M,6.01
2022-10-01,KBP1617M,6.43
2022-10-01,KBP1618M,5.81
2022-10-01,KBP1619M,6.91
2022-10-01,KBP1620M,6.84
2022-10-01,KBP1621M,7.41
2022-10-01,KBP1622M,7.79
2022-10-01,KBP1623M,8.51
2022-10-01,KBP1624M,6.38
2022-10-01,KBP1625M,5.87
2022-10-01,KBP1485M,6.25
2022-11-01,KBP1600M,3.39
2022-11-01,KBP1601M,6.4
2022-11-01,KBP1602M,6.19
2022-11-01,KBP1603M,6.08
2022-11-01,KBP1604M,2.6
2022-11-01,KBP1605M,6.33
2022-11-01,KBP1606M,6.87
2022-11-01,KBP1607M,5.62
2022-11-01,KBP1608M,7.03
2022-11-01,KBP1609M,6.69
2022-11-01,KBP1610M,7.52
2022-11-01,KBP1611M,8.27
2022-11-01,KBP1612M,9.0
2022-11-01,KBP1613M,1.53
2022-11-01,KBP1614M,5.9
2022-11-01,KBP1615M,3.68
2022-11-01,KBP1616M,6.44
2022-11-01,KBP1617M,7.06
2022-11-01,KBP1618M,6.13
2022-11-01,KBP1619M,7.22
2022-11-01,KBP1620M,7.16
2022-11-01,KBP1621M,7.59
2022-11-01,KBP1622M,8.06
2022-11-01,KBP1623M,8.75
2022-11-01,KBP1624M,6.59
2022-11-01,KBP1625M,6.17
2022-11-01,KBP1485M,7.0
2022-12-01,KBP1600M,3.48
2022-12-01,KBP1601M,6.64
2022-12-01,KBP1602M,6.57
2022-12-01,KBP1603M,6.32
2022-12-01,KBP1604M,2.57
2022-12-01,KBP1605M,6.76
2022-12-01,KBP1606M,6.92
2022-12-01,KBP1607M,5.76
2022-12-01,KBP1608M,7.32
2022-12-01,KBP1609M,7.03
2022-12-01,KBP1610M,7.71
2022-12-01,KBP1611M,8.52
2022-12-01,KBP1612M,9.09
2022-12-01,KBP1613M,1.64
2022-12-01,KBP1614M,6.21
2022-12-01,KBP1615M,3.8
2022-12-01,KBP1616M,6.75
2022-12-01,KBP1617M,7.23
2022-12-01,KBP1618M,6.27
2022-12-01,KBP1619M,7.61
2022-12-01,KBP1620M,7.37
2022-12-01,KBP1621M,7.83
2022-12-01,KBP1622M,8.28
2022-12-01,KBP1623M,8.8
2022-12-01,KBP1624M,6.93
2022-12-01,KBP1625M,6.42
2022-12-01,KBP1485M,7.0
2023-01-01,KBP1600M,3.98
2023-01-01,KBP1601M,6.92
2023-01-01,KBP1602M,6.67
2023-01-01,KBP1603M,6.56
2023-01-01,KBP1604M,2.65
2023-01-01,KBP1605M,6.92
2023-01-01,KBP1606M,7.18
2023-01-01,KBP1607M,6.04
2023-01-01,KBP1608M,7.36
2023-01-01,KBP1609M,7.25
2023-01-01,KBP1610M,7.77
2023-01-01,KBP1611M,8.62
2023-01-01,KBP1612M,9.11
2023-01-01,KBP1613M,1.72
2023-01-01,KBP1614M,6.35
2023-01-01,KBP1615M,4.45
2023-01-01,KBP1616M,6.91
2023-01-01,KBP1617M,7.43
2023-01-01,KBP1618M,7.09
2023-01-01,KBP1619M,7.8
2023-01-01,KBP1620M,7.56
2023-01-01,KBP1621M,7.9
2023-01-01,KBP1622M,8.4
2023-01-01,KBP1623M,8.91
2023-01-01,KBP1624M,7.06
2023-01-01,KBP1625M,6.69
2023-01-01,KBP1485M,7.25
2023-02-01,KBP1600M,4.06
2023-02-01,KBP1601M,7.01
2023-02-01,KBP1602M,6.8
2023-02-01,KBP1603M,6.65
2023-02-01,KBP1604M,2.69
2023-02-01,KBP1605M,7.0
2023-02-01,KBP1606M,7.2
2023-02-01,KBP1607M,6.13
2023-02-01,KBP1608M,7.52
2023-02-01,KBP1609M,7.41
2023-02-01,KBP1610M,7.89
2023-02-01,KBP1611M,8.74
2023-02-01,KBP1612M,9.15
2023-02-01,KBP1613M,1.79
2023-02-01,KBP1614M,6.44
2023-02-01,KBP1615M,4.54
2023-02-01,KBP1616M,7.02
2023-02-01,KBP1617M,7.46
2023-02-01,KBP1618M,7.21
2023-02-01,KBP1619M,7.81
2023-02-01,KBP1620M,7.66
2023-02-01,KBP1621M,8.0
2023-02-01,KBP1622M,8.45
2023-02-01,KBP1623M,9.07
2023-02-01,KBP1624M,7.21
2023-02-01,KBP1625M,6.8
2023-02-01,KBP1485M,7.25
2023-03-01,KBP1600M,4.23
2023-03-01,KBP1601M,7.21
2023-03-01,KBP1602M,6.93
2023-03-01,KBP1603M,6.82
2023-03-01,KBP1604M,2.78
2023-03-01,KBP1605M,7.16
2023-03-01,KBP1606M,7.37
2023-03-01,KBP1607M,6.55
2023-03-01,KBP1608M,7.5
2023-03-01,KBP1609M,7.55
2023-03-01,KBP1610M,7.98
2023-03-01,KBP1611M,8.78
2023-03-01,KBP1612M,9.18
2023-03-01,KBP1613M,1.78
2023-03-01,KBP1614M,6.58
2023-03-01,KBP1615M,4.76
2023-03-01,KBP1616M,7.25
2023-03-01,KBP1617M,7.8
2023-03-01,KBP1618M,7.69
2023-03-01,KBP1619M,7.94
2023-03-01,KBP1620M,7.88
2023-03-01,KBP1621M,8.1
2023-03-01,KBP1622M,8.73
2023-03-01,KBP1623M,9.11
2023-03-01,KBP1624M,7.33
2023-03-01,KBP1625M,6.98
2023-03-01,KBP1485M,7.75
2023-04-01,KBP1600M,4.33
2023-04-01,KBP1601M,7.45
2023-04-01,KBP1602M,7.07
2023-04-01,KBP1603M,6.98
2023-04-01,KBP1604M,2.78
2023-04-01,KBP1605M,7.46
2023-04-01,KBP1606M,7.65
2023-04-01,KBP1607M,6.56
2023-04-01,KBP1608M,7.55
2023-04-01,KBP1609M,7.66
2023-04-01,KBP1610M,8.07
2023-04-01,KBP1611M,8.85
2023-04-01,KBP1612M,9.21
2023-04-01,KBP1613M,2.04
2023-04-01,KBP1614M,6.74
2023-04-01,KBP1615M,4.83
2023-04-01,KBP1616M,7.45
2023-04-01,KBP1617M,7.94
2023-04-01,KBP1618M,7.62
2023-04-01,KBP1619M,8.26
2023-04-01,KBP1620M,8.13
2023-04-01,KBP1621M,8.22
2023-04-01,KBP1622M,8.87
2023-04-01,KBP1623M,9.17
2023-04-01,KBP1624M,7.51
2023-04-01,KBP1625M,7.13
2023-04-01,KBP1485M,7.75
2023-05-01,KBP1600M,4.53
2023-05-01,KBP1601M,7.75
2023-05-01,KBP1602M,7.43
2023-05-01,KBP1603M,7.31
2023-05-01,KBP1604M,2.99
2023-05-01,KBP1605M,7.73
2023-05-01,KBP1606M,8.11
2023-05-01,KBP1607M,6.94
2023-05-01,KBP1608M,8.09
2023-05-01,KBP1609M,7.91
2023-05-01,KBP1610M,8.31
2023-05-01,KBP1611M,9.12
2023-05-01,KBP1612M,9.27
2023-05-01,KBP1613M,2.22
2023-05-01,KBP1614M,7.06
2023-05-01,KBP1615M,5.06
2023-05-01,KBP1616M,7.76
2023-05-01,KBP1617M,8.36
2023-05-01,KBP1618M,8.03
2023-05-01,KBP1619M,8.55
2023-05-01,KBP1620M,8.38
2023-05-01,KBP1621M,8.32
2023-05-01,KBP1622M,9.17
2023-05-01,KBP1623M,9.45
2023-05-01,KBP1624M,7.85
2023-05-01,KBP1625M,7.47
2023-05-01,KBP1485M,8.25
2023-06-01,KBP1600M,4.69
2023-06-01,KBP1601M,7.89
2023-06-01,KBP1602M,7.55
2023-06-01,KBP1603M,7.43
2023-06-01,KBP1604M,3.0
2023-06-01,KBP1605M,7.85
2023-06-01,KBP1606M,8.13
2023-06-01,KBP1607M,6.97
2023-06-01,KBP1608M,8.23
2023-06-01,KBP1609M,8.08
2023-06-01,KBP1610M,8.46
2023-06-01,KBP1611M,9.26
2023-06-01,KBP1612M,9.31
2023-06-01,KBP1613M,2.99
2023-06-01,KBP1614M,7.16
2023-06-01,KBP1615M,5.25
2023-06-01,KBP1616M,7.9
2023-06-01,KBP1617M,8.4
2023-06-01,KBP1618M,8.1
2023-06-01,KBP1619M,8.76
2023-06-01,KBP1620M,8.51
2023-06-01,KBP1621M,8.3
2023-06-01,KBP1622M,9.16
2023-06-01,KBP1623M,9.53
2023-06-01,KBP1624M,7.98
2023-06-01,KBP1625M,7.58
2023-06-01,KBP1485M,8.25
2023-07-01,KBP1600M,4.71
2023-07-01,KBP1601M,7.94
2023-07-01,KBP1602M,7.77
2023-07-01,KBP1603M,7.56
2023-07-01,KBP1604M,3.19
2023-07-01,KBP1605M,7.86
2023-07-01,KBP1606M,8.13
2023-07-01,KBP1607M,6.96
2023-07-01,KBP1608M,8.32
2023-07-01,KBP1609M,8.37
2023-07-01,KBP1610M,8.58
2023-07-01,KBP1611M,9.31
2023-07-01,KBP1612M,9.35
2023-07-01,KBP1613M,2.43
2023-07-01,KBP1614M,7.27
2023-07-01,KBP1615M,5.23
2023-07-01,KBP1616M,7.98
2023-07-01,KBP1617M,8.39
2023-07-01,KBP1618M,8.12
2023-07-01,KBP1619M,8.77
2023-07-01,KBP1620M,8.62
2023-07-01,KBP1621M,8.32
2023-07-01,KBP1622M,9.18
2023-07-01,KBP1623M,10.22
2023-07-01,KBP1624M,8.19
2023-07-01,KBP1625M,7.71
2023-07-01,KBP1485M,8.25
2023-08-01,KBP1600M,4.65
2023-08-01,KBP1601M,7.96
2023-08-01,KBP1602M,7.72
2023-08-01,KBP1603M,7.56
2023-08-01,KBP1604M,3.18
2023-08-01,KBP1605M,7.87
2023-08-01,KBP1606M,8.13
2023-08-01,KBP1607M,7.19
2023-08-01,KBP1608M,8.29
2023-08-01,KBP1609M,8.5
2023-08-01,KBP1610M,8.68
2023-08-01,KBP1611M,9.41
2023-08-01,KBP1612M,9.46
2023-08-01,KBP1613M,2.41
2023-08-01,KBP1614M,7.32
2023-08-01,KBP1615M,5.13
2023-08-01,KBP1616M,7.99
2023-08-01,KBP1617M,8.38
2023-08-01,KBP1618M,8.17
2023-08-01,KBP1619M,8.61
2023-08-01,KBP1620M,8.7
2023-08-01,KBP1621M,8.32
2023-08-01,KBP1622M,9.17
2023-08-01,KBP1623M,10.2
2023-08-01,KBP1624M,8.15
2023-08-01,KBP1625M,7.7
2023-08-01,KBP1485M,8.25
2023-09-01,KBP1600M,4.66
2023-09-01,KBP1601M,7.96
2023-09-01,KBP1602M,7.71
2023-09-01,KBP1603M,7.54
2023-09-01,KBP1604M,3.18
2023-09-01,KBP1605M,7.85
2023-09-01,KBP1606M,8.13
2023-09-01,KBP1607M,7.25
2023-09-01,KBP1608M,8.3
2023-09-01,KBP1609M,8.55
2023-09-01,KBP1610M,8.75
2023-09-01,KBP1611M,9.43
2023-09-01,KBP1612M,9.41
2023-09-01,KBP1613M,2.36
2023-09-01,KBP1614M,7.3
2023-09-01,KBP1615M,5.11
2023-09-01,KBP1616M,7.99
2023-09-01,KBP1617M,8.39
2023-09-01,KBP1618M,8.19
2023-09-01,KBP1619M,8.59
2023-09-01,KBP1620M,8.71
2023-09-01,KBP1621M,8.4
2023-09-01,KBP1622M,9.24
2023-09-01,KBP1623M,10.19
2023-09-01,KBP1624M,8.18
2023-09-01,KBP1625M,7.68
2023-09-01,KBP1485M,8.25
2023-10-01,KBP1600M,4.65
2023-10-01,KBP1601M,8.0
2023-10-01,KBP1602M,7.74
2023-10-01,KBP1603M,7.58
2023-10-01,KBP1604M,3.16
2023-10-01,KBP1605M,7.89
2023-10-01,KBP1606M,8.14
2023-10-01,KBP1607M,7.33
2023-10-01,KBP1608M,8.31
2023-10-01,KBP1609M,8.61
2023-10-01,KBP1610M,8.79
2023-10-01,KBP1611M,9.46
2023-10-01,KBP1612M,9.43
2023-10-01,KBP1613M,2.42
2023-10-01,KBP1614M,7.33
2023-10-01,KBP1615M,5.13
2023-10-01,KBP1616M,8.03
2023-10-01,KBP1617M,8.39
2023-10-01,KBP1618M,8.2
2023-10-01,KBP1619M,8.64
2023-10-01,KBP1620M,8.77
2023-10-01,KBP1621M,8.44
2023-10-01,KBP1622M,9.24
2023-10-01,KBP1623M,10.21
2023-10-01,KBP1624M,8.21
2023-10-01,KBP1625M,7.72
2023-10-01,KBP1485M,8.25
2023-11-01,KBP1600M,4.62
2023-11-01,KBP1601M,8.01
2023-11-01,KBP1602M,7.7
2023-11-01,KBP1603M,7.55
2023-11-01,KBP1604M,3.18
2023-11-01,KBP1605M,7.94
2023-11-01,KBP1606M,8.15
2023-11-01,KBP1607M,7.44
2023-11-01,KBP1608M,8.33
2023-11-01,KBP1609M,8.65
2023-11-01,KBP1610M,8.86
2023-11-01,KBP1611M,9.48
2023-11-01,KBP1612M,9.45
2023-11-01,KBP1613M,2.42
2023-11-01,KBP1614M,7.34
2023-11-01,KBP1615M,5.07
2023-11-01,KBP1616M,8.03
2023-11-01,KBP1617M,8.4
2023-11-01,KBP1618M,8.24
2023-11-01,KBP1619M,8.65
2023-11-01,KBP1620M,8.75
2023-11-01,KBP1621M,8.45
2023-11-01,KBP1622M,9.27
2023-11-01,KBP1623M,10.29
2023-11-01,KBP1624M,8.16
2023-11-01,KBP1625M,7.67
2023-11-01,KBP1485M,8.25
2023-12-01,KBP1600M,4.64
2023-12-01,KBP1601M,8.01
2023-12-01,KBP1602M,7.75
2023-12-01,KBP1603M,7.58
2023-12-01,KBP1604M,3.1
2023-12-01,KBP1605M,7.92
2023-12-01,KBP1606M,8.12
2023-12-01,KBP1607M,7.46
2023-12-01,KBP1608M,8.36
2023-12-01,KBP1609M,8.68
2023-12-01,KBP1610M,8.88
2023-12-01,KBP1611M,9.49
2023-12-01,KBP1612M,9.46
2023-12-01,KBP1613M,2.41
2023-12-01,KBP1614M,7.43
2023-12-01,KBP1615M,5.11
2023-12-01,KBP1616M,8.03
2023-12-01,KBP1617M,8.4
2023-12-01,KBP1618M,8.29
2023-12-01,KBP1619M,8.69
2023-12-01,KBP1620M,8.79
2023-12-01,KBP1621M,8.51
2023-12-01,KBP1622M,9.34
2023-12-01,KBP1623M,10.32
2023-12-01,KBP1624M,8.15
2023-12-01,KBP1625M,7.67
2023-12-01,KBP1485M,8.25
2024-01-01,KBP1600M,4.64
2024-01-01,KBP1601M,8.02
2024-01-01,KBP1602M,7.71
2024-01-01,KBP1603M,7.59
2024-01-01,KBP1604M,3.17
2024-01-01,KBP1605M,8.0
2024-01-01,KBP1606M,8.16
2024-01-01,KBP1607M,7.47
2024-01-01,KBP1608M,8.37
2024-01-01,KBP1609M,8.72
2024-01-01,KBP1610M,8.92
2024-01-01,KBP1611M,9.51
2024-01-01,KBP1612M,9.51
2024-01-01,KBP1613M,2.51
2024-01-01,KBP1614M,7.41
2024-01-01,KBP1615M,5.11
2024-01-01,KBP1616M,8.05
2024-01-01,KBP1617M,8.4
2024-01-01,KBP1618M,8.58
2024-01-01,KBP1619M,8.67
2024-01-01,KBP1620M,8.92
2024-01-01,KBP1621M,8.54
2024-01-01,KBP1622M,9.44
2024-01-01,KBP1623M,10.31
2024-01-01,KBP1624M,8.15
2024-01-01,KBP1625M,7.73
2024-01-01,KBP1485M,8.25
2024-02-01,KBP1600M,4.64
2024-02-01,KBP1601M,8.03
2024-02-01,KBP1602M,7.72
2024-02-01,KBP1603M,7.6
2024-02-01,KBP1604M,3.17
2024-02-01,KBP1605M,8.0
2024-02-01,KBP1606M,8.16
2024-02-01,KBP1607M,7.53
2024-02-01,KBP1608M,8.36
2024-02-01,KBP1609M,8.72
2024-02-01,KBP1610M,8.94
2024-02-01,KBP1611M,9.5
2024-02-01,KBP1612M,9.48
2024-02-01,KBP1613M,2.56
2024-02-01,KBP1614M,7.41
2024-02-01,KBP1615M,5.11
2024-02-01,KBP1616M,8.05
2024-02-01,KBP1617M,8.4
2024-02-01,KBP1618M,8.57
2024-02-01,KBP1619M,8.66
2024-02-01,KBP1620M,8.8
2024-02-01,KBP1621M,8.51
2024-02-01,KBP1622M,9.43
2024-02-01,KBP1623M,10.34
2024-02-01,KBP1624M,8.18
2024-02-01,KBP1625M,7.72
2024-02-01,KBP1485M,8.25
2024-03-01,KBP1600M,4.62
2024-03-01,KBP1601M,8.03
2024-03-01,KBP1602M,7.69
2024-03-01,KBP1603M,7.58
2024-03-01,KBP1604M,3.18
2024-03-01,KBP1605M,8.01
2024-03-01,KBP1606M,8.15
2024-03-01,KBP1607M,7.55
2024-03-01,KBP1608M,8.38
2024-03-01,KBP1609M,8.73
2024-03-01,KBP1610M,8.98
2024-03-01,KBP1611M,9.52
2024-03-01,KBP1612M,9.49
2024-03-01,KBP1613M,2.53
2024-03-01,KBP1614M,7.42
2024-03-01,KBP1615M,5.07
2024-03-01,KBP1616M,8.04
2024-03-01,KBP1617M,8.42
2024-03-01,KBP1618M,8.56
2024-03-01,KBP1619M,8.66
2024-03-01,KBP1620M,8.8
2024-03-01,KBP1621M,8.59
2024-03-01,KBP1622M,9.48
2024-03-01,KBP1623M,10.31
2024-03-01,KBP1624M,8.15
2024-03-01,KBP1625M,7.68
2024-03-01,KBP1485M,8.25
2024-04-01,KBP1600M,4.6
2024-04-01,KBP1601M,7.99
2024-04-01,KBP1602M,7.69
2024-04-01,KBP1603M,7.58
2024-04-01,KBP1604M,3.12
2024-04-01,KBP1605M,7.97
2024-04-01,KBP1606M,8.17
2024-04-01,KBP1607M,7.63
2024-04-01,KBP1608M,8.38
2024-04-01,KBP1609M,8.75
2024-04-01,KBP1610M,9.03
2024-04-01,KBP1611M,9.54
2024-04-01,KBP1612M,9.5
2024-04-01,KBP1613M,2.61
2024-04-01,KBP1614M,7.4
2024-04-01,KBP1615M,5.08
2024-04-01,KBP1616M,8.01
2024-04-01,KBP1617M,8.42
2024-04-01,KBP1618M,8.55
2024-04-01,KBP1619M,8.65
2024-04-01,KBP1620M,8.82
2024-04-01,KBP1621M,9.2
2024-04-01,KBP1622M,9.5
2024-04-01,KBP1623M,10.53
2024-04-01,KBP1624M,8.15
2024-04-01,KBP1625M,7.71
2024-04-01,KBP1485M,8.25
2024-05-01,KBP1600M,4.66
2024-05-01,KBP1601M,8.0
2024-05-01,KBP1602M,7.69
2024-05-01,KBP1603M,7.61
2024-05-01,KBP1604M,3.21
2024-05-01,KBP1605M,7.96
2024-05-01,KBP1606M,8.18
2024-05-01,KBP1607M,8.32
2024-05-01,KBP1608M,8.4
2024-05-01,KBP1609M,8.71
2024-05-01,KBP1610M,9.03
2024-05-01,KBP1611M,9.54
2024-05-01,KBP1612M,9.41
2024-05-01,KBP1613M,2.72
2024-05-01,KBP1614M,7.43
2024-05-01,KBP1615M,5.12
2024-05-01,KBP1616M,8.02
2024-05-01,KBP1617M,8.41
2024-05-01,KBP1618M,8.58
2024-05-01,KBP1619M,8.52
2024-05-01,KBP1620M,8.92
2024-05-01,KBP1621M,9.13
2024-05-01,KBP1622M,9.49
2024-05-01,KBP1623M,10.51
2024-05-01,KBP1624M,8.16
2024-05-01,KBP1625M,7.71
2024-05-01,KBP1485M,8.25
2024-06-01,KBP1600M,4.67
2024-06-01,KBP1601M,8.01
2024-06-01,KBP1602M,7.61
2024-06-01,KBP1603M,7.56
2024-06-01,KBP1604M,3.17
2024-06-01,KBP1605M,7.95
2024-06-01,KBP1606M,8.17
2024-06-01,KBP1607M,8.31
2024-06-01,KBP1608M,8.42
2024-06-01,KBP1609M,8.69
2024-06-01,KBP1610M,9.02
2024-06-01,KBP1611M,9.54
2024-06-01,KBP1612M,9.36
2024-06-01,KBP1613M,2.6
2024-06-01,KBP1614M,7.42
2024-06-01,KBP1615M,5.12
2024-06-01,KBP1616M,8.06
2024-06-01,KBP1617M,8.4
2024-06-01,KBP1618M,8.57
2024-06-01,KBP1619M,8.48
2024-06-01,KBP1620M,8.89
2024-06-01,KBP1621M,9.05
2024-06-01,KBP1622M,9.48
2024-06-01,KBP1623M,10.49
2024-06-01,KBP1624M,8.06
2024-06-01,KBP1625M,7.65
2024-06-01,KBP1485M,8.25
2024-07-01,KBP1600M,4.59
2024-07-01,KBP1601M,8.0
2024-07-01,KBP1602M,7.62
2024-07-01,KBP1603M,7.57
2024-07-01,KBP1604M,3.18
2024-07-01,KBP1605M,7.94
2024-07-01,KBP1606M,8.17
2024-07-01,KBP1607M,8.31
2024-07-01,KBP1608M,8.41
2024-07-01,KBP1609M,8.68
2024-07-01,KBP1610M,9.03
2024-07-01,KBP1611M,9.56
2024-07-01,KBP1612M,9.38
2024-07-01,KBP1613M,2.65
2024-07-01,KBP1614M,7.43
2024-07-01,KBP1615M,5.03
2024-07-01,KBP1616M,8.04
2024-07-01,KBP1617M,8.39
2024-07-01,KBP1618M,8.57
2024-07-01,KBP1619M,8.5
2024-07-01,KBP1620M,8.8
2024-07-01,KBP1621M,8.95
2024-07-01,KBP1622M,9.4
2024-07-01,KBP1623M,10.47
2024-07-01,KBP1624M,8.08
2024-07-01,KBP1625M,7.66
2024-07-01,KBP1485M,8.25
2024-08-01,KBP1600M,4.61
2024-08-01,KBP1601M,8.0
2024-08-01,KBP1602M,7.57
2024-08-01,KBP1603M,7.54
2024-08-01,KBP1604M,3.17
2024-08-01,KBP1605M,7.94
2024-08-01,KBP1606M,8.18
2024-08-01,KBP1607M,8.33
2024-08-01,KBP1608M,8.38
2024-08-01,KBP1609M,8.66
2024-08-01,KBP1610M,9.05
2024-08-01,KBP1611M,9.6
2024-08-01,KBP1612M,9.6
2024-08-01,KBP1613M,2.68
2024-08-01,KBP1614M,7.44
2024-08-01,KBP1615M,5.04
2024-08-01,KBP1616M,8.03
2024-08-01,KBP1617M,8.43
2024-08-01,KBP1618M,8.56
2024-08-01,KBP1619M,8.68
2024-08-01,KBP1620M,8.77
2024-08-01,KBP1621M,8.86
2024-08-01,KBP1622M,9.34
2024-08-01,KBP1623M,10.4
2024-08-01,KBP1624M,8.01
2024-08-01,KBP1625M,7.6
2024-08-01,KBP1485M,8.25
2024-09-01,KBP1600M,4.59
2024-09-01,KBP1601M,7.87
2024-09-01,KBP1602M,7.5
2024-09-01,KBP1603M,7.47
2024-09-01,KBP1604M,3.14
2024-09-01,KBP1605M,7.77
2024-09-01,KBP1606M,7.94
2024-09-01,KBP1607M,8.14
2024-09-01,KBP1608M,8.36
2024-09-01,KBP1609M,8.64
2024-09-01,KBP1610M,9.06
2024-09-01,KBP1611M,9.59
2024-09-01,KBP1612M,9.67
2024-09-01,KBP1613M,2.46
2024-09-01,KBP1614M,7.33
2024-09-01,KBP1615M,5.03
2024-09-01,KBP1616M,7.92
2024-09-01,KBP1617M,8.19
2024-09-01,KBP1618M,8.44
2024-09-01,KBP1619M,8.51
2024-09-01,KBP1620M,8.69
2024-09-01,KBP1621M,8.86
2024-09-01,KBP1622M,9.28
2024-09-01,KBP1623M,10.3
2024-09-01,KBP1624M,7.95
2024-09-01,KBP1625M,7.55
2024-09-01,KBP1485M,8.0
2024-10-01,KBP1600M,4.55
2024-10-01,KBP1601M,7.78
2024-10-01,KBP1602M,7.49
2024-10-01,KBP1603M,7.42
2024-10-01,KBP1604M,3.12
2024-10-01,KBP1605M,7.74
2024-10-01,KBP1606M,7.91
2024-10-01,KBP1607M,7.96
2024-10-01,KBP1608M,8.37
2024-10-01,KBP1609M,8.61
2024-10-01,KBP1610M,9.06
2024-10-01,KBP1611M,9.59
2024-10-01,KBP1612M,9.64
2024-10-01,KBP1613M,2.43
2024-10-01,KBP1614M,7.3
2024-10-01,KBP1615M,4.98
2024-10-01,KBP1616M,7.81
2024-10-01,KBP1617M,8.18
2024-10-01,KBP1618M,8.4
2024-10-01,KBP1619M,8.46
2024-10-01,KBP1620M,8.58
2024-10-01,KBP1621M,8.91
2024-10-01,KBP1622M,9.29
2024-10-01,KBP1623M,10.29
2024-10-01,KBP1624M,7.95
2024-10-01,KBP1625M,7.5
2024-10-01,KBP1485M,8.0
2024-11-01,KBP1600M,4.52
2024-11-01,KBP1601M,7.65
2024-11-01,KBP1602M,7.4
2024-11-01,KBP1603M,7.31
2024-11-01,KBP1604M,3.06
2024-11-01,KBP1605M,7.6
2024-11-01,KBP1606M,7.68
2024-11-01,KBP1607M,7.91
2024-11-01,KBP1608M,8.38
2024-11-01,KBP1609M,8.58
2024-11-01,KBP1610M,9.07
2024-11-01,KBP1611M,9.59
2024-11-01,KBP1612M,9.64
2024-11-01,KBP1613M,2.36
2024-11-01,KBP1614M,7.19
2024-11-01,KBP1615M,4.96
2024-11-01,KBP1616M,7.69
2024-11-01,KBP1617M,7.93
2024-11-01,KBP1618M,8.29
2024-11-01,KBP1619M,8.52
2024-11-01,KBP1620M,8.45
2024-11-01,KBP1621M,8.8
2024-11-01,KBP1622M,9.2
2024-11-01,KBP1623M,10.09
2024-11-01,KBP1624M,7.86
2024-11-01,KBP1625M,7.38
2024-11-01,KBP1485M,7.75
2024-12-01,KBP1600M,4.46
2024-12-01,KBP1601M,7.57
2024-12-01,KBP1602M,7.37
2024-12-01,KBP1603M,7.27
2024-12-01,KBP1604M,2.99
2024-12-01,KBP1605M,7.51
2024-12-01,KBP1606M,7.67
2024-12-01,KBP1607M,7.85
2024-12-01,KBP1608M,8.4
2024-12-01,KBP1609M,8.54
2024-12-01,KBP1610M,9.07
2024-12-01,KBP1611M,9.58
2024-12-01,KBP1612M,9.67
2024-12-01,KBP1613M,2.43
2024-12-01,KBP1614M,7.18
2024-12-01,KBP1615M,4.89
2024-12-01,KBP1616M,7.61
2024-12-01,KBP1617M,7.92
2024-12-01,KBP1618M,8.17
2024-12-01,KBP1619M,8.39
2024-12-01,KBP1620M,8.41
2024-12-01,KBP1621M,8.69
2024-12-01,KBP1622M,9.19
2024-12-01,KBP1623M,10.04
2024-12-01,KBP1624M,7.8
2024-12-01,KBP1625M,7.32
2024-12-01,KBP1485M,7.75
2025-01-01,KBP1600M,4.37
2025-01-01,KBP1601M,7.41
2025-01-01,KBP1602M,7.27
2025-01-01,KBP1603M,7.17
2025-01-01,KBP1604M,2.99
2025-01-01,KBP1605M,7.36
2025-01-01,KBP1606M,7.57
2025-01-01,KBP1607M,7.64
2025-01-01,KBP1608M,8.4
2025-01-01,KBP1609M,8.47
2025-01-01,KBP1610M,9.06
2025-01-01,KBP1611M,9.57
2025-01-01,KBP1612M,9.67
2025-01-01,KBP1613M,2.42
2025-01-01,KBP1614M,7.09
2025-01-01,KBP1615M,4.78
2025-01-01,KBP1616M,7.44
2025-01-01,KBP1617M,7.75
2025-01-01,KBP1618M,8.13
2025-01-01,KBP1619M,8.13
2025-01-01,KBP1620M,8.33
2025-01-01,KBP1621M,8.64
2025-01-01,KBP1622M,9.2
2025-01-01,KBP1623M,9.99
2025-01-01,KBP1624M,7.68
2025-01-01,KBP1625M,7.2
2025-01-01,KBP1485M,7.5
2025-02-01,KBP1600M,4.33
2025-02-01,KBP1601M,7.38
2025-02-01,KBP1602M,7.06
2025-02-01,KBP1603M,7.07
2025-02-01,KBP1604M,3.0
2025-02-01,KBP1605M,7.32
2025-02-01,KBP1606M,7.44
2025-02-01,KBP1607M,7.62
2025-02-01,KBP1608M,8.42
2025-02-01,KBP1609M,8.42
2025-02-01,KBP1610M,9.06
2025-02-01,KBP1611M,9.57
2025-02-01,KBP1612M,9.67
2025-02-01,KBP1613M,2.38
2025-02-01,KBP1614M,6.99
2025-02-01,KBP1615M,4.74
2025-02-01,KBP1616M,7.42
2025-02-01,KBP1617M,7.7
2025-02-01,KBP1618M,8.1
2025-02-01,KBP1619M,8.12
2025-02-01,KBP1620M,8.23
2025-02-01,KBP1621M,8.58
2025-02-01,KBP1622M,9.12
2025-02-01,KBP1623M,9.83
2025-02-01,KBP1624M,7.5
2025-02-01,KBP1625M,7.11
2025-02-01,KBP1485M,7.5
2025-03-01,KBP1600M,4.34
2025-03-01,KBP1601M,7.35
2025-03-01,KBP1602M,7.07
2025-03-01,KBP1603M,7.04
2025-03-01,KBP1604M,3.07
2025-03-01,KBP1605M,7.29
2025-03-01,KBP1606M,7.41
2025-03-01,KBP1607M,7.54
2025-03-01,KBP1608M,8.45
2025-03-01,KBP1609M,8.36
2025-03-01,KBP1610M,9.06
2025-03-01,KBP1611M,9.58
2025-03-01,KBP1612M,9.68
2025-03-01,KBP1613M,2.35
2025-03-01,KBP1614M,7.0
2025-03-01,KBP1615M,4.72
2025-03-01,KBP1616M,7.4
2025-03-01,KBP1617M,7.68
2025-03-01,KBP1618M,8.04
2025-03-01,KBP1619M,7.96
2025-03-01,KBP1620M,8.16
2025-03-01,KBP1621M,8.53
2025-03-01,KBP1622M,9.08
2025-03-01,KBP1623M,9.82
2025-03-01,KBP1624M,7.47
2025-03-01,KBP1625M,7.06
2025-03-01,KBP1485M,7.5
2025-04-01,KBP1600M,4.37
2025-04-01,KBP1601M,7.32
2025-04-01,KBP1602M,7.04
2025-04-01,KBP1603M,7.02
2025-04-01,KBP1604M,3.04
2025-04-01,KBP1605M,7.25
2025-04-01,KBP1606M,7.41
2025-04-01,KBP1607M,7.59
2025-04-01,KBP1608M,8.47
2025-04-01,KBP1609M,8.31
2025-04-01,KBP1610M,9.03
2025-04-01,KBP1611M,9.56
2025-04-01,KBP1612M,9.67
2025-04-01,KBP1613M,2.38
2025-04-01,KBP1614M,6.99
2025-04-01,KBP1615M,4.77
2025-04-01,KBP1616M,7.37
2025-04-01,KBP1617M,7.68
2025-04-01,KBP1618M,7.9
2025-04-01,KBP1619M,7.89
2025-04-01,KBP1620M,8.1
2025-04-01,KBP1621M,8.43
2025-04-01,KBP1622M,9.06
2025-04-01,KBP1623M,9.78
2025-04-01,KBP1624M,7.44
2025-04-01,KBP1625M,7.04
2025-04-01,KBP1485M,7.5
2025-05-01,KBP1600M,4.62
2025-05-01,KBP1601M,7.19
2025-05-01,KBP1602M,6.92
2025-05-01,KBP1603M,6.95
2025-05-01,KBP1604M,3.0
2025-05-01,KBP1605M,7.08
2025-05-01,KBP1606M,7.18
2025-05-01,KBP1607M,7.36
2025-05-01,KBP1608M,8.48
2025-05-01,KBP1609M,8.21
2025-05-01,KBP1610M,8.99
2025-05-01,KBP1611M,9.56
2025-05-01,KBP1612M,9.67
2025-05-01,KBP1613M,2.34
2025-05-01,KBP1614M,6.89
2025-05-01,KBP1615M,5.07
2025-05-01,KBP1616M,7.24
2025-05-01,KBP1617M,7.49
2025-05-01,KBP1618M,7.79
2025-05-01,KBP1619M,7.75
2025-05-01,KBP1620M,8.01
2025-05-01,KBP1621M,8.28
2025-05-01,KBP1622M,9.11
2025-05-01,KBP1623M,9.74
2025-05-01,KBP1624M,7.28
2025-05-01,KBP1625M,6.97
2025-05-01,KBP1485M,7.25
2025-06-01,KBP1600M,4.67
2025-06-01,KBP1601M,7.11
2025-06-01,KBP1602M,6.86
2025-06-01,KBP1603M,6.9
2025-06-01,KBP1604M,2.99
2025-06-01,KBP1605M,6.99
2025-06-01,KBP1606M,7.18
2025-06-01,KBP1607M,7.35
2025-06-01,KBP1608M,8.49
2025-06-01,KBP1609M,8.16
2025-06-01,KBP1610M,8.97
2025-06-01,KBP1611M,9.56
2025-06-01,KBP1612M,9.67
2025-06-01,KBP1613M,2.37
2025-06-01,KBP1614M,6.84
2025-06-01,KBP1615M,5.16
2025-06-01,KBP1616M,7.18
2025-06-01,KBP1617M,7.47
2025-06-01,KBP1618M,7.44
2025-06-01,KBP1619M,7.78
2025-06-01,KBP1620M,7.93
2025-06-01,KBP1621M,8.3
2025-06-01,KBP1622M,8.99
2025-06-01,KBP1623M,9.65
2025-06-01,KBP1624M,7.2
2025-06-01,KBP1625M,6.93
2025-06-01,KBP1485M,7.25
2025-07-01,KBP1600M,4.58
2025-07-01,KBP1601M,7.07
2025-07-01,KBP1602M,6.73
2025-07-01,KBP1603M,6.84
2025-07-01,KBP1604M,2.96
2025-07-01,KBP1605M,6.98
2025-07-01,KBP1606M,7.13
2025-07-01,KBP1607M,7.34
2025-07-01,KBP1608M,8.52
2025-07-01,KBP1609M,8.1
2025-07-01,KBP1610M,8.93
2025-07-01,KBP1611M,9.56
2025-07-01,KBP1612M,9.66
2025-07-01,KBP1613M,2.32
2025-07-01,KBP1614M,6.83
2025-07-01,KBP1615M,5.06
2025-07-01,KBP1616M,7.13
2025-07-01,KBP1617M,7.44
2025-07-01,KBP1618M,7.38
2025-07-01,KBP1619M,7.75
2025-07-01,KBP1620M,7.83
2025-07-01,KBP1621M,8.22
2025-07-01,KBP1622M,8.89
2025-07-01,KBP1623M,9.64
2025-07-01,KBP1624M,7.02
2025-07-01,KBP1625M,6.85
2025-07-01,KBP1485M,7.25
2025-08-01,KBP1600M,4.37
2025-08-01,KBP1601M,6.9
2025-08-01,KBP1602M,6.64
2025-08-01,KBP1603M,6.68
2025-08-01,KBP1604M,2.87
2025-08-01,KBP1605M,6.74
2025-08-01,KBP1606M,6.9
2025-08-01,KBP1607M,7.1
2025-08-01,KBP1608M,8.51
2025-08-01,KBP1609M,8.04
2025-08-01,KBP1610M,8.9
2025-08-01,KBP1611M,9.56
2025-08-01,KBP1612M,9.68
2025-08-01,KBP1613M,2.29
2025-08-01,KBP1614M,6.7
2025-08-01,KBP1615M,4.77
2025-08-01,KBP1616M,7.0
2025-08-01,KBP1617M,7.21
2025-08-01,KBP1618M,7.4
2025-08-01,KBP1619M,7.57
2025-08-01,KBP1620M,7.71
2025-08-01,KBP1621M,8.05
2025-08-01,KBP1622M,8.8
2025-08-01,KBP1623M,9.54
2025-08-01,KBP1624M,6.91
2025-08-01,KBP1625M,6.65
2025-08-01,KBP1485M,7.0
2025-09-01,KBP1600M,4.63
2025-09-01,KBP1601M,6.89
2025-09-01,KBP1602M,6.52
2025-09-01,KBP1603M,6.68
2025-09-01,KBP1604M,2.97
2025-09-01,KBP1605M,6.75
2025-09-01,KBP1606M,6.9
2025-09-01,KBP1607M,7.11
2025-09-01,KBP1608M,8.53
2025-09-01,KBP1609M,7.99
2025-09-01,KBP1610M,8.86
2025-09-01,KBP1611M,9.56
2025-09-01,KBP1612M,9.66
2025-09-01,KBP1613M,2.27
2025-09-01,KBP1614M,6.68
2025-09-01,KBP1615M,5.11
2025-09-01,KBP1616M,6.99
2025-09-01,KBP1617M,7.21
2025-09-01,KBP1618M,7.26
2025-09-01,KBP1619M,7.08
2025-09-01,KBP1620M,7.65
2025-09-01,KBP1621M,7.97
2025-09-01,KBP1622M,8.72
2025-09-01,KBP1623M,9.39
2025-09-01,KBP1624M,6.76
2025-09-01,KBP1625M,6.69
2025-09-01,KBP1485M,7.0
2025-10-01,KBP1600M,4.46
2025-10-01,KBP1601M,6.84
2025-10-01,KBP1602M,6.51
2025-10-01,KBP1603M,6.63
2025-10-01,KBP1604M,3.03
2025-10-01,KBP1605M,6.73
2025-10-01,KBP1606M,6.89
2025-10-01,KBP1607M,7.11
2025-10-01,KBP1608M,8.38
2025-10-01,KBP1609M,7.94
2025-10-01,KBP1610M,8.84
2025-10-01,KBP1611M,9.57
2025-10-01,KBP1612M,9.66
2025-10-01,KBP1613M,2.26
2025-10-01,KBP1614M,6.67
2025-10-01,KBP1615M,4.87
2025-10-01,KBP1616M,6.91
2025-10-01,KBP1617M,7.2
2025-10-01,KBP1618M,7.23
2025-10-01,KBP1619M,7.05
2025-10-01,KBP1620M,7.58
2025-10-01,KBP1621M,7.96
2025-10-01,KBP1622M,8.68
2025-10-01,KBP1623M,9.27
2025-10-01,KBP1624M,6.76
2025-10-01,KBP1625M,6.6
2025-10-01,KBP1485M,7.0
2025-11-01,KBP1600M,4.49
2025-11-01,KBP1601M,6.68
2025-11-01,KBP1602M,6.54
2025-11-01,KBP1603M,6.56
2025-11-01,KBP1604M,2.96
2025-11-01,KBP1605M,6.61
2025-11-01,KBP1606M,6.67
2025-11-01,KBP1607M,6.96
2025-11-01,KBP1608M,8.39
2025-11-01,KBP1609M,7.91
2025-11-01,KBP1610M,8.78
2025-11-01,KBP1611M,9.57
2025-11-01,KBP1612M,9.66
2025-11-01,KBP1613M,2.13
2025-11-01,KBP1614M,6.56
2025-11-01,KBP1615M,4.9
2025-11-01,KBP1616M,6.72
2025-11-01,KBP1617M,6.96
2025-11-01,KBP1618M,7.18
2025-11-01,KBP1619M,7.03
2025-11-01,KBP1620M,7.5
2025-11-01,KBP1621M,7.74
2025-11-01,KBP1622M,8.37
2025-11-01,KBP1623M,9.21
2025-11-01,KBP1624M,6.83
2025-11-01,KBP1625M,6.55
2025-11-01,KBP1485M,6.75
2025-12-01,KBP1600M,4.61
2025-12-01,KBP1601M,6.56
2025-12-01,KBP1602M,6.59
2025-12-01,KBP1603M,6.55
2025-12-01,KBP1604M,2.95
2025-12-01,KBP1605M,6.5
2025-12-01,KBP1606M,6.65
2025-12-01,KBP1607M,6.88
2025-12-01,KBP1608M,8.56
2025-12-01,KBP1609M,7.83
2025-12-01,KBP1610M,8.74
2025-12-01,KBP1611M,9.57
2025-12-01,KBP1612M,9.63
2025-12-01,KBP1613M,2.19
2025-12-01,KBP1614M,6.55
2025-12-01,KBP1615M,5.05
2025-12-01,KBP1616M,6.6
2025-12-01,KBP1617M,6.97
2025-12-01,KBP1618M,6.93
2025-12-01,KBP1619M,6.91
2025-12-01,KBP1620M,7.38
2025-12-01,KBP1621M,7.68
2025-12-01,KBP1622M,8.31
2025-12-01,KBP1623M,9.18
2025-12-01,KBP1624M,6.84
2025-12-01,KBP1625M,6.54
2025-12-01,KBP1485M,6.75
